"Table_Number","Year","Measure","Age","Sex","Indigenous_Status","Remoteness","Description1","Description2","Description3","Description4","Description5","Description6","Description7","Uncertainty","Data_Source","Unit","NSW","Vic","Qld","WA","SA","Tas","ACT","NT","Total","Aust"
"CtG10A.1","2031","Age-standardised imprisonment rate","18+ years old","All people","Aboriginal and Torres Strait Islander people","All areas","Age-standardised imprisonment rate per 100000 adults at 30 June","","","","","","Trajectory","","Derived from Joint Council National Agreement on Closing the Gap; ABS Prisoners in Australia","rate (AS)","..","..","..","..","..","..","..","..","","1636.6"
"CtG10A.1","2031","Age-standardised imprisonment rate","18+ years old","All people","Aboriginal and Torres Strait Islander people","All areas","Age-standardised imprisonment rate per 100000 adults at 30 June","","","","","","Linear regression estimates","","Derived from ABS Prisoners in Australia","rate (AS)","2189.2","1335.0","2918.0","5037.8","2801.4","1120.2","1901.6","5355.9","","2939.1"
"CtG10A.1","2031","Age-standardised imprisonment rate","18+ years old","All people","Aboriginal and Torres Strait Islander people","All areas","Age-standardised imprisonment rate per 100000 adults at 30 June","","","","","","Linear regression estimates","95%CI","Derived from ABS Prisoners in Australia","rate (AS)","485.5","690.1","298.9","1576.4","497.7","275.8","808.2","1133.1","","537.0"
"CtG10A.1","2030","Age-standardised imprisonment rate","18+ years old","All people","Aboriginal and Torres Strait Islander people","All areas","Age-standardised imprisonment rate per 100000 adults at 30 June","","","","","","Trajectory","","Derived from Joint Council National Agreement on Closing the Gap; ABS Prisoners in Australia","rate (AS)","..","..","..","..","..","..","..","..","","1660.7"
"CtG10A.1","2030","Age-standardised imprisonment rate","18+ years old","All people","Aboriginal and Torres Strait Islander people","All areas","Age-standardised imprisonment rate per 100000 adults at 30 June","","","","","","Linear regression estimates","","Derived from ABS Prisoners in Australia","rate (AS)","2134.1","1353.4","2810.0","4866.2","2741.8","1078.5","1865.5","5097.0","","2844.7"
"CtG10A.1","2030","Age-standardised imprisonment rate","18+ years old","All people","Aboriginal and Torres Strait Islander people","All areas","Age-standardised imprisonment rate per 100000 adults at 30 June","","","","","","Linear regression estimates","95%CI","Derived from ABS Prisoners in Australia","rate (AS)","434.2","617.3","267.3","1410.0","445.2","246.7","722.9","1013.4","","480.3"
"CtG10A.1","2029","Age-standardised imprisonment rate","18+ years old","All people","Aboriginal and Torres Strait Islander people","All areas","Age-standardised imprisonment rate per 100000 adults at 30 June","","","","","","Trajectory","","Derived from Joint Council National Agreement on Closing the Gap; ABS Prisoners in Australia","rate (AS)","..","..","..","..","..","..","..","..","","1684.7"
"CtG10A.1","2029","Age-standardised imprisonment rate","18+ years old","All people","Aboriginal and Torres Strait Islander people","All areas","Age-standardised imprisonment rate per 100000 adults at 30 June","","","","","","Linear regression estimates","","Derived from ABS Prisoners in Australia","rate (AS)","2078.9","1371.9","2702.0","4694.5","2682.1","1036.9","1829.5","4838.2","","2750.2"
"CtG10A.1","2029","Age-standardised imprisonment rate","18+ years old","All people","Aboriginal and Torres Strait Islander people","All areas","Age-standardised imprisonment rate per 100000 adults at 30 June","","","","","","Linear regression estimates","95%CI","Derived from ABS Prisoners in Australia","rate (AS)","383.4","544.9","236.0","1244.8","393.0","217.8","638.2","894.7","","424.0"
"CtG10A.1","2028","Age-standardised imprisonment rate","18+ years old","All people","Aboriginal and Torres Strait Islander people","All areas","Age-standardised imprisonment rate per 100000 adults at 30 June","","","","","","Trajectory","","Derived from Joint Council National Agreement on Closing the Gap; ABS Prisoners in Australia","rate (AS)","..","..","..","..","..","..","..","..","","1708.8"
"CtG10A.1","2028","Age-standardised imprisonment rate","18+ years old","All people","Aboriginal and Torres Strait Islander people","All areas","Age-standardised imprisonment rate per 100000 adults at 30 June","","","","","","Linear regression estimates","","Derived from ABS Prisoners in Australia","rate (AS)","2023.8","1390.3","2594.0","4522.9","2622.5","995.2","1793.4","4579.4","","2655.7"
"CtG10A.1","2028","Age-standardised imprisonment rate","18+ years old","All people","Aboriginal and Torres Strait Islander people","All areas","Age-standardised imprisonment rate per 100000 adults at 30 June","","","","","","Linear regression estimates","95%CI","Derived from ABS Prisoners in Australia","rate (AS)","333.0","473.4","205.0","1081.4","341.4","189.2","554.4","777.3","","368.4"
"CtG10A.1","2027","Age-standardised imprisonment rate","18+ years old","All people","Aboriginal and Torres Strait Islander people","All areas","Age-standardised imprisonment rate per 100000 adults at 30 June","","","","","","Trajectory","","Derived from Joint Council National Agreement on Closing the Gap; ABS Prisoners in Australia","rate (AS)","..","..","..","..","..","..","..","..","","1732.9"
"CtG10A.1","2027","Age-standardised imprisonment rate","18+ years old","All people","Aboriginal and Torres Strait Islander people","All areas","Age-standardised imprisonment rate per 100000 adults at 30 June","","","","","","Linear regression estimates","","Derived from ABS Prisoners in Australia","rate (AS)","1968.6","1408.8","2485.9","4351.2","2562.9","953.6","1757.4","4320.6","","2561.3"
"CtG10A.1","2027","Age-standardised imprisonment rate","18+ years old","All people","Aboriginal and Torres Strait Islander people","All areas","Age-standardised imprisonment rate per 100000 adults at 30 June","","","","","","Linear regression estimates","95%CI","Derived from ABS Prisoners in Australia","rate (AS)","283.6","403.1","174.6","920.8","290.7","161.1","472.1","661.8","","313.6"
"CtG10A.1","2026","Age-standardised imprisonment rate","18+ years old","All people","Aboriginal and Torres Strait Islander people","All areas","Age-standardised imprisonment rate per 100000 adults at 30 June","","","","","","Trajectory","","Derived from Joint Council National Agreement on Closing the Gap; ABS Prisoners in Australia","rate (AS)","..","..","..","..","..","..","..","..","","1756.9"
"CtG10A.1","2026","Age-standardised imprisonment rate","18+ years old","All people","Aboriginal and Torres Strait Islander people","All areas","Age-standardised imprisonment rate per 100000 adults at 30 June","","","","","","Linear regression estimates","","Derived from ABS Prisoners in Australia","rate (AS)","1913.4","1427.2","2377.9","4179.6","2503.2","911.9","1721.3","4061.7","","2466.8"
"CtG10A.1","2026","Age-standardised imprisonment rate","18+ years old","All people","Aboriginal and Torres Strait Islander people","All areas","Age-standardised imprisonment rate per 100000 adults at 30 June","","","","","","Linear regression estimates","95%CI","Derived from ABS Prisoners in Australia","rate (AS)","235.5","334.8","145.0","764.7","241.4","133.8","392.0","549.6","","260.5"
"CtG10A.1","2025","Age-standardised imprisonment rate","18+ years old","All people","Aboriginal and Torres Strait Islander people","All areas","Age-standardised imprisonment rate per 100000 adults at 30 June","","","","","","Actual","","ABS Prisoners in Australia","rate (AS)","1961.7","1636.2","2278.3","4305.9","2526.1","906.6","1792.1","4166.7","","2500.2"
"CtG10A.1","2025","Age-standardised imprisonment rate","18+ years old","All people","Non-Indigenous people","All areas","Age-standardised imprisonment rate per 100000 adults at 30 June","","","","","","Actual","","ABS Prisoners in Australia","rate (AS)","141.0","104.0","175.5","215.9","190.9","148.7","77.6","225.4","","149.1"
"CtG10A.1","2025","Age-standardised imprisonment rate","18+ years old","All people","Aboriginal and Torres Strait Islander people","All areas","Age-standardised imprisonment rate per 100000 adults at 30 June","","","","","","Trajectory","","Derived from Joint Council National Agreement on Closing the Gap; ABS Prisoners in Australia","rate (AS)","..","..","..","..","..","..","..","..","","1781.0"
"CtG10A.1","2025","Age-standardised imprisonment rate","18+ years old","All people","Aboriginal and Torres Strait Islander people","All areas","Age-standardised imprisonment rate per 100000 adults at 30 June","","","","","","Linear regression estimates","","Derived from ABS Prisoners in Australia","rate (AS)","1858.3","1445.6","2269.9","4008.0","2443.6","870.2","1685.3","3802.9","","2372.3"
"CtG10A.1","2025","Age-standardised imprisonment rate","18+ years old","All people","Aboriginal and Torres Strait Islander people","All areas","Age-standardised imprisonment rate per 100000 adults at 30 June","","","","","","Linear regression estimates","95%CI","Derived from ABS Prisoners in Australia","rate (AS)","189.9","269.9","116.9","616.5","194.7","107.8","316.1","443.1","","210.0"
"CtG10A.1","2024","Age-standardised imprisonment rate","18+ years old","All people","Aboriginal and Torres Strait Islander people","All areas","Age-standardised imprisonment rate per 100000 adults at 30 June","","","","","","Actual","","ABS Prisoners in Australia","rate (AS)","1853.9","1346.8","2204.5","4061.1","2462.9","872.6","1804.0","3373.7","","2318.4"
"CtG10A.1","2024","Age-standardised imprisonment rate","18+ years old","All people","Non-Indigenous people","All areas","Age-standardised imprisonment rate per 100000 adults at 30 June","","","","","","Actual","","ABS Prisoners in Australia","rate (AS)","144.8","96.2","174.7","204.6","191.8","163.8","74.0","181.4","","146.4"
"CtG10A.1","2024","Age-standardised imprisonment rate","18+ years old","All people","Aboriginal and Torres Strait Islander people","All areas","Age-standardised imprisonment rate per 100000 adults at 30 June","","","","","","Trajectory","","Derived from Joint Council National Agreement on Closing the Gap; ABS Prisoners in Australia","rate (AS)","..","..","..","..","..","..","..","..","","1805.1"
"CtG10A.1","2024","Age-standardised imprisonment rate","18+ years old","All people","Aboriginal and Torres Strait Islander people","All areas","Age-standardised imprisonment rate per 100000 adults at 30 June","","","","","","Linear regression estimates","","Derived from ABS Prisoners in Australia","rate (AS)","1803.1","1464.1","2161.9","3836.3","2383.9","828.6","1649.2","3544.1","","2277.8"
"CtG10A.1","2024","Age-standardised imprisonment rate","18+ years old","All people","Aboriginal and Torres Strait Islander people","All areas","Age-standardised imprisonment rate per 100000 adults at 30 June","","","","","","Linear regression estimates","95%CI","Derived from ABS Prisoners in Australia","rate (AS)","148.9","211.7","91.7","483.6","152.7","84.6","247.9","347.6","","164.7"
"CtG10A.1","2023","Age-standardised imprisonment rate","18+ years old","All people","Aboriginal and Torres Strait Islander people","All areas","Age-standardised imprisonment rate per 100000 adults at 30 June","","","","","","Actual","","ABS Prisoners in Australia","rate (AS)","1569.3","1495.8","2018.0","3353.3","2126.1","754.9","1415.8","3140.9","","2049.6"
"CtG10A.1","2023","Age-standardised imprisonment rate","18+ years old","All people","Non-Indigenous people","All areas","Age-standardised imprisonment rate per 100000 adults at 30 June","","","","","","Actual","","ABS Prisoners in Australia","rate (AS)","150.6","109.9","175.5","191.2","178.4","156.8","75.0","173.6","","149.5"
"CtG10A.1","2023","Age-standardised imprisonment rate","18+ years old","All people","Aboriginal and Torres Strait Islander people","All areas","Age-standardised imprisonment rate per 100000 adults at 30 June","","","","","","Trajectory","","Derived from Joint Council National Agreement on Closing the Gap; ABS Prisoners in Australia","rate (AS)","..","..","..","..","..","..","..","..","","1829.1"
"CtG10A.1","2023","Age-standardised imprisonment rate","18+ years old","All people","Aboriginal and Torres Strait Islander people","All areas","Age-standardised imprisonment rate per 100000 adults at 30 June","","","","","","Linear regression estimates","","Derived from ABS Prisoners in Australia","rate (AS)","1748.0","1482.5","2053.9","3664.7","2324.3","786.9","1613.2","3285.2","","2183.4"
"CtG10A.1","2023","Age-standardised imprisonment rate","18+ years old","All people","Aboriginal and Torres Strait Islander people","All areas","Age-standardised imprisonment rate per 100000 adults at 30 June","","","","","","Linear regression estimates","95%CI","Derived from ABS Prisoners in Australia","rate (AS)","117.7","167.4","72.5","382.3","120.7","66.9","196.0","274.8","","130.2"
"CtG10A.1","2022","Age-standardised imprisonment rate","18+ years old","All people","Aboriginal and Torres Strait Islander people","All areas","Age-standardised imprisonment rate per 100000 adults at 30 June","","","","","","Actual","","ABS Prisoners in Australia","rate (AS)","1637.3","1335.8","1850.2","2986.9","2192.6","633.9","1371.9","2879.3","","1943.6"
"CtG10A.1","2022","Age-standardised imprisonment rate","18+ years old","All people","Non-Indigenous people","All areas","Age-standardised imprisonment rate per 100000 adults at 30 June","","","","","","Actual","","ABS Prisoners in Australia","rate (AS)","154.2","117.2","167.6","193.9","181.8","132.8","78.9","177.9","","151.2"
"CtG10A.1","2022","Age-standardised imprisonment rate","18+ years old","All people","Aboriginal and Torres Strait Islander people","All areas","Age-standardised imprisonment rate per 100000 adults at 30 June","","","","","","Trajectory","","Derived from Joint Council National Agreement on Closing the Gap; ABS Prisoners in Australia","rate (AS)","..","..","..","..","..","..","..","..","","1853.2"
"CtG10A.1","2022","Age-standardised imprisonment rate","18+ years old","All people","Aboriginal and Torres Strait Islander people","All areas","Age-standardised imprisonment rate per 100000 adults at 30 June","","","","","","Linear regression estimates","","Derived from ABS Prisoners in Australia","rate (AS)","1692.8","1500.9","1945.8","3493.0","2264.7","745.3","1577.1","3026.4","","2088.9"
"CtG10A.1","2022","Age-standardised imprisonment rate","18+ years old","All people","Aboriginal and Torres Strait Islander people","All areas","Age-standardised imprisonment rate per 100000 adults at 30 June","","","","","","Linear regression estimates","95%CI","Derived from ABS Prisoners in Australia","rate (AS)","105.3","149.7","64.8","342.0","108.0","59.8","175.3","245.8","","116.5"
"CtG10A.1","2021","Age-standardised imprisonment rate","18+ years old","All people","Aboriginal and Torres Strait Islander people","All areas","Age-standardised imprisonment rate per 100000 adults at 30 June","","","","","","Actual","","ABS Prisoners in Australia","rate (AS)","1658.4","1507.1","1933.8","3202.9","2252.6","710.7","1443.9","2664.4","","2004.6"
"CtG10A.1","2021","Age-standardised imprisonment rate","18+ years old","All people","Non-Indigenous people","All areas","Age-standardised imprisonment rate per 100000 adults at 30 June","","","","","","Actual","","ABS Prisoners in Australia","rate (AS)","168.0","130.5","185.4","211.0","193.2","136.8","78.5","190.2","","165.3"
"CtG10A.1","2021","Age-standardised imprisonment rate","18+ years old","All people","Aboriginal and Torres Strait Islander people","All areas","Age-standardised imprisonment rate per 100000 adults at 30 June","","","","","","Trajectory","","Derived from Joint Council National Agreement on Closing the Gap; ABS Prisoners in Australia","rate (AS)","..","..","..","..","..","..","..","..","","1877.3"
"CtG10A.1","2021","Age-standardised imprisonment rate","18+ years old","All people","Aboriginal and Torres Strait Islander people","All areas","Age-standardised imprisonment rate per 100000 adults at 30 June","","","","","","Linear regression estimates","","Derived from ABS Prisoners in Australia","rate (AS)","1637.6","1519.4","1837.8","3321.4","2205.0","703.6","1541.1","2767.6","","1994.4"
"CtG10A.1","2021","Age-standardised imprisonment rate","18+ years old","All people","Aboriginal and Torres Strait Islander people","All areas","Age-standardised imprisonment rate per 100000 adults at 30 June","","","","","","Linear regression estimates","95%CI","Derived from ABS Prisoners in Australia","rate (AS)","117.7","167.4","72.5","382.3","120.7","66.9","196.0","274.8","","130.2"
"CtG10A.1","2020","Age-standardised imprisonment rate","18+ years old","All people","Aboriginal and Torres Strait Islander people","All areas","Age-standardised imprisonment rate per 100000 adults at 30 June","","","","","","Actual","","ABS Prisoners in Australia","rate (AS)","1547.7","1447.3","1704.5","3239.0","2169.4","672.0","1689.6","2402.9","","1880.5"
"CtG10A.1","2020","Age-standardised imprisonment rate","18+ years old","All people","Non-Indigenous people","All areas","Age-standardised imprisonment rate per 100000 adults at 30 June","","","","","","Actual","","ABS Prisoners in Australia","rate (AS)","164.4","128.5","161.2","215.9","187.5","149.8","96.8","197.3","","159.5"
"CtG10A.1","2020","Age-standardised imprisonment rate","18+ years old","All people","Aboriginal and Torres Strait Islander people","All areas","Age-standardised imprisonment rate per 100000 adults at 30 June","","","","","","Trajectory","","Derived from Joint Council National Agreement on Closing the Gap; ABS Prisoners in Australia","rate (AS)","..","..","..","..","..","..","..","..","","1901.3"
"CtG10A.1","2020","Age-standardised imprisonment rate","18+ years old","All people","Aboriginal and Torres Strait Islander people","All areas","Age-standardised imprisonment rate per 100000 adults at 30 June","","","","","","Linear regression estimates","","Derived from ABS Prisoners in Australia","rate (AS)","1582.5","1537.8","1729.8","3149.7","2145.4","662.0","1505.0","2508.8","","1900.0"
"CtG10A.1","2020","Age-standardised imprisonment rate","18+ years old","All people","Aboriginal and Torres Strait Islander people","All areas","Age-standardised imprisonment rate per 100000 adults at 30 June","","","","","","Linear regression estimates","95%CI","Derived from ABS Prisoners in Australia","rate (AS)","148.9","211.7","91.7","483.6","152.7","84.6","247.9","347.6","","164.7"
"CtG10A.1","2019","Age-standardised imprisonment rate","18+ years old","All people","Aboriginal and Torres Strait Islander people","All areas","Age-standardised imprisonment rate per 100000 adults at 30 June","","","","","","Actual","","ABS Prisoners in Australia","rate (AS)","1621.3","1737.5","1631.5","3302.1","2123.0","666.3","1522.5","2557.0","","1925.4"
"CtG10A.1","2019","Age-standardised imprisonment rate","18+ years old","All people","Non-Indigenous people","All areas","Age-standardised imprisonment rate per 100000 adults at 30 June","","","","","","Actual","","ABS Prisoners in Australia","rate (AS)","176.6","149.0","171.3","227.6","181.2","162.6","106.1","211.1","","172.2"
"CtG10A.1","2019","Age-standardised imprisonment rate","18+ years old","All people","Aboriginal and Torres Strait Islander people","All areas","Age-standardised imprisonment rate per 100000 adults at 30 June","","","","","","Trajectory","","Derived from Joint Council National Agreement on Closing the Gap; ABS Prisoners in Australia","rate (AS)","..","..","..","..","..","..","..","..","","1925.4"
"CtG10A.1","2019","Age-standardised imprisonment rate","18+ years old","All people","Aboriginal and Torres Strait Islander people","All areas","Age-standardised imprisonment rate per 100000 adults at 30 June","","","","","","Linear regression estimates","","Derived from ABS Prisoners in Australia","rate (AS)","1527.3","1556.2","1621.8","2978.1","2085.8","620.3","1469.0","2249.9","","1805.5"
"CtG10A.1","2019","Age-standardised imprisonment rate","18+ years old","All people","Aboriginal and Torres Strait Islander people","All areas","Age-standardised imprisonment rate per 100000 adults at 30 June","","","","","","Linear regression estimates","95%CI","Derived from ABS Prisoners in Australia","rate (AS)","189.9","269.9","116.9","616.5","194.7","107.8","316.1","443.1","","210.0"
"CtG10A.1","2019 to 2025","Age-standardised imprisonment rate","18+ years old","All people","Aboriginal and Torres Strait Islander people","All areas","Age-standardised imprisonment rate per 100000 adults at 30 June","","","","","","Estimated annual change","","Derived from ABS Prisoners in Australia","rate (AS)/year","55.16","-18.44","108.02","171.64","59.64","41.65","36.05","258.83","","94.47"
"CtG10A.1","2019 to 2025","Age-standardised imprisonment rate","18+ years old","All people","Aboriginal and Torres Strait Islander people","All areas","Age-standardised imprisonment rate per 100000 adults at 30 June","","","","","","Assessment of progress","","Derived from ABS Prisoners in Australia","Level","-1","1","-1","-1","-1","-1","-1","-1","","-1"
"CtG10A.1","2019 to 2025","Age-standardised imprisonment rate","18+ years old","All people","Aboriginal and Torres Strait Islander people","All areas","Age-standardised imprisonment rate per 100000 adults at 30 June","","","","","","Confidence in assessment of progress","","Derived from ABS Prisoners in Australia","Level","High","Low","High","High","High","High","Low","High","","High"
"CtG10A.1","2018","Age-standardised imprisonment rate","18+ years old","All people","Aboriginal and Torres Strait Islander people","All areas","Age-standardised imprisonment rate per 100000 adults at 30 June","","","","","","Actual","","ABS Prisoners in Australia","rate (AS)","1626.5","1444.4","1548.8","3387.5","2066.8","563.2","1712.4","2665.1","","1887.4"
"CtG10A.1","2018","Age-standardised imprisonment rate","18+ years old","All people","Non-Indigenous people","All areas","Age-standardised imprisonment rate per 100000 adults at 30 June","","","","","","Actual","","ABS Prisoners in Australia","rate (AS)","185.9","146.6","176.2","224.1","196.5","152.7","110.0","202.5","","174.4"
"CtG10A.1","2017","Age-standardised imprisonment rate","18+ years old","All people","Aboriginal and Torres Strait Islander people","All areas","Age-standardised imprisonment rate per 100000 adults at 30 June","","","","","","Actual","","ABS Prisoners in Australia","rate (AS)","1567.9","1302.4","1574.2","3173.9","2218.0","581.0","1501.4","2448.7","","1824.5"
"CtG10A.1","2017","Age-standardised imprisonment rate","18+ years old","All people","Non-Indigenous people","All areas","Age-standardised imprisonment rate per 100000 adults at 30 June","","","","","","Actual","","ABS Prisoners in Australia","rate (AS)","180.1","140.4","168.4","228.7","198.8","149.6","108.0","181.7","","170.0"
"CtG10A.1","2016","Age-standardised imprisonment rate","18+ years old","All people","Aboriginal and Torres Strait Islander people","All areas","Age-standardised imprisonment rate per 100000 adults at 30 June","","","","","","Actual","","ABS Prisoners in Australia","rate (AS)","1506.4","1196.8","1434.5","3055.2","1798.6","462.2","1696.0","2570.5","","1730.2"
"CtG10A.1","2016","Age-standardised imprisonment rate","18+ years old","All people","Non-Indigenous people","All areas","Age-standardised imprisonment rate per 100000 adults at 30 June","","","","","","Actual","","ABS Prisoners in Australia","rate (AS)","176.5","131.3","156.3","212.7","204.5","151.0","105.2","187.1","","163.0"
"CtG10A.2","2025","Age-standardised imprisonment rate","18+ years old","All people","Aboriginal and Torres Strait Islander people","All areas","People in prison custody at 30 June","","","","","","","","ABS Prisoners in Australia","no.","4519","915","4486","3767","890","206","135","2505","","17432"
"CtG10A.2","2025","Age-standardised imprisonment rate","18+ years old","All people","Non-Indigenous people","All areas","People in prison custody at 30 June","","","","","","","","ABS Prisoners in Australia","no.","8607","5476","6791","4709","2525","548","297","338","","29288"
"CtG10A.2","2025","Age-standardised imprisonment rate","18+ years old","All people","Indigenous status not stated","All areas","People in prison custody at 30 June","","","","","","","","ABS Prisoners in Australia","no.","37","207","0","0","0","36","0","0","","278"
"CtG10A.2","2024","Age-standardised imprisonment rate","18+ years old","All people","Aboriginal and Torres Strait Islander people","All areas","People in prison custody at 30 June","","","","","","","","ABS Prisoners in Australia","no.","4188","729","4243","3507","851","194","134","2023","","15871"
"CtG10A.2","2024","Age-standardised imprisonment rate","18+ years old","All people","Non-Indigenous people","All areas","People in prison custody at 30 June","","","","","","","","ABS Prisoners in Australia","no.","8706","5015","6637","4303","2494","606","273","261","","28294"
"CtG10A.2","2024","Age-standardised imprisonment rate","18+ years old","All people","Indigenous status not stated","All areas","People in prison custody at 30 June","","","","","","","","ABS Prisoners in Australia","no.","52","174","0","4","1","1","14","0","","238"
"CtG10A.2","2023","Age-standardised imprisonment rate","18+ years old","All people","Aboriginal and Torres Strait Islander people","All areas","People in prison custody at 30 June","","","","","","","","ABS Prisoners in Australia","no.","3510","812","3801","2867","726","169","102","1860","","13852"
"CtG10A.2","2023","Age-standardised imprisonment rate","18+ years old","All people","Non-Indigenous people","All areas","People in prison custody at 30 June","","","","","","","","ABS Prisoners in Australia","no.","8788","5520","6424","3844","2272","580","268","241","","27942"
"CtG10A.2","2023","Age-standardised imprisonment rate","18+ years old","All people","Indigenous status not stated","All areas","People in prison custody at 30 June","","","","","","","","ABS Prisoners in Australia","no.","19","109","0","0","0","0","5","0","","133"
"CtG10A.2","2022","Age-standardised imprisonment rate","18+ years old","All people","Aboriginal and Torres Strait Islander people","All areas","People in prison custody at 30 June","","","","","","","","ABS Prisoners in Australia","no.","3606","695","3410","2521","743","143","96","1683","","12902"
"CtG10A.2","2022","Age-standardised imprisonment rate","18+ years old","All people","Non-Indigenous people","All areas","People in prison custody at 30 June","","","","","","","","ABS Prisoners in Australia","no.","8754","5703","5962","3755","2251","489","280","247","","27446"
"CtG10A.2","2022","Age-standardised imprisonment rate","18+ years old","All people","Indigenous status not stated","All areas","People in prison custody at 30 June","","","","","","","","ABS Prisoners in Australia","no.","13","166","0","0","61","0","3","0","","244"
"CtG10A.2","2021","Age-standardised imprisonment rate","18+ years old","All people","Aboriginal and Torres Strait Islander people","All areas","People in prison custody at 30 June","","","","","","","","ABS Prisoners in Australia","no.","3597","768","3479","2664","744","152","98","1540","","13039"
"CtG10A.2","2021","Age-standardised imprisonment rate","18+ years old","All people","Non-Indigenous people","All areas","People in prison custody at 30 June","","","","","","","","ABS Prisoners in Australia","no.","9515","6318","6480","4051","2364","491","273","259","","29760"
"CtG10A.2","2021","Age-standardised imprisonment rate","18+ years old","All people","Indigenous status not stated","All areas","People in prison custody at 30 June","","","","","","","","ABS Prisoners in Australia","no.","14","160","0","0","0","0","0","0","","166"
"CtG10A.2","2020","Age-standardised imprisonment rate","18+ years old","All people","Aboriginal and Torres Strait Islander people","All areas","People in prison custody at 30 June","","","","","","","","ABS Prisoners in Australia","no.","3335","722","3038","2666","701","145","116","1371","","12092"
"CtG10A.2","2020","Age-standardised imprisonment rate","18+ years old","All people","Non-Indigenous people","All areas","People in prison custody at 30 June","","","","","","","","ABS Prisoners in Australia","no.","9384","6350","5617","4105","2286","526","331","264","","28872"
"CtG10A.2","2020","Age-standardised imprisonment rate","18+ years old","All people","Indigenous status not stated","All areas","People in prison custody at 30 June","","","","","","","","ABS Prisoners in Australia","no.","11","80","0","0","0","0","0","0","","92"
"CtG10A.2","2019","Age-standardised imprisonment rate","18+ years old","All people","Aboriginal and Torres Strait Islander people","All areas","People in prison custody at 30 June","","","","","","","","ABS Prisoners in Australia","no.","3434","840","2873","2680","681","140","104","1443","","12195"
"CtG10A.2","2019","Age-standardised imprisonment rate","18+ years old","All people","Non-Indigenous people","All areas","People in prison custody at 30 June","","","","","","","","ABS Prisoners in Australia","no.","10011","7248","5903","4255","2178","553","362","294","","30805"
"CtG10A.2","2019","Age-standardised imprisonment rate","18+ years old","All people","Indigenous status not stated","All areas","People in prison custody at 30 June","","","","","","","","ABS Prisoners in Australia","no.","11","11","0","0","0","0","7","0","","35"
"CtG10A.2","2018","Age-standardised imprisonment rate","18+ years old","All people","Aboriginal and Torres Strait Islander people","All areas","People in prison custody at 30 June","","","","","","","","ABS Prisoners in Australia","no.","3344","691","2745","2710","661","115","110","1477","","11849"
"CtG10A.2","2018","Age-standardised imprisonment rate","18+ years old","All people","Non-Indigenous people","All areas","People in prison custody at 30 June","","","","","","","","ABS Prisoners in Australia","no.","10390","6969","6095","4161","2326","501","364","279","","31095"
"CtG10A.2","2018","Age-standardised imprisonment rate","18+ years old","All people","Indigenous status not stated","All areas","People in prison custody at 30 June","","","","","","","","ABS Prisoners in Australia","no.","10","8","0","0","0","0","19","0","","31"
"CtG10A.2","2017","Age-standardised imprisonment rate","18+ years old","All people","Aboriginal and Torres Strait Islander people","All areas","People in prison custody at 30 June","","","","","","","","ABS Prisoners in Australia","no.","3197","610","2724","2514","706","117","95","1349","","11307"
"CtG10A.2","2017","Age-standardised imprisonment rate","18+ years old","All people","Non-Indigenous people","All areas","People in prison custody at 30 June","","","","","","","","ABS Prisoners in Australia","no.","9940","6535","5758","4230","2327","480","344","253","","29870"
"CtG10A.2","2017","Age-standardised imprisonment rate","18+ years old","All people","Indigenous status not stated","All areas","People in prison custody at 30 June","","","","","","","","ABS Prisoners in Australia","no.","11","5","0","0","0","0","9","0","","16"
"CtG10A.2","2016","Age-standardised imprisonment rate","18+ years old","All people","Aboriginal and Torres Strait Islander people","All areas","People in prison custody at 30 June","","","","","","","","ABS Prisoners in Australia","no.","3037","535","2461","2403","571","92","105","1393","","10596"
"CtG10A.2","2016","Age-standardised imprisonment rate","18+ years old","All people","Non-Indigenous people","All areas","People in prison custody at 30 June","","","","","","","","ABS Prisoners in Australia","no.","9586","5979","5281","3927","2381","476","328","270","","28216"
"CtG10A.2","2016","Age-standardised imprisonment rate","18+ years old","All people","Indigenous status not stated","All areas","People in prison custody at 30 June","","","","","","","","ABS Prisoners in Australia","no.","13","9","0","0","0","0","9","0","","26"
"CtG10A.3","2025","Imprisonment rate","18+ years old","Males","Aboriginal and Torres Strait Islander people","All areas","Age-standardised imprisonment rate per 100000 adults at 30 June","","","","","","","","ABS Prisoners in Australia","rate (AS)","3605.9","3037.8","4094.8","7215.8","4427.9","1772.1","3294.3","7769.4","","4496.9"
"CtG10A.3","2025","Imprisonment rate","18+ years old","Females","Aboriginal and Torres Strait Islander people","All areas","Age-standardised imprisonment rate per 100000 adults at 30 June","","","","","","","","ABS Prisoners in Australia","rate (AS)","345.6","193.2","510.6","1208.5","683.7","na","na","646.3","","520.4"
"CtG10A.3","2025","Imprisonment rate","18+ years old","Males","Non-Indigenous people","All areas","Age-standardised imprisonment rate per 100000 adults at 30 June","","","","","","","","ABS Prisoners in Australia","rate (AS)","266.5","199.6","325.6","391.5","359.6","270.7","155.8","413.5","","279.7"
"CtG10A.3","2025","Imprisonment rate","18+ years old","Females","Non-Indigenous people","All areas","Age-standardised imprisonment rate per 100000 adults at 30 June","","","","","","","","ABS Prisoners in Australia","rate (AS)","16.6","10.6","28.7","36.9","24.4","27.2","na","na","","20.1"
"CtG10A.3","2024","Imprisonment rate","18+ years old","Males","Aboriginal and Torres Strait Islander people","All areas","Age-standardised imprisonment rate per 100000 adults at 30 June","","","","","","","","ABS Prisoners in Australia","rate (AS)","3408.2","2543.9","3925.0","6882.2","4424.4","1631.5","3336.5","6418.1","","4184.6"
"CtG10A.3","2024","Imprisonment rate","18+ years old","Females","Aboriginal and Torres Strait Islander people","All areas","Age-standardised imprisonment rate per 100000 adults at 30 June","","","","","","","","ABS Prisoners in Australia","rate (AS)","329.6","121.1","528.8","1052.4","545.9","185.3","na","399.6","","469.1"
"CtG10A.3","2024","Imprisonment rate","18+ years old","Males","Non-Indigenous people","All areas","Age-standardised imprisonment rate per 100000 adults at 30 June","","","","","","","","ABS Prisoners in Australia","rate (AS)","274.8","185.4","325.0","372.6","364.0","306.2","142.8","348.4","","275.8"
"CtG10A.3","2024","Imprisonment rate","18+ years old","Females","Non-Indigenous people","All areas","Age-standardised imprisonment rate per 100000 adults at 30 June","","","","","","","","ABS Prisoners in Australia","rate (AS)","16.2","8.6","28.2","34.5","22.2","22.5","na","na","","18.8"
"CtG10A.3","2023","Imprisonment rate","18+ years old","Males","Aboriginal and Torres Strait Islander people","All areas","Age-standardised imprisonment rate per 100000 adults at 30 June","","","","","","","","ABS Prisoners in Australia","rate (AS)","2911.2","2858.5","3613.5","5721.4","3882.5","1482.2","2588.2","6009.1","","3733.6"
"CtG10A.3","2023","Imprisonment rate","18+ years old","Females","Aboriginal and Torres Strait Islander people","All areas","Age-standardised imprisonment rate per 100000 adults at 30 June","","","","","","","","ABS Prisoners in Australia","rate (AS)","256.9","99.9","466.4","831.9","410.0","na","na","356.9","","384.7"
"CtG10A.3","2023","Imprisonment rate","18+ years old","Males","Non-Indigenous people","All areas","Age-standardised imprisonment rate per 100000 adults at 30 June","","","","","","","","ABS Prisoners in Australia","rate (AS)","284.3","211.3","326.1","348.5","335.3","294.8","144.3","330.8","","280.9"
"CtG10A.3","2023","Imprisonment rate","18+ years old","Females","Non-Indigenous people","All areas","Age-standardised imprisonment rate per 100000 adults at 30 June","","","","","","","","ABS Prisoners in Australia","rate (AS)","18.3","10.4","28.8","33.1","23.7","19.6","na","na","","20.0"
"CtG10A.3","2022","Imprisonment rate","18+ years old","Males","Aboriginal and Torres Strait Islander people","All areas","Age-standardised imprisonment rate per 100000 adults at 30 June","","","","","","","","ABS Prisoners in Australia","rate (AS)","3014.5","2517.8","3361.5","5229.9","3993.1","1194.7","2638.6","5491.3","","3560.9"
"CtG10A.3","2022","Imprisonment rate","18+ years old","Females","Aboriginal and Torres Strait Islander people","All areas","Age-standardised imprisonment rate per 100000 adults at 30 June","","","","","","","","ABS Prisoners in Australia","rate (AS)","292.8","136.1","382.1","599.0","442.1","na","na","349.8","","348.5"
"CtG10A.3","2022","Imprisonment rate","18+ years old","Males","Non-Indigenous people","All areas","Age-standardised imprisonment rate per 100000 adults at 30 June","","","","","","","","ABS Prisoners in Australia","rate (AS)","292.2","223.9","311.4","354.2","343.2","248.2","150.1","328.2","","284.2"
"CtG10A.3","2022","Imprisonment rate","18+ years old","Females","Non-Indigenous people","All areas","Age-standardised imprisonment rate per 100000 adults at 30 June","","","","","","","","ABS Prisoners in Australia","rate (AS)","17.8","12.3","27.4","33.5","22.4","17.5","na","na","","20.1"
"CtG10A.3","2021","Imprisonment rate","18+ years old","Males","Aboriginal and Torres Strait Islander people","All areas","Age-standardised imprisonment rate per 100000 adults at 30 June","","","","","","","","ABS Prisoners in Australia","rate (AS)","3069.8","2811.6","3495.9","5497.8","4018.6","1303.6","2591.8","5017.3","","3642.6"
"CtG10A.3","2021","Imprisonment rate","18+ years old","Females","Aboriginal and Torres Strait Islander people","All areas","Age-standardised imprisonment rate per 100000 adults at 30 June","","","","","","","","ABS Prisoners in Australia","rate (AS)","284.1","177.9","416.7","757.5","535.1","184.4","na","389.2","","390.6"
"CtG10A.3","2021","Imprisonment rate","18+ years old","Males","Non-Indigenous people","All areas","Age-standardised imprisonment rate per 100000 adults at 30 June","","","","","","","","ABS Prisoners in Australia","rate (AS)","317.4","248.9","343.6","386.7","363.2","254.1","153.0","350.6","","310.2"
"CtG10A.3","2021","Imprisonment rate","18+ years old","Females","Non-Indigenous people","All areas","Age-standardised imprisonment rate per 100000 adults at 30 June","","","","","","","","ABS Prisoners in Australia","rate (AS)","20.1","14.0","31.3","35.5","25.3","20.3","na","na","","22.4"
"CtG10A.3","2020","Imprisonment rate","18+ years old","Males","Aboriginal and Torres Strait Islander people","All areas","Age-standardised imprisonment rate per 100000 adults at 30 June","","","","","","","","ABS Prisoners in Australia","rate (AS)","2872.8","2724.7","3119.5","5489.0","3951.5","1315.3","2894.9","4614.2","","3435.7"
"CtG10A.3","2020","Imprisonment rate","18+ years old","Females","Aboriginal and Torres Strait Islander people","All areas","Age-standardised imprisonment rate per 100000 adults at 30 June","","","","","","","","ABS Prisoners in Australia","rate (AS)","258.7","157.0","329.5","830.5","435.9","na","511.0","277.2","","349.1"
"CtG10A.3","2020","Imprisonment rate","18+ years old","Males","Non-Indigenous people","All areas","Age-standardised imprisonment rate per 100000 adults at 30 June","","","","","","","","ABS Prisoners in Australia","rate (AS)","310.4","245.1","300.0","390.7","350.1","273.0","185.2","353.4","","298.7"
"CtG10A.3","2020","Imprisonment rate","18+ years old","Females","Non-Indigenous people","All areas","Age-standardised imprisonment rate per 100000 adults at 30 June","","","","","","","","ABS Prisoners in Australia","rate (AS)","19.7","13.7","26.4","41.0","27.2","28.2","na","31.7","","22.2"
"CtG10A.3","2019","Imprisonment rate","18+ years old","Males","Aboriginal and Torres Strait Islander people","All areas","Age-standardised imprisonment rate per 100000 adults at 30 June","","","","","","","","ABS Prisoners in Australia","rate (AS)","2996.9","3125.8","2957.7","5651.6","3898.3","1269.3","2882.9","4879.0","","3506.9"
"CtG10A.3","2019","Imprisonment rate","18+ years old","Females","Aboriginal and Torres Strait Islander people","All areas","Age-standardised imprisonment rate per 100000 adults at 30 June","","","","","","","","ABS Prisoners in Australia","rate (AS)","286.9","331.1","341.6","786.0","391.5","na","na","336.2","","370.4"
"CtG10A.3","2019","Imprisonment rate","18+ years old","Males","Non-Indigenous people","All areas","Age-standardised imprisonment rate per 100000 adults at 30 June","","","","","","","","ABS Prisoners in Australia","rate (AS)","331.7","280.1","315.0","410.3","341.5","301.0","202.0","378.4","","320.4"
"CtG10A.3","2019","Imprisonment rate","18+ years old","Females","Non-Indigenous people","All areas","Age-standardised imprisonment rate per 100000 adults at 30 June","","","","","","","","ABS Prisoners in Australia","rate (AS)","22.9","20.2","31.5","44.3","23.0","26.3","12.5","30.5","","26.0"
"CtG10A.4","2025","Imprisonment rate","18-24 years old","All people","Aboriginal and Torres Strait Islander people","All areas","Imprisonment rate per 100000 people at 30 June","","","","","","","","ABS (unpublished) Prisoners in Australia","rate","1517.9","894.1","2300.4","3062.4","1539.1","750.9","1953.4","4872.2","","2094.3"
"CtG10A.4","2025","Imprisonment rate","25-29 years old","All people","Aboriginal and Torres Strait Islander people","All areas","Imprisonment rate per 100000 people at 30 June","","","","","","","","ABS (unpublished) Prisoners in Australia","rate","2867.9","2350.1","3595.5","6488.3","3185.0","1662.7","1585.8","6025.3","","3680.3"
"CtG10A.4","2025","Imprisonment rate","30-34 years old","All people","Aboriginal and Torres Strait Islander people","All areas","Imprisonment rate per 100000 people at 30 June","","","","","","","","ABS (unpublished) Prisoners in Australia","rate","3498.9","3295.5","4176.6","8188.6","4385.8","1935.2","2805.8","7134.2","","4550.9"
"CtG10A.4","2025","Imprisonment rate","35-39 years old","All people","Aboriginal and Torres Strait Islander people","All areas","Imprisonment rate per 100000 people at 30 June","","","","","","","","ABS (unpublished) Prisoners in Australia","rate","3666.2","3109.7","4307.4","8092.6","4969.3","1471.3","3309.4","6526.1","","4634.6"
"CtG10A.4","2025","Imprisonment rate","40-44 years old","All people","Aboriginal and Torres Strait Islander people","All areas","Imprisonment rate per 100000 people at 30 June","","","","","","","","ABS (unpublished) Prisoners in Australia","rate","3241.5","2978.0","3266.4","6494.9","4237.3","1576.5","2963.0","5992.2","","3927.7"
"CtG10A.4","2025","Imprisonment rate","45-49 years old","All people","Aboriginal and Torres Strait Islander people","All areas","Imprisonment rate per 100000 people at 30 June","","","","","","","","ABS (unpublished) Prisoners in Australia","rate","2382.7","2116.9","2552.1","4947.3","3397.0","1262.6","1506.6","4940.7","","2973.2"
"CtG10A.4","2025","Imprisonment rate","50-54 years old","All people","Aboriginal and Torres Strait Islander people","All areas","Imprisonment rate per 100000 people at 30 June","","","","","","","","ABS (unpublished) Prisoners in Australia","rate","1347.7","837.8","1322.7","3010.1","2298.4","358.6","1781.7","2848.9","","1655.8"
"CtG10A.4","2025","Imprisonment rate","55+ years old","All people","Aboriginal and Torres Strait Islander people","All areas","Imprisonment rate per 100000 people at 30 June","","","","","","","","ABS (unpublished) Prisoners in Australia","rate","354.4","326.0","361.9","855.3","531.4","144.8","584.8","928.9","","453.5"
"CtG10A.4","2025","Imprisonment rate","18-24 years old","All people","Non-Indigenous people","All areas","Imprisonment rate per 100000 people at 30 June","","","","","","","","ABS (unpublished) Prisoners in Australia","rate","93.6","77.4","142.7","143.8","100.6","110.7","66.4","167.4","","104.9"
"CtG10A.4","2025","Imprisonment rate","25-29 years old","All people","Non-Indigenous people","All areas","Imprisonment rate per 100000 people at 30 June","","","","","","","","ABS (unpublished) Prisoners in Australia","rate","174.7","139.3","256.0","254.8","216.2","205.4","99.5","176.6","","191.9"
"CtG10A.4","2025","Imprisonment rate","30-34 years old","All people","Non-Indigenous people","All areas","Imprisonment rate per 100000 people at 30 June","","","","","","","","ABS (unpublished) Prisoners in Australia","rate","229.3","186.1","327.6","379.1","295.5","231.6","155.8","336.1","","257.3"
"CtG10A.4","2025","Imprisonment rate","35-39 years old","All people","Non-Indigenous people","All areas","Imprisonment rate per 100000 people at 30 June","","","","","","","","ABS (unpublished) Prisoners in Australia","rate","232.9","177.9","311.1","352.6","326.4","262.3","125.3","371.7","","252.5"
"CtG10A.4","2025","Imprisonment rate","40-44 years old","All people","Non-Indigenous people","All areas","Imprisonment rate per 100000 people at 30 June","","","","","","","","ABS (unpublished) Prisoners in Australia","rate","209.7","150.4","255.7","343.1","315.3","295.7","80.8","244.7","","224.3"
"CtG10A.4","2025","Imprisonment rate","45-49 years old","All people","Non-Indigenous people","All areas","Imprisonment rate per 100000 people at 30 June","","","","","","","","ABS (unpublished) Prisoners in Australia","rate","189.3","120.5","210.1","271.1","268.8","163.9","74.8","317.5","","188.3"
"CtG10A.4","2025","Imprisonment rate","50-54 years old","All people","Non-Indigenous people","All areas","Imprisonment rate per 100000 people at 30 June","","","","","","","","ABS (unpublished) Prisoners in Australia","rate","131.6","85.2","130.1","210.6","211.6","108.5","64.3","254.5","","132.8"
"CtG10A.4","2025","Imprisonment rate","55+ years old","All people","Non-Indigenous people","All areas","Imprisonment rate per 100000 people at 30 June","","","","","","","","ABS (unpublished) Prisoners in Australia","rate","53.4","34.4","40.9","71.0","63.9","36.5","33.9","143.8","","48.5"
"CtG10A.4","2024","Imprisonment rate","18-24 years old","All people","Aboriginal and Torres Strait Islander people","All areas","Imprisonment rate per 100000 people at 30 June","","","","","","","","ABS (unpublished) Prisoners in Australia","rate","1412.9","801.6","2285.5","3235.7","1599.1","545.0","1361.0","3953.7","","1996.9"
"CtG10A.4","2024","Imprisonment rate","25-29 years old","All people","Aboriginal and Torres Strait Islander people","All areas","Imprisonment rate per 100000 people at 30 June","","","","","","","","ABS (unpublished) Prisoners in Australia","rate","2916.9","2028.7","3600.6","6361.1","3130.0","1697.0","2576.3","5472.2","","3627.4"
"CtG10A.4","2024","Imprisonment rate","30-34 years old","All people","Aboriginal and Torres Strait Islander people","All areas","Imprisonment rate per 100000 people at 30 June","","","","","","","","ABS (unpublished) Prisoners in Australia","rate","3382.2","2310.0","4048.8","7629.7","4135.3","2126.8","3169.0","5728.7","","4217.6"
"CtG10A.4","2024","Imprisonment rate","35-39 years old","All people","Aboriginal and Torres Strait Islander people","All areas","Imprisonment rate per 100000 people at 30 June","","","","","","","","ABS (unpublished) Prisoners in Australia","rate","3487.9","2776.1","3930.7","7277.5","4898.2","1136.4","3988.2","5097.0","","4231.0"
"CtG10A.4","2024","Imprisonment rate","40-44 years old","All people","Aboriginal and Torres Strait Islander people","All areas","Imprisonment rate per 100000 people at 30 June","","","","","","","","ABS (unpublished) Prisoners in Australia","rate","3190.7","2186.9","3380.2","6132.7","4609.7","1341.5","3320.3","5140.4","","3757.7"
"CtG10A.4","2024","Imprisonment rate","45-49 years old","All people","Aboriginal and Torres Strait Islander people","All areas","Imprisonment rate per 100000 people at 30 June","","","","","","","","ABS (unpublished) Prisoners in Australia","rate","1935.6","1539.8","2244.7","4862.6","3134.3","1192.7","0","3792.9","","2547.7"
"CtG10A.4","2024","Imprisonment rate","50-54 years old","All people","Aboriginal and Torres Strait Islander people","All areas","Imprisonment rate per 100000 people at 30 June","","","","","","","","ABS (unpublished) Prisoners in Australia","rate","1065.8","758.0","1283.5","2540.6","1357.8","288.7","1321.6","2079.4","","1353.6"
"CtG10A.4","2024","Imprisonment rate","55+ years old","All people","Aboriginal and Torres Strait Islander people","All areas","Imprisonment rate per 100000 people at 30 June","","","","","","","","ABS (unpublished) Prisoners in Australia","rate","363.2","375.4","337.0","784.5","652.4","116.7","523.6","701.6","","434.2"
"CtG10A.4","2024","Imprisonment rate","18-24 years old","All people","Non-Indigenous people","All areas","Imprisonment rate per 100000 people at 30 June","","","","","","","","ABS (unpublished) Prisoners in Australia","rate","93.4","63.4","137.2","134.7","100.2","145.0","59.7","164.3","","99.3"
"CtG10A.4","2024","Imprisonment rate","25-29 years old","All people","Non-Indigenous people","All areas","Imprisonment rate per 100000 people at 30 June","","","","","","","","ABS (unpublished) Prisoners in Australia","rate","184.3","135.4","264.0","279.1","237.3","238.9","113.0","193.1","","198.8"
"CtG10A.4","2024","Imprisonment rate","30-34 years old","All people","Non-Indigenous people","All areas","Imprisonment rate per 100000 people at 30 June","","","","","","","","ABS (unpublished) Prisoners in Australia","rate","237.6","170.7","327.9","338.0","312.9","266.2","134.7","277.4","","250.9"
"CtG10A.4","2024","Imprisonment rate","35-39 years old","All people","Non-Indigenous people","All areas","Imprisonment rate per 100000 people at 30 June","","","","","","","","ABS (unpublished) Prisoners in Australia","rate","235.9","162.5","307.8","375.3","315.0","326.8","148.9","267.9","","251.1"
"CtG10A.4","2024","Imprisonment rate","40-44 years old","All people","Non-Indigenous people","All areas","Imprisonment rate per 100000 people at 30 June","","","","","","","","ABS (unpublished) Prisoners in Australia","rate","226.8","138.9","268.0","300.0","316.3","263.1","80.7","208.8","","223.4"
"CtG10A.4","2024","Imprisonment rate","45-49 years old","All people","Non-Indigenous people","All areas","Imprisonment rate per 100000 people at 30 June","","","","","","","","ABS (unpublished) Prisoners in Australia","rate","186.1","110.5","186.3","253.6","270.3","183.7","87.1","271.0","","177.9"
"CtG10A.4","2024","Imprisonment rate","50-54 years old","All people","Non-Indigenous people","All areas","Imprisonment rate per 100000 people at 30 June","","","","","","","","ABS (unpublished) Prisoners in Australia","rate","138.5","82.5","130.6","183.5","196.5","92.4","47.0","174.8","","129.1"
"CtG10A.4","2024","Imprisonment rate","55+ years old","All people","Non-Indigenous people","All areas","Imprisonment rate per 100000 people at 30 June","","","","","","","","ABS (unpublished) Prisoners in Australia","rate","52.7","33.9","40.7","63.0","64.2","37.6","22.9","100.8","","47.0"
"CtG10A.4","2023","Imprisonment rate","18-24 years old","All people","Aboriginal and Torres Strait Islander people","All areas","Imprisonment rate per 100000 people at 30 June","","","","","","","","ABS (unpublished) Prisoners in Australia","rate","1260.2","980.4","2151.0","3085.0","1485.4","661.0","1079.6","3887.4","","1903.2"
"CtG10A.4","2023","Imprisonment rate","25-29 years old","All people","Aboriginal and Torres Strait Islander people","All areas","Imprisonment rate per 100000 people at 30 June","","","","","","","","ABS (unpublished) Prisoners in Australia","rate","2711.5","2614.6","3249.0","5514.9","2748.9","1608.9","1873.8","4406.1","","3302.7"
"CtG10A.4","2023","Imprisonment rate","30-34 years old","All people","Aboriginal and Torres Strait Islander people","All areas","Imprisonment rate per 100000 people at 30 June","","","","","","","","ABS (unpublished) Prisoners in Australia","rate","2984.9","2839.9","3829.3","6182.7","3756.7","1484.1","2843.0","5516.0","","3830.7"
"CtG10A.4","2023","Imprisonment rate","35-39 years old","All people","Aboriginal and Torres Strait Islander people","All areas","Imprisonment rate per 100000 people at 30 June","","","","","","","","ABS (unpublished) Prisoners in Australia","rate","2936.1","3168.9","3657.0","6010.4","3813.3","1207.7","2857.1","4712.0","","3722.6"
"CtG10A.4","2023","Imprisonment rate","40-44 years old","All people","Aboriginal and Torres Strait Islander people","All areas","Imprisonment rate per 100000 people at 30 June","","","","","","","","ABS (unpublished) Prisoners in Australia","rate","2342.1","2097.2","3132.9","4539.6","3811.7","1086.3","2811.2","4928.3","","3144.5"
"CtG10A.4","2023","Imprisonment rate","45-49 years old","All people","Aboriginal and Torres Strait Islander people","All areas","Imprisonment rate per 100000 people at 30 June","","","","","","","","ABS (unpublished) Prisoners in Australia","rate","1590.9","1402.6","1974.2","3738.3","2409.6","951.8","1356.6","3519.9","","2179.6"
"CtG10A.4","2023","Imprisonment rate","50-54 years old","All people","Aboriginal and Torres Strait Islander people","All areas","Imprisonment rate per 100000 people at 30 June","","","","","","","","ABS (unpublished) Prisoners in Australia","rate","877.2","761.4","1049.1","2173.9","1174.3","167.4","896.9","1942.9","","1170.3"
"CtG10A.4","2023","Imprisonment rate","55+ years old","All people","Aboriginal and Torres Strait Islander people","All areas","Imprisonment rate per 100000 people at 30 June","","","","","","","","ABS (unpublished) Prisoners in Australia","rate","292.3","326.3","270.9","644.3","635.7","121.5","0","670.5","","365.6"
"CtG10A.4","2023","Imprisonment rate","18-24 years old","All people","Non-Indigenous people","All areas","Imprisonment rate per 100000 people at 30 June","","","","","","","","ABS (unpublished) Prisoners in Australia","rate","108.5","83.5","148.1","128.5","105.6","116.7","64.2","153.7","","111.0"
"CtG10A.4","2023","Imprisonment rate","25-29 years old","All people","Non-Indigenous people","All areas","Imprisonment rate per 100000 people at 30 June","","","","","","","","ABS (unpublished) Prisoners in Australia","rate","200.1","158.7","298.2","283.5","231.2","226.1","95.2","174.4","","215.8"
"CtG10A.4","2023","Imprisonment rate","30-34 years old","All people","Non-Indigenous people","All areas","Imprisonment rate per 100000 people at 30 June","","","","","","","","ABS (unpublished) Prisoners in Australia","rate","244.6","197.8","343.5","347.2","258.7","294.4","139.8","257.4","","261.4"
"CtG10A.4","2023","Imprisonment rate","35-39 years old","All people","Non-Indigenous people","All areas","Imprisonment rate per 100000 people at 30 June","","","","","","","","ABS (unpublished) Prisoners in Australia","rate","236.9","185.3","300.0","323.3","326.8","284.1","140.7","196.6","","249.2"
"CtG10A.4","2023","Imprisonment rate","40-44 years old","All people","Non-Indigenous people","All areas","Imprisonment rate per 100000 people at 30 June","","","","","","","","ABS (unpublished) Prisoners in Australia","rate","236.0","160.7","253.4","288.4","286.6","282.0","89.9","207.6","","227.0"
"CtG10A.4","2023","Imprisonment rate","45-49 years old","All people","Non-Indigenous people","All areas","Imprisonment rate per 100000 people at 30 June","","","","","","","","ABS (unpublished) Prisoners in Australia","rate","186.2","117.2","179.3","212.0","246.8","130.2","95.4","188.7","","171.0"
"CtG10A.4","2023","Imprisonment rate","50-54 years old","All people","Non-Indigenous people","All areas","Imprisonment rate per 100000 people at 30 June","","","","","","","","ABS (unpublished) Prisoners in Australia","rate","143.8","94.8","115.7","171.3","165.0","91.4","80.7","182.0","","128.0"
"CtG10A.4","2023","Imprisonment rate","55+ years old","All people","Non-Indigenous people","All areas","Imprisonment rate per 100000 people at 30 June","","","","","","","","ABS (unpublished) Prisoners in Australia","rate","52.2","34.3","37.4","57.3","58.9","39.2","22.5","102.9","","45.3"
"CtG10A.4","2022","Imprisonment rate","18-24 years old","All people","Aboriginal and Torres Strait Islander people","All areas","Imprisonment rate per 100000 people at 30 June","","","","","","","","ABS (unpublished) Prisoners in Australia","rate","1476.4","971.1","2023.3","2957.9","1537.5","859.2","1430.5","3451.4","","1903.6"
"CtG10A.4","2022","Imprisonment rate","25-29 years old","All people","Aboriginal and Torres Strait Islander people","All areas","Imprisonment rate per 100000 people at 30 June","","","","","","","","ABS (unpublished) Prisoners in Australia","rate","2741.7","2036.1","3056.0","4951.2","2898.6","1325.1","1559.3","4311.9","","3127.1"
"CtG10A.4","2022","Imprisonment rate","30-34 years old","All people","Aboriginal and Torres Strait Islander people","All areas","Imprisonment rate per 100000 people at 30 June","","","","","","","","ABS (unpublished) Prisoners in Australia","rate","3150.5","2204.0","3514.4","5746.9","3924.7","1251.7","2587.3","4997.6","","3652.9"
"CtG10A.4","2022","Imprisonment rate","35-39 years old","All people","Aboriginal and Torres Strait Islander people","All areas","Imprisonment rate per 100000 people at 30 June","","","","","","","","ABS (unpublished) Prisoners in Australia","rate","3179.4","2965.1","3489.4","4994.3","4466.0","733.9","2500.0","4538.2","","3592.3"
"CtG10A.4","2022","Imprisonment rate","40-44 years old","All people","Aboriginal and Torres Strait Islander people","All areas","Imprisonment rate per 100000 people at 30 June","","","","","","","","ABS (unpublished) Prisoners in Australia","rate","2411.9","2317.7","2671.8","4212.2","3318.5","1130.3","2186.9","4531.4","","2945.6"
"CtG10A.4","2022","Imprisonment rate","45-49 years old","All people","Aboriginal and Torres Strait Islander people","All areas","Imprisonment rate per 100000 people at 30 June","","","","","","","","ABS (unpublished) Prisoners in Australia","rate","1592.9","1270.6","1584.5","3266.0","2977.9","562.5","2008.0","3045.3","","1932.7"
"CtG10A.4","2022","Imprisonment rate","50-54 years old","All people","Aboriginal and Torres Strait Islander people","All areas","Imprisonment rate per 100000 people at 30 June","","","","","","","","ABS (unpublished) Prisoners in Australia","rate","784.5","594.9","1039.0","1768.1","1238.3","0","683.4","1645.1","","1045.7"
"CtG10A.4","2022","Imprisonment rate","55+ years old","All people","Aboriginal and Torres Strait Islander people","All areas","Imprisonment rate per 100000 people at 30 June","","","","","","","","ABS (unpublished) Prisoners in Australia","rate","286.2","359.3","272.4","556.7","465.3","71.7","284.4","551.1","","343.8"
"CtG10A.4","2022","Imprisonment rate","18-24 years old","All people","Non-Indigenous people","All areas","Imprisonment rate per 100000 people at 30 June","","","","","","","","ABS (unpublished) Prisoners in Australia","rate","119.1","101.7","151.6","129.8","95.1","129.6","60.2","150.7","","119.4"
"CtG10A.4","2022","Imprisonment rate","25-29 years old","All people","Non-Indigenous people","All areas","Imprisonment rate per 100000 people at 30 June","","","","","","","","ABS (unpublished) Prisoners in Australia","rate","229.4","182.6","302.5","286.9","264.0","187.8","128.7","172.3","","235.4"
"CtG10A.4","2022","Imprisonment rate","30-34 years old","All people","Non-Indigenous people","All areas","Imprisonment rate per 100000 people at 30 June","","","","","","","","ABS (unpublished) Prisoners in Australia","rate","257.1","221.2","318.7","347.2","316.1","183.5","140.4","205.2","","268.6"
"CtG10A.4","2022","Imprisonment rate","35-39 years old","All people","Non-Indigenous people","All areas","Imprisonment rate per 100000 people at 30 June","","","","","","","","ABS (unpublished) Prisoners in Australia","rate","241.6","196.9","273.1","316.1","322.8","251.8","131.0","213.3","","247.1"
"CtG10A.4","2022","Imprisonment rate","40-44 years old","All people","Non-Indigenous people","All areas","Imprisonment rate per 100000 people at 30 June","","","","","","","","ABS (unpublished) Prisoners in Australia","rate","225.7","151.7","246.5","324.2","299.0","236.6","100.0","281.6","","224.2"
"CtG10A.4","2022","Imprisonment rate","45-49 years old","All people","Non-Indigenous people","All areas","Imprisonment rate per 100000 people at 30 June","","","","","","","","ABS (unpublished) Prisoners in Australia","rate","183.2","118.4","157.7","205.1","217.3","164.7","95.1","228.0","","164.5"
"CtG10A.4","2022","Imprisonment rate","50-54 years old","All people","Non-Indigenous people","All areas","Imprisonment rate per 100000 people at 30 June","","","","","","","","ABS (unpublished) Prisoners in Australia","rate","138.6","90.1","111.5","169.3","153.6","74.3","67.6","215.3","","123.0"
"CtG10A.4","2022","Imprisonment rate","55+ years old","All people","Non-Indigenous people","All areas","Imprisonment rate per 100000 people at 30 June","","","","","","","","ABS (unpublished) Prisoners in Australia","rate","50.6","34.9","36.1","56.1","53.0","29.6","23.7","101.3","","43.9"
"CtG10A.4","2021","Imprisonment rate","18-24 years old","All people","Aboriginal and Torres Strait Islander people","All areas","Imprisonment rate per 100000 people at 30 June","","","","","","","","ABS (unpublished) Prisoners in Australia","rate","1518.6","1118.3","1948.1","2973.4","1333.3","537.6","975.6","3013.1","","1854.1"
"CtG10A.4","2021","Imprisonment rate","25-29 years old","All people","Aboriginal and Torres Strait Islander people","All areas","Imprisonment rate per 100000 people at 30 June","","","","","","","","ABS (unpublished) Prisoners in Australia","rate","3012.3","2294.9","3479.4","5796.5","2918.1","1066.6","2510.9","4041.0","","3443.7"
"CtG10A.4","2021","Imprisonment rate","30-34 years old","All people","Aboriginal and Torres Strait Islander people","All areas","Imprisonment rate per 100000 people at 30 June","","","","","","","","ABS (unpublished) Prisoners in Australia","rate","3167.6","2692.9","3730.9","6308.6","4517.0","1459.2","2400.0","4402.4","","3835.2"
"CtG10A.4","2021","Imprisonment rate","35-39 years old","All people","Aboriginal and Torres Strait Islander people","All areas","Imprisonment rate per 100000 people at 30 June","","","","","","","","ABS (unpublished) Prisoners in Australia","rate","3273.6","3312.9","3649.9","5204.9","4552.9","1299.4","3697.5","4881.2","","3794.4"
"CtG10A.4","2021","Imprisonment rate","40-44 years old","All people","Aboriginal and Torres Strait Islander people","All areas","Imprisonment rate per 100000 people at 30 June","","","","","","","","ABS (unpublished) Prisoners in Australia","rate","2213.5","2316.9","2690.3","4683.2","4244.9","1528.1","2067.7","3816.5","","2913.9"
"CtG10A.4","2021","Imprisonment rate","45-49 years old","All people","Aboriginal and Torres Strait Islander people","All areas","Imprisonment rate per 100000 people at 30 June","","","","","","","","ABS (unpublished) Prisoners in Australia","rate","1519.2","1370.6","1705.8","3489.1","1870.6","738.0","1919.0","3099.7","","1940.0"
"CtG10A.4","2021","Imprisonment rate","50-54 years old","All people","Aboriginal and Torres Strait Islander people","All areas","Imprisonment rate per 100000 people at 30 June","","","","","","","","ABS (unpublished) Prisoners in Australia","rate","924.7","766.0","1063.3","1462.2","1162.3","169.4","691.2","1772.5","","1081.1"
"CtG10A.4","2021","Imprisonment rate","55+ years old","All people","Aboriginal and Torres Strait Islander people","All areas","Imprisonment rate per 100000 people at 30 June","","","","","","","","ABS (unpublished) Prisoners in Australia","rate","254.9","313.6","254.8","596.1","529.8","148.9","295.9","396.6","","321.8"
"CtG10A.4","2021","Imprisonment rate","18-24 years old","All people","Non-Indigenous people","All areas","Imprisonment rate per 100000 people at 30 June","","","","","","","","ABS (unpublished) Prisoners in Australia","rate","136.2","115.2","174.1","149.7","111.6","136.4","67.6","156.3","","136.1"
"CtG10A.4","2021","Imprisonment rate","25-29 years old","All people","Non-Indigenous people","All areas","Imprisonment rate per 100000 people at 30 June","","","","","","","","ABS (unpublished) Prisoners in Australia","rate","261.6","213.8","340.0","319.1","287.1","212.8","155.0","220.0","","266.9"
"CtG10A.4","2021","Imprisonment rate","30-34 years old","All people","Non-Indigenous people","All areas","Imprisonment rate per 100000 people at 30 June","","","","","","","","ABS (unpublished) Prisoners in Australia","rate","281.0","240.5","357.2","375.0","323.9","229.1","135.5","231.2","","292.4"
"CtG10A.4","2021","Imprisonment rate","35-39 years old","All people","Non-Indigenous people","All areas","Imprisonment rate per 100000 people at 30 June","","","","","","","","ABS (unpublished) Prisoners in Australia","rate","267.2","216.9","315.0","372.9","363.3","305.0","118.1","216.3","","278.1"
"CtG10A.4","2021","Imprisonment rate","40-44 years old","All people","Non-Indigenous people","All areas","Imprisonment rate per 100000 people at 30 June","","","","","","","","ABS (unpublished) Prisoners in Australia","rate","253.1","181.9","264.0","315.6","320.2","217.8","100.6","287.7","","244.3"
"CtG10A.4","2021","Imprisonment rate","45-49 years old","All people","Non-Indigenous people","All areas","Imprisonment rate per 100000 people at 30 June","","","","","","","","ABS (unpublished) Prisoners in Australia","rate","182.5","131.4","178.9","240.3","195.3","135.5","83.7","162.8","","173.4"
"CtG10A.4","2021","Imprisonment rate","50-54 years old","All people","Non-Indigenous people","All areas","Imprisonment rate per 100000 people at 30 June","","","","","","","","ABS (unpublished) Prisoners in Australia","rate","144.4","94.3","110.3","167.2","160.4","64.3","42.5","296.3","","125.7"
"CtG10A.4","2021","Imprisonment rate","55+ years old","All people","Non-Indigenous people","All areas","Imprisonment rate per 100000 people at 30 June","","","","","","","","ABS (unpublished) Prisoners in Australia","rate","51.6","36.4","34.8","59.0","55.8","29.0","28.0","100.4","","44.8"
"CtG10A.4","2020","Imprisonment rate","18-24 years old","All people","Aboriginal and Torres Strait Islander people","All areas","Imprisonment rate per 100000 people at 30 June","","","","","","","","ABS (unpublished) Prisoners in Australia","rate","1586.3","1191.9","2024.5","3279.9","1642.9","747.6","1417.9","2533.7","","1930.7"
"CtG10A.4","2020","Imprisonment rate","25-29 years old","All people","Aboriginal and Torres Strait Islander people","All areas","Imprisonment rate per 100000 people at 30 June","","","","","","","","ABS (unpublished) Prisoners in Australia","rate","3016.3","2162.3","3022.4","5881.1","2814.2","1533.9","2617.2","3829.0","","3310.6"
"CtG10A.4","2020","Imprisonment rate","30-34 years old","All people","Aboriginal and Torres Strait Islander people","All areas","Imprisonment rate per 100000 people at 30 June","","","","","","","","ABS (unpublished) Prisoners in Australia","rate","2972.5","2567.5","3550.8","6287.9","4160.7","1160.6","4986.1","4317.5","","3674.0"
"CtG10A.4","2020","Imprisonment rate","35-39 years old","All people","Aboriginal and Torres Strait Islander people","All areas","Imprisonment rate per 100000 people at 30 June","","","","","","","","ABS (unpublished) Prisoners in Australia","rate","2846.6","2808.7","2927.7","5368.3","4071.9","1265.2","3169.0","4269.3","","3355.5"
"CtG10A.4","2020","Imprisonment rate","40-44 years old","All people","Aboriginal and Torres Strait Islander people","All areas","Imprisonment rate per 100000 people at 30 June","","","","","","","","ABS (unpublished) Prisoners in Australia","rate","1988.9","2461.0","2443.6","4785.2","4139.3","1441.1","1127.8","3526.4","","2742.6"
"CtG10A.4","2020","Imprisonment rate","45-49 years old","All people","Aboriginal and Torres Strait Islander people","All areas","Imprisonment rate per 100000 people at 30 June","","","","","","","","ABS (unpublished) Prisoners in Australia","rate","1266.0","1341.3","1272.9","3256.8","2195.8","465.9","2803.7","2486.6","","1655.5"
"CtG10A.4","2020","Imprisonment rate","50-54 years old","All people","Aboriginal and Torres Strait Islander people","All areas","Imprisonment rate per 100000 people at 30 June","","","","","","","","ABS (unpublished) Prisoners in Australia","rate","789.1","592.2","776.3","1559.7","1082.9","360.6","0","1451.1","","928.5"
"CtG10A.4","2020","Imprisonment rate","55+ years old","All people","Aboriginal and Torres Strait Islander people","All areas","Imprisonment rate per 100000 people at 30 June","","","","","","","","ABS (unpublished) Prisoners in Australia","rate","255.4","337.9","214.2","511.4","453.1","134.4","318.1","413.9","","303.4"
"CtG10A.4","2020","Imprisonment rate","18-24 years old","All people","Non-Indigenous people","All areas","Imprisonment rate per 100000 people at 30 June","","","","","","","","ABS (unpublished) Prisoners in Australia","rate","142.4","114.3","159.3","168.3","124.2","188.4","109.1","219.0","","139.7"
"CtG10A.4","2020","Imprisonment rate","25-29 years old","All people","Non-Indigenous people","All areas","Imprisonment rate per 100000 people at 30 June","","","","","","","","ABS (unpublished) Prisoners in Australia","rate","252.1","217.8","285.1","334.9","290.8","228.1","168.4","165.9","","256.9"
"CtG10A.4","2020","Imprisonment rate","30-34 years old","All people","Non-Indigenous people","All areas","Imprisonment rate per 100000 people at 30 June","","","","","","","","ABS (unpublished) Prisoners in Australia","rate","270.1","228.7","313.4","385.5","313.8","235.8","151.2","219.4","","278.5"
"CtG10A.4","2020","Imprisonment rate","35-39 years old","All people","Non-Indigenous people","All areas","Imprisonment rate per 100000 people at 30 June","","","","","","","","ABS (unpublished) Prisoners in Australia","rate","267.1","202.0","277.9","367.5","337.2","298.8","143.0","158.0","","263.9"
"CtG10A.4","2020","Imprisonment rate","40-44 years old","All people","Non-Indigenous people","All areas","Imprisonment rate per 100000 people at 30 June","","","","","","","","ABS (unpublished) Prisoners in Australia","rate","243.0","176.8","228.1","327.6","296.3","211.1","127.9","366.4","","233.0"
"CtG10A.4","2020","Imprisonment rate","45-49 years old","All people","Non-Indigenous people","All areas","Imprisonment rate per 100000 people at 30 June","","","","","","","","ABS (unpublished) Prisoners in Australia","rate","179.1","131.0","147.2","236.7","228.9","138.5","131.7","257.6","","168.0"
"CtG10A.4","2020","Imprisonment rate","50-54 years old","All people","Non-Indigenous people","All areas","Imprisonment rate per 100000 people at 30 June","","","","","","","","ABS (unpublished) Prisoners in Australia","rate","138.9","97.3","88.9","168.6","141.1","69.1","48.0","204.5","","119.1"
"CtG10A.4","2020","Imprisonment rate","55+ years old","All people","Non-Indigenous people","All areas","Imprisonment rate per 100000 people at 30 June","","","","","","","","ABS (unpublished) Prisoners in Australia","rate","49.7","38.5","32.3","56.3","52.0","29.1","32.5","129.8","","43.8"
"CtG10A.4","2019","Imprisonment rate","18-24 years old","All people","Aboriginal and Torres Strait Islander people","All areas","Imprisonment rate per 100000 people at 30 June","","","","","","","","ABS (unpublished) Prisoners in Australia","rate","1788.7","1396.1","2113.0","3638.5","1779.9","674.3","1892.7","2824.5","","2112.8"
"CtG10A.4","2019","Imprisonment rate","25-29 years old","All people","Aboriginal and Torres Strait Islander people","All areas","Imprisonment rate per 100000 people at 30 June","","","","","","","","ABS (unpublished) Prisoners in Australia","rate","2998.1","2710.5","2951.0","6207.7","2939.0","1586.6","2870.3","4232.1","","3418.2"
"CtG10A.4","2019","Imprisonment rate","30-34 years old","All people","Aboriginal and Torres Strait Islander people","All areas","Imprisonment rate per 100000 people at 30 June","","","","","","","","ABS (unpublished) Prisoners in Australia","rate","3412.8","3221.3","3216.2","5873.4","3939.0","1244.0","3125.0","4361.7","","3713.8"
"CtG10A.4","2019","Imprisonment rate","35-39 years old","All people","Aboriginal and Torres Strait Islander people","All areas","Imprisonment rate per 100000 people at 30 June","","","","","","","","ABS (unpublished) Prisoners in Australia","rate","2850.0","3470.2","3095.5","5524.3","4053.1","1237.3","2439.0","4414.3","","3490.3"
"CtG10A.4","2019","Imprisonment rate","40-44 years old","All people","Aboriginal and Torres Strait Islander people","All areas","Imprisonment rate per 100000 people at 30 June","","","","","","","","ABS (unpublished) Prisoners in Australia","rate","1951.8","2878.1","2004.5","4923.2","3756.6","1125.0","1872.7","3587.4","","2632.1"
"CtG10A.4","2019","Imprisonment rate","45-49 years old","All people","Aboriginal and Torres Strait Islander people","All areas","Imprisonment rate per 100000 people at 30 June","","","","","","","","ABS (unpublished) Prisoners in Australia","rate","1344.0","1650.2","1199.6","2989.5","1770.9","450.2","1168.2","2526.0","","1642.2"
"CtG10A.4","2019","Imprisonment rate","50-54 years old","All people","Aboriginal and Torres Strait Islander people","All areas","Imprisonment rate per 100000 people at 30 June","","","","","","","","ABS (unpublished) Prisoners in Australia","rate","827.2","784.4","789.8","1686.4","1268.0","432.6","1719.9","2037.2","","1023.9"
"CtG10A.4","2019","Imprisonment rate","55+ years old","All people","Aboriginal and Torres Strait Islander people","All areas","Imprisonment rate per 100000 people at 30 June","","","","","","","","ABS (unpublished) Prisoners in Australia","rate","247.4","398.1","182.7","569.4","490.2","59.8","0","455.9","","299.3"
"CtG10A.4","2019","Imprisonment rate","18-24 years old","All people","Non-Indigenous people","All areas","Imprisonment rate per 100000 people at 30 June","","","","","","","","ABS (unpublished) Prisoners in Australia","rate","157.1","132.8","178.9","197.1","124.8","164.7","123.1","202.7","","155.7"
"CtG10A.4","2019","Imprisonment rate","25-29 years old","All people","Non-Indigenous people","All areas","Imprisonment rate per 100000 people at 30 June","","","","","","","","ABS (unpublished) Prisoners in Australia","rate","284.3","248.7","303.0","387.4","282.8","280.9","188.2","231.4","","286.1"
"CtG10A.4","2019","Imprisonment rate","30-34 years old","All people","Non-Indigenous people","All areas","Imprisonment rate per 100000 people at 30 June","","","","","","","","ABS (unpublished) Prisoners in Australia","rate","284.1","270.5","326.8","379.8","321.6","327.6","177.4","296.1","","299.8"
"CtG10A.4","2019","Imprisonment rate","35-39 years old","All people","Non-Indigenous people","All areas","Imprisonment rate per 100000 people at 30 June","","","","","","","","ABS (unpublished) Prisoners in Australia","rate","295.7","238.0","289.4","392.8","326.9","317.9","148.7","226.2","","287.9"
"CtG10A.4","2019","Imprisonment rate","40-44 years old","All people","Non-Indigenous people","All areas","Imprisonment rate per 100000 people at 30 June","","","","","","","","ABS (unpublished) Prisoners in Australia","rate","254.4","210.5","223.9","331.7","261.9","219.8","149.4","387.9","","243.7"
"CtG10A.4","2019","Imprisonment rate","45-49 years old","All people","Non-Indigenous people","All areas","Imprisonment rate per 100000 people at 30 June","","","","","","","","ABS (unpublished) Prisoners in Australia","rate","193.9","150.8","167.2","231.1","199.1","137.4","112.7","240.3","","179.4"
"CtG10A.4","2019","Imprisonment rate","50-54 years old","All people","Non-Indigenous people","All areas","Imprisonment rate per 100000 people at 30 June","","","","","","","","ABS (unpublished) Prisoners in Australia","rate","139.4","109.3","100.3","169.5","154.1","75.8","53.3","222.0","","125.8"
"CtG10A.4","2019","Imprisonment rate","55+ years old","All people","Non-Indigenous people","All areas","Imprisonment rate per 100000 people at 30 June","","","","","","","","ABS (unpublished) Prisoners in Australia","rate","51.0","41.9","34.7","60.0","49.0","27.6","31.7","106.3","","45.7"
"CtG10A.5","2025","Imprisonment rate","18-24 years old","Males","Aboriginal and Torres Strait Islander people","All areas","Imprisonment rate per 100000 people at 30 June","","","","","","","","Derived from ABS (unpublished) Prisoners in Australia; ABS Estimates and Projections Aboriginal and Torres Strait Islander Australians; ABS (unpublished) Estimates and Projections Aboriginal and Torres Strait Islander Australians","rate","2694.4","1559.5","3977.9","5559.0","2502.7","1120.7","3151.5","8699.8","","3679.8"
"CtG10A.5","2025","Imprisonment rate","25-29 years old","Males","Aboriginal and Torres Strait Islander people","All areas","Imprisonment rate per 100000 people at 30 June","","","","","","","","Derived from ABS (unpublished) Prisoners in Australia; ABS Estimates and Projections Aboriginal and Torres Strait Islander Australians","rate","5131.4","4185.1","6279.2","10627.4","5121.4","2715.3","3502.6","10882.0","","6407.3"
"CtG10A.5","2025","Imprisonment rate","30-34 years old","Males","Aboriginal and Torres Strait Islander people","All areas","Imprisonment rate per 100000 people at 30 June","","","","","","","","Derived from ABS (unpublished) Prisoners in Australia; ABS Estimates and Projections Aboriginal and Torres Strait Islander Australians","rate","6314.1","6031.2","7316.6","13314.8","7194.9","3856.7","5353.3","12526.3","","7954.0"
"CtG10A.5","2025","Imprisonment rate","35-39 years old","Males","Aboriginal and Torres Strait Islander people","All areas","Imprisonment rate per 100000 people at 30 June","","","","","","","","Derived from ABS (unpublished) Prisoners in Australia; ABS Estimates and Projections Aboriginal and Torres Strait Islander Australians","rate","6538.3","5503.5","7828.5","13112.9","8872.9","2788.5","6666.7","12626.9","","8289.2"
"CtG10A.5","2025","Imprisonment rate","40-44 years old","Males","Aboriginal and Torres Strait Islander people","All areas","Imprisonment rate per 100000 people at 30 June","","","","","","","","Derived from ABS (unpublished) Prisoners in Australia; ABS Estimates and Projections Aboriginal and Torres Strait Islander Australians","rate","6043.9","5405.4","5916.1","10486.6","7242.3","3200.0","5660.4","11231.9","","7018.7"
"CtG10A.5","2025","Imprisonment rate","45-49 years old","Males","Aboriginal and Torres Strait Islander people","All areas","Imprisonment rate per 100000 people at 30 June","","","","","","","","Derived from ABS (unpublished) Prisoners in Australia; ABS Estimates and Projections Aboriginal and Torres Strait Islander Australians","rate","4490.4","4079.2","4801.1","8336.0","6826.2","2845.0","3100.8","9184.6","","5589.1"
"CtG10A.5","2025","Imprisonment rate","50-54 years old","Males","Aboriginal and Torres Strait Islander people","All areas","Imprisonment rate per 100000 people at 30 June","","","","","","","","Derived from ABS (unpublished) Prisoners in Australia; ABS Estimates and Projections Aboriginal and Torres Strait Islander Australians","rate","2581.7","1589.7","2482.0","5237.9","4316.0","0","2553.2","5711.4","","3058.1"
"CtG10A.5","2025","Imprisonment rate","55+ years old","Males","Aboriginal and Torres Strait Islander people","All areas","Imprisonment rate per 100000 people at 30 June","","","","","","","","Derived from ABS (unpublished) Prisoners in Australia; ABS Estimates and Projections Aboriginal and Torres Strait Islander Australians","rate","724.9","680.2","738.3","1710.7","1035.0","307.0","1308.4","1956.1","","923.8"
"CtG10A.5","2025","Imprisonment rate","18-24 years old","Females","Aboriginal and Torres Strait Islander people","All areas","Imprisonment rate per 100000 people at 30 June","","","","","","","","Derived from ABS (unpublished) Prisoners in Australia; ABS Estimates and Projections Aboriginal and Torres Strait Islander Australians; ABS (unpublished) Estimates and Projections Aboriginal and Torres Strait Islander Australians","rate","298.4","127.8","582.6","585.1","623.9","241.0","393.7","707.0","","450.5"
"CtG10A.5","2025","Imprisonment rate","25-29 years old","Females","Aboriginal and Torres Strait Islander people","All areas","Imprisonment rate per 100000 people at 30 June","","","","","","","","Derived from ABS (unpublished) Prisoners in Australia; ABS Estimates and Projections Aboriginal and Torres Strait Islander Australians","rate","528.8","356.9","878.7","1828.9","1156.3","0","598.8","819.2","","826.5"
"CtG10A.5","2025","Imprisonment rate","30-34 years old","Females","Aboriginal and Torres Strait Islander people","All areas","Imprisonment rate per 100000 people at 30 June","","","","","","","","Derived from ABS (unpublished) Prisoners in Australia; ABS Estimates and Projections Aboriginal and Torres Strait Islander Australians","rate","650.0","480.0","987.9","2607.8","1352.7","232.9","1179.2","1694.9","","1076.4"
"CtG10A.5","2025","Imprisonment rate","35-39 years old","Females","Aboriginal and Torres Strait Islander people","All areas","Imprisonment rate per 100000 people at 30 June","","","","","","","","Derived from ABS (unpublished) Prisoners in Australia; ABS Estimates and Projections Aboriginal and Torres Strait Islander Australians","rate","764.9","431.2","876.7","2420.8","1083.9","0","0","717.1","","970.6"
"CtG10A.5","2025","Imprisonment rate","40-44 years old","Females","Aboriginal and Torres Strait Islander people","All areas","Imprisonment rate per 100000 people at 30 June","","","","","","","","Derived from ABS (unpublished) Prisoners in Australia; ABS Estimates and Projections Aboriginal and Torres Strait Islander Australians","rate","490.3","149.2","849.0","2151.8","1361.0","291.8","1090.9","978.9","","860.9"
"CtG10A.5","2025","Imprisonment rate","45-49 years old","Females","Aboriginal and Torres Strait Islander people","All areas","Imprisonment rate per 100000 people at 30 June","","","","","","","","Derived from ABS (unpublished) Prisoners in Australia; ABS Estimates and Projections Aboriginal and Torres Strait Islander Australians","rate","401.5","159.9","464.2","1373.1","244.5","0","0","732.1","","532.0"
"CtG10A.5","2025","Imprisonment rate","50-54 years old","Females","Aboriginal and Torres Strait Islander people","All areas","Imprisonment rate per 100000 people at 30 June","","","","","","","","Derived from ABS (unpublished) Prisoners in Australia; ABS Estimates and Projections Aboriginal and Torres Strait Islander Australians","rate","228.5","301.7","245.6","630.2","420.8","0","0","596.1","","322.1"
"CtG10A.5","2025","Imprisonment rate","55+ years old","Females","Aboriginal and Torres Strait Islander people","All areas","Imprisonment rate per 100000 people at 30 June","","","","","","","","Derived from ABS (unpublished) Prisoners in Australia; ABS Estimates and Projections Aboriginal and Torres Strait Islander Australians","rate","14.3","0","32.7","133.3","0","0","0","149.9","","43.4"
"CtG10A.5","2025","Imprisonment rate","18-24 years old","Males","Non-Indigenous people","All areas","Imprisonment rate per 100000 people at 30 June","","","","","","","","Derived from ABS (unpublished) Prisoners in Australia; ABS National state and territory population - March; ABS Estimates and Projections Aboriginal and Torres Strait Islander Australians; ABS (unpublished) Estimates and Projections Aboriginal and Torres Strait Islander Australians","rate","164.1","142.5","252.6","251.7","180.7","212.7","107.3","272.7","","187.7"
"CtG10A.5","2025","Imprisonment rate","25-29 years old","Males","Non-Indigenous people","All areas","Imprisonment rate per 100000 people at 30 June","","","","","","","","Derived from ABS (unpublished) Prisoners in Australia; ABS National state and territory population - March; ABS Estimates and Projections Aboriginal and Torres Strait Islander Australians","rate","321.8","264.7","458.4","436.7","393.8","384.5","200.4","304.3","","349.3"
"CtG10A.5","2025","Imprisonment rate","30-34 years old","Males","Non-Indigenous people","All areas","Imprisonment rate per 100000 people at 30 June","","","","","","","","Derived from ABS (unpublished) Prisoners in Australia; ABS National state and territory population - March; ABS Estimates and Projections Aboriginal and Torres Strait Islander Australians","rate","434.0","357.9","609.3","683.1","548.3","414.8","281.0","626.0","","480.8"
"CtG10A.5","2025","Imprisonment rate","35-39 years old","Males","Non-Indigenous people","All areas","Imprisonment rate per 100000 people at 30 June","","","","","","","","Derived from ABS (unpublished) Prisoners in Australia; ABS National state and territory population - March; ABS Estimates and Projections Aboriginal and Torres Strait Islander Australians","rate","437.4","343.2","582.5","635.4","625.5","468.3","250.7","648.9","","473.5"
"CtG10A.5","2025","Imprisonment rate","40-44 years old","Males","Non-Indigenous people","All areas","Imprisonment rate per 100000 people at 30 June","","","","","","","","Derived from ABS (unpublished) Prisoners in Australia; ABS National state and territory population - March; ABS Estimates and Projections Aboriginal and Torres Strait Islander Australians","rate","402.2","285.9","470.7","615.2","599.0","491.0","163.6","506.4","","420.4"
"CtG10A.5","2025","Imprisonment rate","45-49 years old","Males","Non-Indigenous people","All areas","Imprisonment rate per 100000 people at 30 June","","","","","","","","Derived from ABS (unpublished) Prisoners in Australia; ABS National state and territory population - March; ABS Estimates and Projections Aboriginal and Torres Strait Islander Australians","rate","355.6","228.5","397.6","511.8","494.6","295.8","150.4","611.4","","355.4"
"CtG10A.5","2025","Imprisonment rate","50-54 years old","Males","Non-Indigenous people","All areas","Imprisonment rate per 100000 people at 30 June","","","","","","","","Derived from ABS (unpublished) Prisoners in Australia; ABS National state and territory population - March; ABS Estimates and Projections Aboriginal and Torres Strait Islander Australians","rate","248.1","164.8","248.5","381.0","393.6","204.7","123.1","483.2","","252.3"
"CtG10A.5","2025","Imprisonment rate","55+ years old","Males","Non-Indigenous people","All areas","Imprisonment rate per 100000 people at 30 June","","","","","","","","Derived from ABS (unpublished) Prisoners in Australia; ABS National state and territory population - March; ABS Estimates and Projections Aboriginal and Torres Strait Islander Australians","rate","107.7","71.2","80.1","139.9","130.6","74.2","73.0","236.2","","97.3"
"CtG10A.5","2025","Imprisonment rate","18-24 years old","Females","Non-Indigenous people","All areas","Imprisonment rate per 100000 people at 30 June","","","","","","","","Derived from ABS (unpublished) Prisoners in Australia; ABS National state and territory population - March; ABS Estimates and Projections Aboriginal and Torres Strait Islander Australians; ABS (unpublished) Estimates and Projections Aboriginal and Torres Strait Islander Australians","rate","14.5","6.7","26.5","27.0","13.4","27.5","0","0","","15.6"
"CtG10A.5","2025","Imprisonment rate","25-29 years old","Females","Non-Indigenous people","All areas","Imprisonment rate per 100000 people at 30 June","","","","","","","","Derived from ABS (unpublished) Prisoners in Australia; ABS National state and territory population - March; ABS Estimates and Projections Aboriginal and Torres Strait Islander Australians","rate","20.6","12.3","50.9","54.8","40.5","53.9","0","0","","29.1"
"CtG10A.5","2025","Imprisonment rate","30-34 years old","Females","Non-Indigenous people","All areas","Imprisonment rate per 100000 people at 30 June","","","","","","","","Derived from ABS (unpublished) Prisoners in Australia; ABS National state and territory population - March; ABS Estimates and Projections Aboriginal and Torres Strait Islander Australians","rate","25.9","19.3","53.6","71.9","37.2","37.0","0","62.4","","35.8"
"CtG10A.5","2025","Imprisonment rate","35-39 years old","Females","Non-Indigenous people","All areas","Imprisonment rate per 100000 people at 30 June","","","","","","","","Derived from ABS (unpublished) Prisoners in Australia; ABS National state and territory population - March; ABS Estimates and Projections Aboriginal and Torres Strait Islander Australians","rate","33.0","18.1","47.7","63.7","37.8","22.8","0","36.7","","34.3"
"CtG10A.5","2025","Imprisonment rate","40-44 years old","Females","Non-Indigenous people","All areas","Imprisonment rate per 100000 people at 30 June","","","","","","","","Derived from ABS (unpublished) Prisoners in Australia; ABS National state and territory population - March; ABS Estimates and Projections Aboriginal and Torres Strait Islander Australians","rate","18.6","17.7","45.4","63.4","39.4","53.4","0","42.9","","30.8"
"CtG10A.5","2025","Imprisonment rate","45-49 years old","Females","Non-Indigenous people","All areas","Imprisonment rate per 100000 people at 30 June","","","","","","","","Derived from ABS (unpublished) Prisoners in Australia; ABS National state and territory population - March; ABS Estimates and Projections Aboriginal and Torres Strait Islander Australians","rate","24.3","16.0","32.1","28.1","37.3","19.2","0","52.0","","25.8"
"CtG10A.5","2025","Imprisonment rate","50-54 years old","Females","Non-Indigenous people","All areas","Imprisonment rate per 100000 people at 30 June","","","","","","","","Derived from ABS (unpublished) Prisoners in Australia; ABS National state and territory population - March; ABS Estimates and Projections Aboriginal and Torres Strait Islander Australians","rate","15.2","10.2","14.3","29.1","24.6","17.1","0","0","","16.1"
"CtG10A.5","2025","Imprisonment rate","55+ years old","Females","Non-Indigenous people","All areas","Imprisonment rate per 100000 people at 30 June","","","","","","","","Derived from ABS (unpublished) Prisoners in Australia; ABS National state and territory population - March; ABS Estimates and Projections Aboriginal and Torres Strait Islander Australians","rate","4.3","2.2","4.6","7.9","4.4","4.9","0","0","","4.3"
"CtG10A.5","2024","Imprisonment rate","18-24 years old","Males","Aboriginal and Torres Strait Islander people","All areas","Imprisonment rate per 100000 people at 30 June","","","","","","","","Derived from ABS (unpublished) Prisoners in Australia; ABS Estimates and Projections Aboriginal and Torres Strait Islander Australians; ABS (unpublished) Estimates and Projections Aboriginal and Torres Strait Islander Australians","rate","2511.1","1497.2","3956.0","5713.9","2828.6","983.9","2151.9","7173.2","","3540.9"
"CtG10A.5","2024","Imprisonment rate","25-29 years old","Males","Aboriginal and Torres Strait Islander people","All areas","Imprisonment rate per 100000 people at 30 June","","","","","","","","Derived from ABS (unpublished) Prisoners in Australia; ABS Estimates and Projections Aboriginal and Torres Strait Islander Australians","rate","5120.7","3639.2","6312.0","10704.4","5149.1","3246.2","4301.1","9985.7","","6365.6"
"CtG10A.5","2024","Imprisonment rate","30-34 years old","Males","Aboriginal and Torres Strait Islander people","All areas","Imprisonment rate per 100000 people at 30 June","","","","","","","","Derived from ABS (unpublished) Prisoners in Australia; ABS Estimates and Projections Aboriginal and Torres Strait Islander Australians","rate","6244.4","4259.9","7225.6","12600.3","7489.9","4438.1","6074.8","10424.2","","7549.5"
"CtG10A.5","2024","Imprisonment rate","35-39 years old","Males","Aboriginal and Torres Strait Islander people","All areas","Imprisonment rate per 100000 people at 30 June","","","","","","","","Derived from ABS (unpublished) Prisoners in Australia; ABS Estimates and Projections Aboriginal and Torres Strait Islander Australians","rate","6456.2","5290.6","6930.1","11825.5","8505.6","2302.3","8670.5","9855.2","","7563.2"
"CtG10A.5","2024","Imprisonment rate","40-44 years old","Males","Aboriginal and Torres Strait Islander people","All areas","Imprisonment rate per 100000 people at 30 June","","","","","","","","Derived from ABS (unpublished) Prisoners in Australia; ABS Estimates and Projections Aboriginal and Torres Strait Islander Australians","rate","5853.0","3903.6","6061.9","10246.8","7732.3","2905.6","5857.7","10219.9","","6751.8"
"CtG10A.5","2024","Imprisonment rate","45-49 years old","Males","Aboriginal and Torres Strait Islander people","All areas","Imprisonment rate per 100000 people at 30 June","","","","","","","","Derived from ABS (unpublished) Prisoners in Australia; ABS Estimates and Projections Aboriginal and Torres Strait Islander Australians","rate","3699.7","2761.5","4133.1","7971.0","6417.1","1952.6","0","6984.1","","4676.2"
"CtG10A.5","2024","Imprisonment rate","50-54 years old","Males","Aboriginal and Torres Strait Islander people","All areas","Imprisonment rate per 100000 people at 30 June","","","","","","","","Derived from ABS (unpublished) Prisoners in Australia; ABS Estimates and Projections Aboriginal and Torres Strait Islander Australians","rate","1968.7","1515.9","2259.5","4611.4","2272.7","828.4","3829.8","4181.2","","2531.4"
"CtG10A.5","2024","Imprisonment rate","55+ years old","Males","Aboriginal and Torres Strait Islander people","All areas","Imprisonment rate per 100000 people at 30 June","","","","","","","","Derived from ABS (unpublished) Prisoners in Australia; ABS Estimates and Projections Aboriginal and Torres Strait Islander Australians","rate","724.9","766.4","707.1","1587.7","1287.7","246.7","1162.8","1475.5","","880.1"
"CtG10A.5","2024","Imprisonment rate","18-24 years old","Females","Aboriginal and Torres Strait Islander people","All areas","Imprisonment rate per 100000 people at 30 June","","","","","","","","Derived from ABS (unpublished) Prisoners in Australia; ABS Estimates and Projections Aboriginal and Torres Strait Islander Australians; ABS (unpublished) Estimates and Projections Aboriginal and Torres Strait Islander Australians","rate","245.1","95.2","577.9","612.1","183.3","352.8","0","356.5","","382.3"
"CtG10A.5","2024","Imprisonment rate","25-29 years old","Females","Aboriginal and Torres Strait Islander people","All areas","Imprisonment rate per 100000 people at 30 June","","","","","","","","Derived from ABS (unpublished) Prisoners in Australia; ABS Estimates and Projections Aboriginal and Torres Strait Islander Australians","rate","590.6","277.6","808.2","1534.4","878.4","330.0","816.3","543.3","","762.6"
"CtG10A.5","2024","Imprisonment rate","30-34 years old","Females","Aboriginal and Torres Strait Islander people","All areas","Imprisonment rate per 100000 people at 30 June","","","","","","","","Derived from ABS (unpublished) Prisoners in Australia; ABS Estimates and Projections Aboriginal and Torres Strait Islander Australians","rate","539.4","99.5","829.1","2188.0","943.4","0","707.5","1047.4","","842.6"
"CtG10A.5","2024","Imprisonment rate","35-39 years old","Females","Aboriginal and Torres Strait Islander people","All areas","Imprisonment rate per 100000 people at 30 June","","","","","","","","Derived from ABS (unpublished) Prisoners in Australia; ABS Estimates and Projections Aboriginal and Torres Strait Islander Australians","rate","580.2","123.0","1126.0","2240.7","1474.1","269.5","0","567.4","","951.0"
"CtG10A.5","2024","Imprisonment rate","40-44 years old","Females","Aboriginal and Torres Strait Islander people","All areas","Imprisonment rate per 100000 people at 30 June","","","","","","","","Derived from ABS (unpublished) Prisoners in Australia; ABS Estimates and Projections Aboriginal and Torres Strait Islander Australians","rate","603.4","256.5","839.9","1640.3","1189.6","311.5","1098.9","422.8","","827.4"
"CtG10A.5","2024","Imprisonment rate","45-49 years old","Females","Aboriginal and Torres Strait Islander people","All areas","Imprisonment rate per 100000 people at 30 June","","","","","","","","Derived from ABS (unpublished) Prisoners in Australia; ABS Estimates and Projections Aboriginal and Torres Strait Islander Australians","rate","287.8","160.4","522.3","1445.4","403.6","342.5","0","614.8","","528.9"
"CtG10A.5","2024","Imprisonment rate","50-54 years old","Females","Aboriginal and Torres Strait Islander people","All areas","Imprisonment rate per 100000 people at 30 June","","","","","","","","Derived from ABS (unpublished) Prisoners in Australia; ABS Estimates and Projections Aboriginal and Torres Strait Islander Australians","rate","258.5","0","300.5","433.3","207.0","0","0","224.9","","257.8"
"CtG10A.5","2024","Imprisonment rate","55+ years old","Females","Aboriginal and Torres Strait Islander people","All areas","Imprisonment rate per 100000 people at 30 June","","","","","","","","Derived from ABS (unpublished) Prisoners in Australia; ABS Estimates and Projections Aboriginal and Torres Strait Islander Australians","rate","26.0","0","19.5","80.5","0","0","0","69.1","","38.5"
"CtG10A.5","2024","Imprisonment rate","18-24 years old","Males","Non-Indigenous people","All areas","Imprisonment rate per 100000 people at 30 June","","","","","","","","Derived from ABS (unpublished) Prisoners in Australia; ABS National state and territory population - March; ABS Estimates and Projections Aboriginal and Torres Strait Islander Australians; ABS (unpublished) Estimates and Projections Aboriginal and Torres Strait Islander Australians","rate","165.0","117.5","247.3","241.1","178.5","248.7","105.6","303.2","","178.8"
"CtG10A.5","2024","Imprisonment rate","25-29 years old","Males","Non-Indigenous people","All areas","Imprisonment rate per 100000 people at 30 June","","","","","","","","Derived from ABS (unpublished) Prisoners in Australia; ABS National state and territory population - March; ABS Estimates and Projections Aboriginal and Torres Strait Islander Australians","rate","339.3","253.8","486.5","497.8","426.4","445.7","210.0","366.9","","365.6"
"CtG10A.5","2024","Imprisonment rate","30-34 years old","Males","Non-Indigenous people","All areas","Imprisonment rate per 100000 people at 30 June","","","","","","","","Derived from ABS (unpublished) Prisoners in Australia; ABS National state and territory population - March; ABS Estimates and Projections Aboriginal and Torres Strait Islander Australians","rate","451.1","329.8","605.7","611.8","607.7","482.7","245.7","506.9","","472.0"
"CtG10A.5","2024","Imprisonment rate","35-39 years old","Males","Non-Indigenous people","All areas","Imprisonment rate per 100000 people at 30 June","","","","","","","","Derived from ABS (unpublished) Prisoners in Australia; ABS National state and territory population - March; ABS Estimates and Projections Aboriginal and Torres Strait Islander Australians","rate","446.8","314.2","578.3","680.0","597.9","594.9","290.5","496.7","","472.2"
"CtG10A.5","2024","Imprisonment rate","40-44 years old","Males","Non-Indigenous people","All areas","Imprisonment rate per 100000 people at 30 June","","","","","","","","Derived from ABS (unpublished) Prisoners in Australia; ABS National state and territory population - March; ABS Estimates and Projections Aboriginal and Torres Strait Islander Australians","rate","430.0","269.2","496.1","541.4","593.1","518.4","151.4","385.4","","419.5"
"CtG10A.5","2024","Imprisonment rate","45-49 years old","Males","Non-Indigenous people","All areas","Imprisonment rate per 100000 people at 30 June","","","","","","","","Derived from ABS (unpublished) Prisoners in Australia; ABS National state and territory population - March; ABS Estimates and Projections Aboriginal and Torres Strait Islander Australians","rate","350.4","211.6","351.8","470.3","501.8","348.1","174.7","539.3","","335.6"
"CtG10A.5","2024","Imprisonment rate","50-54 years old","Males","Non-Indigenous people","All areas","Imprisonment rate per 100000 people at 30 June","","","","","","","","Derived from ABS (unpublished) Prisoners in Australia; ABS National state and territory population - March; ABS Estimates and Projections Aboriginal and Torres Strait Islander Australians","rate","263.6","164.6","246.5","340.2","378.4","154.2","80.6","335.1","","246.6"
"CtG10A.5","2024","Imprisonment rate","55+ years old","Males","Non-Indigenous people","All areas","Imprisonment rate per 100000 people at 30 June","","","","","","","","Derived from ABS (unpublished) Prisoners in Australia; ABS National state and territory population - March; ABS Estimates and Projections Aboriginal and Torres Strait Islander Australians","rate","107.9","68.9","79.3","122.6","130.2","76.5","49.3","191.2","","94.8"
"CtG10A.5","2024","Imprisonment rate","18-24 years old","Females","Non-Indigenous people","All areas","Imprisonment rate per 100000 people at 30 June","","","","","","","","Derived from ABS (unpublished) Prisoners in Australia; ABS National state and territory population - March; ABS Estimates and Projections Aboriginal and Torres Strait Islander Australians; ABS (unpublished) Estimates and Projections Aboriginal and Torres Strait Islander Australians","rate","12.9","6.5","25.1","20.1","12.2","27.0","12.9","0","","14.1"
"CtG10A.5","2024","Imprisonment rate","25-29 years old","Females","Non-Indigenous people","All areas","Imprisonment rate per 100000 people at 30 June","","","","","","","","Derived from ABS (unpublished) Prisoners in Australia; ABS National state and territory population - March; ABS Estimates and Projections Aboriginal and Torres Strait Islander Australians","rate","22.5","13.1","39.0","50.0","28.1","51.5","0","35.6","","27.5"
"CtG10A.5","2024","Imprisonment rate","30-34 years old","Females","Non-Indigenous people","All areas","Imprisonment rate per 100000 people at 30 June","","","","","","","","Derived from ABS (unpublished) Prisoners in Australia; ABS National state and territory population - March; ABS Estimates and Projections Aboriginal and Torres Strait Islander Australians","rate","26.4","15.0","56.6","66.1","22.3","36.5","0","52.6","","33.0"
"CtG10A.5","2024","Imprisonment rate","35-39 years old","Females","Non-Indigenous people","All areas","Imprisonment rate per 100000 people at 30 June","","","","","","","","Derived from ABS (unpublished) Prisoners in Australia; ABS National state and territory population - March; ABS Estimates and Projections Aboriginal and Torres Strait Islander Australians","rate","29.1","12.8","47.9","69.8","38.3","50.9","0","37.5","","33.3"
"CtG10A.5","2024","Imprisonment rate","40-44 years old","Females","Non-Indigenous people","All areas","Imprisonment rate per 100000 people at 30 June","","","","","","","","Derived from ABS (unpublished) Prisoners in Australia; ABS National state and territory population - March; ABS Estimates and Projections Aboriginal and Torres Strait Islander Australians","rate","25.7","10.4","47.4","52.9","42.5","18.2","17.1","0","","31.0"
"CtG10A.5","2024","Imprisonment rate","45-49 years old","Females","Non-Indigenous people","All areas","Imprisonment rate per 100000 people at 30 June","","","","","","","","Derived from ABS (unpublished) Prisoners in Australia; ABS National state and territory population - March; ABS Estimates and Projections Aboriginal and Torres Strait Islander Australians","rate","23.0","15.8","28.2","37.8","45.1","19.3","0","0","","24.0"
"CtG10A.5","2024","Imprisonment rate","50-54 years old","Females","Non-Indigenous people","All areas","Imprisonment rate per 100000 people at 30 June","","","","","","","","Derived from ABS (unpublished) Prisoners in Australia; ABS National state and territory population - March; ABS Estimates and Projections Aboriginal and Torres Strait Islander Australians","rate","15.6","6.0","21.7","26.9","19.1","22.5","0","0","","15.9"
"CtG10A.5","2024","Imprisonment rate","55+ years old","Females","Non-Indigenous people","All areas","Imprisonment rate per 100000 people at 30 June","","","","","","","","Derived from ABS (unpublished) Prisoners in Australia; ABS National state and territory population - March; ABS Estimates and Projections Aboriginal and Torres Strait Islander Australians","rate","3.0","2.8","5.2","6.3","5.7","0","0","0","","3.7"
"CtG10A.5","2023","Imprisonment rate","18-24 years old","Males","Aboriginal and Torres Strait Islander people","All areas","Imprisonment rate per 100000 people at 30 June","","","","","","","","Derived from ABS (unpublished) Prisoners in Australia; ABS Estimates and Projections Aboriginal and Torres Strait Islander Australians; ABS (unpublished) Estimates and Projections Aboriginal and Torres Strait Islander Australians","rate","2260.7","1651.2","3722.6","5500.5","2587.7","1293.3","2016.1","7049.9","","3352.6"
"CtG10A.5","2023","Imprisonment rate","25-29 years old","Males","Aboriginal and Torres Strait Islander people","All areas","Imprisonment rate per 100000 people at 30 June","","","","","","","","Derived from ABS (unpublished) Prisoners in Australia; ABS Estimates and Projections Aboriginal and Torres Strait Islander Australians","rate","4856.5","4840.0","5675.8","9533.7","5032.0","3070.5","2621.7","8090.1","","5877.7"
"CtG10A.5","2023","Imprisonment rate","30-34 years old","Males","Aboriginal and Torres Strait Islander people","All areas","Imprisonment rate per 100000 people at 30 June","","","","","","","","Derived from ABS (unpublished) Prisoners in Australia; ABS Estimates and Projections Aboriginal and Torres Strait Islander Australians","rate","5476.2","5352.6","6775.9","10218.8","6910.8","3030.3","6015.0","10228.0","","6879.3"
"CtG10A.5","2023","Imprisonment rate","35-39 years old","Males","Aboriginal and Torres Strait Islander people","All areas","Imprisonment rate per 100000 people at 30 June","","","","","","","","Derived from ABS (unpublished) Prisoners in Australia; ABS Estimates and Projections Aboriginal and Torres Strait Islander Australians","rate","5374.5","6085.9","6505.1","9773.2","6732.6","2258.7","4437.9","9048.5","","6655.2"
"CtG10A.5","2023","Imprisonment rate","40-44 years old","Males","Aboriginal and Torres Strait Islander people","All areas","Imprisonment rate per 100000 people at 30 June","","","","","","","","Derived from ABS (unpublished) Prisoners in Australia; ABS Estimates and Projections Aboriginal and Torres Strait Islander Australians","rate","4489.8","4207.3","5664.5","7598.4","6862.0","2157.4","4000.0","9728.6","","5797.0"
"CtG10A.5","2023","Imprisonment rate","45-49 years old","Males","Aboriginal and Torres Strait Islander people","All areas","Imprisonment rate per 100000 people at 30 June","","","","","","","","Derived from ABS (unpublished) Prisoners in Australia; ABS Estimates and Projections Aboriginal and Torres Strait Islander Australians","rate","3046.9","2883.0","3643.5","6252.0","5164.7","1534.2","2974.0","6926.6","","4033.2"
"CtG10A.5","2023","Imprisonment rate","50-54 years old","Males","Aboriginal and Torres Strait Islander people","All areas","Imprisonment rate per 100000 people at 30 June","","","","","","","","Derived from ABS (unpublished) Prisoners in Australia; ABS Estimates and Projections Aboriginal and Torres Strait Islander Australians","rate","1729.5","1536.1","2015.1","3875.2","2671.8","347.6","1793.7","3736.9","","2242.9"
"CtG10A.5","2023","Imprisonment rate","55+ years old","Males","Aboriginal and Torres Strait Islander people","All areas","Imprisonment rate per 100000 people at 30 June","","","","","","","","Derived from ABS (unpublished) Prisoners in Australia; ABS Estimates and Projections Aboriginal and Torres Strait Islander Australians","rate","588.8","679.0","546.7","1379.8","1222.9","255.0","0","1444.2","","756.5"
"CtG10A.5","2023","Imprisonment rate","18-24 years old","Females","Aboriginal and Torres Strait Islander people","All areas","Imprisonment rate per 100000 people at 30 June","","","","","","","","Derived from ABS (unpublished) Prisoners in Australia; ABS Estimates and Projections Aboriginal and Torres Strait Islander Australians; ABS (unpublished) Estimates and Projections Aboriginal and Torres Strait Islander Australians","rate","209.3","136.8","548.9","555.9","345.2","260.4","0","380.6","","369.5"
"CtG10A.5","2023","Imprisonment rate","25-29 years old","Females","Aboriginal and Torres Strait Islander people","All areas","Imprisonment rate per 100000 people at 30 June","","","","","","","","Derived from ABS (unpublished) Prisoners in Australia; ABS Estimates and Projections Aboriginal and Torres Strait Islander Australians","rate","521.4","231.4","747.7","1165.9","513.3","0","0","541.4","","625.6"
"CtG10A.5","2023","Imprisonment rate","30-34 years old","Females","Aboriginal and Torres Strait Islander people","All areas","Imprisonment rate per 100000 people at 30 June","","","","","","","","Derived from ABS (unpublished) Prisoners in Australia; ABS Estimates and Projections Aboriginal and Torres Strait Islander Australians","rate","478.4","135.5","869.5","1756.8","759.9","0","0","685.8","","746.2"
"CtG10A.5","2023","Imprisonment rate","35-39 years old","Females","Aboriginal and Torres Strait Islander people","All areas","Imprisonment rate per 100000 people at 30 June","","","","","","","","Derived from ABS (unpublished) Prisoners in Australia; ABS Estimates and Projections Aboriginal and Torres Strait Islander Australians","rate","528.2","173.7","953.1","1837.8","1265.8","0","1834.9","611.2","","803.9"
"CtG10A.5","2023","Imprisonment rate","40-44 years old","Females","Aboriginal and Torres Strait Islander people","All areas","Imprisonment rate per 100000 people at 30 June","","","","","","","","Derived from ABS (unpublished) Prisoners in Australia; ABS Estimates and Projections Aboriginal and Torres Strait Islander Australians","rate","315.2","0","734.6","1302.9","471.0","416.2","1098.9","626.0","","615.4"
"CtG10A.5","2023","Imprisonment rate","45-49 years old","Females","Aboriginal and Torres Strait Islander people","All areas","Imprisonment rate per 100000 people at 30 June","","","","","","","","Derived from ABS (unpublished) Prisoners in Australia; ABS Estimates and Projections Aboriginal and Torres Strait Islander Australians","rate","271.4","321.4","462.0","1159.6","233.6","0","0","399.6","","412.6"
"CtG10A.5","2023","Imprisonment rate","50-54 years old","Females","Aboriginal and Torres Strait Islander people","All areas","Imprisonment rate per 100000 people at 30 June","","","","","","","","Derived from ABS (unpublished) Prisoners in Australia; ABS Estimates and Projections Aboriginal and Torres Strait Islander Australians","rate","180.0","0","192.8","396.4","0","0","0","220.8","","184.5"
"CtG10A.5","2023","Imprisonment rate","55+ years old","Females","Aboriginal and Torres Strait Islander people","All areas","Imprisonment rate per 100000 people at 30 June","","","","","","","","Derived from ABS (unpublished) Prisoners in Australia; ABS Estimates and Projections Aboriginal and Torres Strait Islander Australians","rate","11.5","0","15.4","71.8","0","0","0","72.1","","27.7"
"CtG10A.5","2023","Imprisonment rate","18-24 years old","Males","Non-Indigenous people","All areas","Imprisonment rate per 100000 people at 30 June","","","","","","","","Derived from ABS (unpublished) Prisoners in Australia; ABS National state and territory population - March; ABS Estimates and Projections Aboriginal and Torres Strait Islander Australians; ABS (unpublished) Estimates and Projections Aboriginal and Torres Strait Islander Australians","rate","193.9","155.8","260.5","226.1","198.9","215.1","118.8","285.6","","200.2"
"CtG10A.5","2023","Imprisonment rate","25-29 years old","Males","Non-Indigenous people","All areas","Imprisonment rate per 100000 people at 30 June","","","","","","","","Derived from ABS (unpublished) Prisoners in Australia; ABS National state and territory population - March; ABS Estimates and Projections Aboriginal and Torres Strait Islander Australians","rate","367.7","294.9","547.1","496.4","411.0","418.5","176.6","362.6","","394.7"
"CtG10A.5","2023","Imprisonment rate","30-34 years old","Males","Non-Indigenous people","All areas","Imprisonment rate per 100000 people at 30 June","","","","","","","","Derived from ABS (unpublished) Prisoners in Australia; ABS National state and territory population - March; ABS Estimates and Projections Aboriginal and Torres Strait Islander Australians","rate","463.1","384.1","644.5","636.8","482.1","513.4","284.9","470.1","","492.8"
"CtG10A.5","2023","Imprisonment rate","35-39 years old","Males","Non-Indigenous people","All areas","Imprisonment rate per 100000 people at 30 June","","","","","","","","Derived from ABS (unpublished) Prisoners in Australia; ABS National state and territory population - March; ABS Estimates and Projections Aboriginal and Torres Strait Islander Australians","rate","451.9","353.9","555.1","577.7","612.3","506.1","257.1","455.9","","466.5"
"CtG10A.5","2023","Imprisonment rate","40-44 years old","Males","Non-Indigenous people","All areas","Imprisonment rate per 100000 people at 30 June","","","","","","","","Derived from ABS (unpublished) Prisoners in Australia; ABS National state and territory population - March; ABS Estimates and Projections Aboriginal and Torres Strait Islander Australians","rate","444.6","306.5","478.0","534.9","561.3","525.0","163.3","414.7","","427.4"
"CtG10A.5","2023","Imprisonment rate","45-49 years old","Males","Non-Indigenous people","All areas","Imprisonment rate per 100000 people at 30 June","","","","","","","","Derived from ABS (unpublished) Prisoners in Australia; ABS National state and territory population - March; ABS Estimates and Projections Aboriginal and Torres Strait Islander Australians","rate","346.0","233.2","335.9","387.5","458.8","270.7","177.3","406.9","","322.0"
"CtG10A.5","2023","Imprisonment rate","50-54 years old","Males","Non-Indigenous people","All areas","Imprisonment rate per 100000 people at 30 June","","","","","","","","Derived from ABS (unpublished) Prisoners in Australia; ABS National state and territory population - March; ABS Estimates and Projections Aboriginal and Torres Strait Islander Australians","rate","274.8","183.5","213.7","301.1","317.7","199.4","111.4","382.3","","241.3"
"CtG10A.5","2023","Imprisonment rate","55+ years old","Males","Non-Indigenous people","All areas","Imprisonment rate per 100000 people at 30 June","","","","","","","","Derived from ABS (unpublished) Prisoners in Australia; ABS National state and territory population - March; ABS Estimates and Projections Aboriginal and Torres Strait Islander Australians","rate","105.9","70.2","73.2","112.2","117.2","78.6","48.3","194.8","","91.0"
"CtG10A.5","2023","Imprisonment rate","18-24 years old","Females","Non-Indigenous people","All areas","Imprisonment rate per 100000 people at 30 June","","","","","","","","Derived from ABS (unpublished) Prisoners in Australia; ABS National state and territory population - March; ABS Estimates and Projections Aboriginal and Torres Strait Islander Australians; ABS (unpublished) Estimates and Projections Aboriginal and Torres Strait Islander Australians","rate","15.3","8.6","30.2","14.8","6.9","0","12.9","0","","15.7"
"CtG10A.5","2023","Imprisonment rate","25-29 years old","Females","Non-Indigenous people","All areas","Imprisonment rate per 100000 people at 30 June","","","","","","","","Derived from ABS (unpublished) Prisoners in Australia; ABS National state and territory population - March; ABS Estimates and Projections Aboriginal and Torres Strait Islander Australians","rate","27.9","18.3","47.5","57.2","44.1","17.0","0","0","","31.7"
"CtG10A.5","2023","Imprisonment rate","30-34 years old","Females","Non-Indigenous people","All areas","Imprisonment rate per 100000 people at 30 June","","","","","","","","Derived from ABS (unpublished) Prisoners in Australia; ABS National state and territory population - March; ABS Estimates and Projections Aboriginal and Torres Strait Islander Australians","rate","29.2","17.0","49.1","59.1","37.8","68.7","20.0","32.8","","34.0"
"CtG10A.5","2023","Imprisonment rate","35-39 years old","Females","Non-Indigenous people","All areas","Imprisonment rate per 100000 people at 30 June","","","","","","","","Derived from ABS (unpublished) Prisoners in Australia; ABS National state and territory population - March; ABS Estimates and Projections Aboriginal and Torres Strait Islander Australians","rate","24.5","17.5","54.6","67.7","48.9","63.0","16.1","0","","35.3"
"CtG10A.5","2023","Imprisonment rate","40-44 years old","Females","Non-Indigenous people","All areas","Imprisonment rate per 100000 people at 30 June","","","","","","","","Derived from ABS (unpublished) Prisoners in Australia; ABS National state and territory population - March; ABS Estimates and Projections Aboriginal and Torres Strait Islander Australians","rate","31.0","15.3","39.0","48.3","31.8","18.6","23.8","0","","30.0"
"CtG10A.5","2023","Imprisonment rate","45-49 years old","Females","Non-Indigenous people","All areas","Imprisonment rate per 100000 people at 30 June","","","","","","","","Derived from ABS (unpublished) Prisoners in Australia; ABS National state and territory population - March; ABS Estimates and Projections Aboriginal and Torres Strait Islander Australians","rate","28.5","8.7","27.8","29.2","35.8","0","0","0","","23.2"
"CtG10A.5","2023","Imprisonment rate","50-54 years old","Females","Non-Indigenous people","All areas","Imprisonment rate per 100000 people at 30 June","","","","","","","","Derived from ABS (unpublished) Prisoners in Australia; ABS National state and territory population - March; ABS Estimates and Projections Aboriginal and Torres Strait Islander Australians","rate","18.6","7.0","20.9","38.4","17.3","22.3","21.7","0","","17.6"
"CtG10A.5","2023","Imprisonment rate","55+ years old","Females","Non-Indigenous people","All areas","Imprisonment rate per 100000 people at 30 June","","","","","","","","Derived from ABS (unpublished) Prisoners in Australia; ABS National state and territory population - March; ABS Estimates and Projections Aboriginal and Torres Strait Islander Australians","rate","3.8","3.3","4.8","5.8","7.1","3.0","0","0","","4.0"
"CtG10A.5","2022","Imprisonment rate","18-24 years old","Males","Aboriginal and Torres Strait Islander people","All areas","Imprisonment rate per 100000 people at 30 June","","","","","","","","Derived from ABS (unpublished) Prisoners in Australia; ABS Estimates and Projections Aboriginal and Torres Strait Islander Australians; ABS (unpublished) Estimates and Projections Aboriginal and Torres Strait Islander Australians","rate","2625.9","1707.0","3501.1","5379.9","2866.3","1434.7","2811.2","6341.7","","3393.9"
"CtG10A.5","2022","Imprisonment rate","25-29 years old","Males","Aboriginal and Torres Strait Islander people","All areas","Imprisonment rate per 100000 people at 30 June","","","","","","","","Derived from ABS (unpublished) Prisoners in Australia; ABS Estimates and Projections Aboriginal and Torres Strait Islander Australians","rate","5020.2","3646.6","5463.7","8506.1","5193.0","2649.6","2213.3","7806.2","","5624.1"
"CtG10A.5","2022","Imprisonment rate","30-34 years old","Males","Aboriginal and Torres Strait Islander people","All areas","Imprisonment rate per 100000 people at 30 June","","","","","","","","Derived from ABS (unpublished) Prisoners in Australia; ABS Estimates and Projections Aboriginal and Torres Strait Islander Australians","rate","5704.0","4279.5","6298.1","9593.0","7401.4","2029.0","5039.8","9105.2","","6570.0"
"CtG10A.5","2022","Imprisonment rate","35-39 years old","Males","Aboriginal and Torres Strait Islander people","All areas","Imprisonment rate per 100000 people at 30 June","","","","","","","","Derived from ABS (unpublished) Prisoners in Australia; ABS Estimates and Projections Aboriginal and Torres Strait Islander Australians","rate","5702.6","5301.7","6347.8","8560.4","7453.4","1455.3","4100.9","8884.8","","6487.9"
"CtG10A.5","2022","Imprisonment rate","40-44 years old","Males","Aboriginal and Torres Strait Islander people","All areas","Imprisonment rate per 100000 people at 30 June","","","","","","","","Derived from ABS (unpublished) Prisoners in Australia; ABS Estimates and Projections Aboriginal and Torres Strait Islander Australians","rate","4544.9","4278.9","4971.2","7353.4","5901.9","2695.4","3750.0","8878.5","","5488.7"
"CtG10A.5","2022","Imprisonment rate","45-49 years old","Males","Aboriginal and Torres Strait Islander people","All areas","Imprisonment rate per 100000 people at 30 June","","","","","","","","Derived from ABS (unpublished) Prisoners in Australia; ABS Estimates and Projections Aboriginal and Torres Strait Islander Australians","rate","3014.7","2422.9","2801.8","5583.4","5380.0","667.6","3906.3","5949.7","","3597.9"
"CtG10A.5","2022","Imprisonment rate","50-54 years old","Males","Aboriginal and Torres Strait Islander people","All areas","Imprisonment rate per 100000 people at 30 June","","","","","","","","Derived from ABS (unpublished) Prisoners in Australia; ABS Estimates and Projections Aboriginal and Torres Strait Islander Australians","rate","1580.9","1197.9","1971.2","3331.0","2351.1","0","1421.8","3615.1","","2046.8"
"CtG10A.5","2022","Imprisonment rate","55+ years old","Males","Aboriginal and Torres Strait Islander people","All areas","Imprisonment rate per 100000 people at 30 June","","","","","","","","Derived from ABS (unpublished) Prisoners in Australia; ABS Estimates and Projections Aboriginal and Torres Strait Islander Australians","rate","565.5","746.3","548.3","1059.6","977.9","149.8","600.0","1308.8","","693.2"
"CtG10A.5","2022","Imprisonment rate","18-24 years old","Females","Aboriginal and Torres Strait Islander people","All areas","Imprisonment rate per 100000 people at 30 June","","","","","","","","Derived from ABS (unpublished) Prisoners in Australia; ABS Estimates and Projections Aboriginal and Torres Strait Islander Australians; ABS (unpublished) Estimates and Projections Aboriginal and Torres Strait Islander Australians","rate","242.0","138.1","483.1","449.5","317.5","268.0","0","213.5","","333.5"
"CtG10A.5","2022","Imprisonment rate","25-29 years old","Females","Aboriginal and Torres Strait Islander people","All areas","Imprisonment rate per 100000 people at 30 June","","","","","","","","Derived from ABS (unpublished) Prisoners in Australia; ABS Estimates and Projections Aboriginal and Torres Strait Islander Australians","rate","392.7","332.2","615.6","1109.7","523.3","0","645.2","451.0","","548.8"
"CtG10A.5","2022","Imprisonment rate","30-34 years old","Females","Aboriginal and Torres Strait Islander people","All areas","Imprisonment rate per 100000 people at 30 June","","","","","","","","Derived from ABS (unpublished) Prisoners in Australia; ABS Estimates and Projections Aboriginal and Torres Strait Islander Australians","rate","618.5","279.5","683.0","1371.5","677.1","249.6","0","752.6","","705.9"
"CtG10A.5","2022","Imprisonment rate","35-39 years old","Females","Aboriginal and Torres Strait Islander people","All areas","Imprisonment rate per 100000 people at 30 June","","","","","","","","Derived from ABS (unpublished) Prisoners in Australia; ABS Estimates and Projections Aboriginal and Torres Strait Islander Australians","rate","733.3","268.7","735.0","1143.0","1319.1","277.3","0","589.5","","747.1"
"CtG10A.5","2022","Imprisonment rate","40-44 years old","Females","Aboriginal and Torres Strait Islander people","All areas","Imprisonment rate per 100000 people at 30 June","","","","","","","","Derived from ABS (unpublished) Prisoners in Australia; ABS Estimates and Projections Aboriginal and Torres Strait Islander Australians","rate","442.4","410.9","546.4","1008.9","709.8","426.0","0","679.7","","544.9"
"CtG10A.5","2022","Imprisonment rate","45-49 years old","Females","Aboriginal and Torres Strait Islander people","All areas","Imprisonment rate per 100000 people at 30 June","","","","","","","","Derived from ABS (unpublished) Prisoners in Australia; ABS Estimates and Projections Aboriginal and Torres Strait Islander Australians","rate","274.7","0","451.2","619.6","761.0","352.5","0","578.3","","361.2"
"CtG10A.5","2022","Imprisonment rate","50-54 years old","Females","Aboriginal and Torres Strait Islander people","All areas","Imprisonment rate per 100000 people at 30 June","","","","","","","","Derived from ABS (unpublished) Prisoners in Australia; ABS Estimates and Projections Aboriginal and Torres Strait Islander Australians","rate","126.0","0","84.8","356.8","216.0","0","0","130.9","","113.0"
"CtG10A.5","2022","Imprisonment rate","55+ years old","Females","Aboriginal and Torres Strait Islander people","All areas","Imprisonment rate per 100000 people at 30 June","","","","","","","","Derived from ABS (unpublished) Prisoners in Australia; ABS Estimates and Projections Aboriginal and Torres Strait Islander Australians","rate","43.9","0","53.6","37.4","0","0","0","56.5","","36.0"
"CtG10A.5","2022","Imprisonment rate","18-24 years old","Males","Non-Indigenous people","All areas","Imprisonment rate per 100000 people at 30 June","","","","","","","","Derived from ABS (unpublished) Prisoners in Australia; ABS National state and territory population - March; ABS Estimates and Projections Aboriginal and Torres Strait Islander Australians; ABS (unpublished) Estimates and Projections Aboriginal and Torres Strait Islander Australians","rate","212.9","185.4","271.5","233.5","164.1","245.1","134.4","283.3","","214.8"
"CtG10A.5","2022","Imprisonment rate","25-29 years old","Males","Non-Indigenous people","All areas","Imprisonment rate per 100000 people at 30 June","","","","","","","","Derived from ABS (unpublished) Prisoners in Australia; ABS National state and territory population - March; ABS Estimates and Projections Aboriginal and Torres Strait Islander Australians","rate","423.5","338.4","558.5","507.3","490.9","366.1","225.8","341.1","","432.0"
"CtG10A.5","2022","Imprisonment rate","30-34 years old","Males","Non-Indigenous people","All areas","Imprisonment rate per 100000 people at 30 June","","","","","","","","Derived from ABS (unpublished) Prisoners in Australia; ABS National state and territory population - March; ABS Estimates and Projections Aboriginal and Torres Strait Islander Australians","rate","491.1","426.4","596.7","643.5","589.9","361.7","272.1","427.3","","508.4"
"CtG10A.5","2022","Imprisonment rate","35-39 years old","Males","Non-Indigenous people","All areas","Imprisonment rate per 100000 people at 30 June","","","","","","","","Derived from ABS (unpublished) Prisoners in Australia; ABS National state and territory population - March; ABS Estimates and Projections Aboriginal and Torres Strait Islander Australians","rate","457.8","376.7","504.9","572.1","627.6","445.2","236.8","425.3","","463.6"
"CtG10A.5","2022","Imprisonment rate","40-44 years old","Males","Non-Indigenous people","All areas","Imprisonment rate per 100000 people at 30 June","","","","","","","","Derived from ABS (unpublished) Prisoners in Australia; ABS National state and territory population - March; ABS Estimates and Projections Aboriginal and Torres Strait Islander Australians","rate","427.7","296.3","463.2","592.9","574.7","419.8","201.8","440.4","","423.5"
"CtG10A.5","2022","Imprisonment rate","45-49 years old","Males","Non-Indigenous people","All areas","Imprisonment rate per 100000 people at 30 June","","","","","","","","Derived from ABS (unpublished) Prisoners in Australia; ABS National state and territory population - March; ABS Estimates and Projections Aboriginal and Torres Strait Islander Australians","rate","344.6","227.0","289.0","376.8","421.7","289.7","163.6","443.8","","308.0"
"CtG10A.5","2022","Imprisonment rate","50-54 years old","Males","Non-Indigenous people","All areas","Imprisonment rate per 100000 people at 30 June","","","","","","","","Derived from ABS (unpublished) Prisoners in Australia; ABS National state and territory population - March; ABS Estimates and Projections Aboriginal and Torres Strait Islander Australians","rate","270.5","176.8","205.5","302.8","274.4","169.4","113.6","413.2","","232.6"
"CtG10A.5","2022","Imprisonment rate","55+ years old","Males","Non-Indigenous people","All areas","Imprisonment rate per 100000 people at 30 June","","","","","","","","Derived from ABS (unpublished) Prisoners in Australia; ABS National state and territory population - March; ABS Estimates and Projections Aboriginal and Torres Strait Islander Australians","rate","102.5","70.2","70.5","109.6","107.6","54.1","50.9","171.5","","87.6"
"CtG10A.5","2022","Imprisonment rate","18-24 years old","Females","Non-Indigenous people","All areas","Imprisonment rate per 100000 people at 30 June","","","","","","","","Derived from ABS (unpublished) Prisoners in Australia; ABS National state and territory population - March; ABS Estimates and Projections Aboriginal and Torres Strait Islander Australians; ABS (unpublished) Estimates and Projections Aboriginal and Torres Strait Islander Australians","rate","17.3","11.4","27.3","22.3","14.2","0","0","0","","17.6"
"CtG10A.5","2022","Imprisonment rate","25-29 years old","Females","Non-Indigenous people","All areas","Imprisonment rate per 100000 people at 30 June","","","","","","","","Derived from ABS (unpublished) Prisoners in Australia; ABS National state and territory population - March; ABS Estimates and Projections Aboriginal and Torres Strait Islander Australians","rate","31.0","22.1","46.4","63.9","24.6","38.5","20.6","0","","35.0"
"CtG10A.5","2022","Imprisonment rate","30-34 years old","Females","Non-Indigenous people","All areas","Imprisonment rate per 100000 people at 30 June","","","","","","","","Derived from ABS (unpublished) Prisoners in Australia; ABS National state and territory population - March; ABS Estimates and Projections Aboriginal and Torres Strait Islander Australians","rate","25.3","23.4","49.5","54.7","45.6","0","20.7","33.8","","34.1"
"CtG10A.5","2022","Imprisonment rate","35-39 years old","Females","Non-Indigenous people","All areas","Imprisonment rate per 100000 people at 30 June","","","","","","","","Derived from ABS (unpublished) Prisoners in Australia; ABS National state and territory population - March; ABS Estimates and Projections Aboriginal and Torres Strait Islander Australians","rate","28.1","21.6","48.4","57.1","28.3","17.6","27.0","0","","33.5"
"CtG10A.5","2022","Imprisonment rate","40-44 years old","Females","Non-Indigenous people","All areas","Imprisonment rate per 100000 people at 30 June","","","","","","","","Derived from ABS (unpublished) Prisoners in Australia; ABS National state and territory population - March; ABS Estimates and Projections Aboriginal and Torres Strait Islander Australians","rate","27.0","14.1","39.3","54.0","43.9","44.2","0","109.0","","28.9"
"CtG10A.5","2022","Imprisonment rate","45-49 years old","Females","Non-Indigenous people","All areas","Imprisonment rate per 100000 people at 30 June","","","","","","","","Derived from ABS (unpublished) Prisoners in Australia; ABS National state and territory population - March; ABS Estimates and Projections Aboriginal and Torres Strait Islander Australians","rate","23.8","12.5","30.1","37.4","22.4","18.7","20.9","72.1","","24.1"
"CtG10A.5","2022","Imprisonment rate","50-54 years old","Females","Non-Indigenous people","All areas","Imprisonment rate per 100000 people at 30 June","","","","","","","","Derived from ABS (unpublished) Prisoners in Australia; ABS National state and territory population - March; ABS Estimates and Projections Aboriginal and Torres Strait Islander Australians","rate","12.9","7.6","20.9","32.2","27.8","0","0","0","","16.2"
"CtG10A.5","2022","Imprisonment rate","55+ years old","Females","Non-Indigenous people","All areas","Imprisonment rate per 100000 people at 30 June","","","","","","","","Derived from ABS (unpublished) Prisoners in Australia; ABS National state and territory population - March; ABS Estimates and Projections Aboriginal and Torres Strait Islander Australians","rate","3.2","3.2","4.2","6.7","5.2","7.1","0","0","","3.9"
"CtG10A.5","2021","Imprisonment rate","18-24 years old","Males","Aboriginal and Torres Strait Islander people","All areas","Imprisonment rate per 100000 people at 30 June","","","","","","","","Derived from ABS (unpublished) Prisoners in Australia; ABS Estimates and Projections Aboriginal and Torres Strait Islander Australians; ABS (unpublished) Estimates and Projections Aboriginal and Torres Strait Islander Australians","rate","2702.8","2148.1","3465.7","5240.2","2439.8","1080.0","2407.9","5528.0","","3331.0"
"CtG10A.5","2021","Imprisonment rate","25-29 years old","Males","Aboriginal and Torres Strait Islander people","All areas","Imprisonment rate per 100000 people at 30 June","","","","","","","","Derived from ABS (unpublished) Prisoners in Australia; ABS Estimates and Projections Aboriginal and Torres Strait Islander Australians","rate","5450.0","4057.9","6270.8","9915.6","5157.1","1955.6","4583.3","7586.0","","6172.1"
"CtG10A.5","2021","Imprisonment rate","30-34 years old","Males","Aboriginal and Torres Strait Islander people","All areas","Imprisonment rate per 100000 people at 30 June","","","","","","","","Derived from ABS (unpublished) Prisoners in Australia; ABS Estimates and Projections Aboriginal and Torres Strait Islander Australians","rate","5820.0","5174.9","6485.6","10304.3","8035.2","2893.0","4918.0","8168.5","","6832.4"
"CtG10A.5","2021","Imprisonment rate","35-39 years old","Males","Aboriginal and Torres Strait Islander people","All areas","Imprisonment rate per 100000 people at 30 June","","","","","","","","Derived from ABS (unpublished) Prisoners in Australia; ABS Estimates and Projections Aboriginal and Torres Strait Islander Australians","rate","5936.1","6112.6","6522.6","8349.8","7617.8","1965.1","4605.3","9207.5","","6717.1"
"CtG10A.5","2021","Imprisonment rate","40-44 years old","Males","Aboriginal and Torres Strait Islander people","All areas","Imprisonment rate per 100000 people at 30 June","","","","","","","","Derived from ABS (unpublished) Prisoners in Australia; ABS Estimates and Projections Aboriginal and Torres Strait Islander Australians","rate","4259.3","4570.5","4985.3","7854.8","7705.3","2736.0","3333.3","7094.3","","5369.9"
"CtG10A.5","2021","Imprisonment rate","45-49 years old","Males","Aboriginal and Torres Strait Islander people","All areas","Imprisonment rate per 100000 people at 30 June","","","","","","","","Derived from ABS (unpublished) Prisoners in Australia; ABS Estimates and Projections Aboriginal and Torres Strait Islander Australians","rate","2964.8","2634.4","3180.9","5848.3","3719.0","1285.3","3750.0","5735.4","","3569.1"
"CtG10A.5","2021","Imprisonment rate","50-54 years old","Males","Aboriginal and Torres Strait Islander people","All areas","Imprisonment rate per 100000 people at 30 June","","","","","","","","Derived from ABS (unpublished) Prisoners in Australia; ABS Estimates and Projections Aboriginal and Torres Strait Islander Australians","rate","1853.3","1585.6","2026.0","2976.0","2025.9","361.9","1442.3","3475.1","","2086.3"
"CtG10A.5","2021","Imprisonment rate","55+ years old","Males","Aboriginal and Torres Strait Islander people","All areas","Imprisonment rate per 100000 people at 30 June","","","","","","","","Derived from ABS (unpublished) Prisoners in Australia; ABS Estimates and Projections Aboriginal and Torres Strait Islander Australians","rate","506.1","612.1","559.3","1271.1","1075.6","310.7","612.2","857.7","","659.5"
"CtG10A.5","2021","Imprisonment rate","18-24 years old","Females","Aboriginal and Torres Strait Islander people","All areas","Imprisonment rate per 100000 people at 30 June","","","","","","","","Derived from ABS (unpublished) Prisoners in Australia; ABS Estimates and Projections Aboriginal and Torres Strait Islander Australians; ABS (unpublished) Estimates and Projections Aboriginal and Torres Strait Islander Australians","rate","245.9","200.8","402.7","474.6","189.6","160.5","0","236.9","","301.8"
"CtG10A.5","2021","Imprisonment rate","25-29 years old","Females","Aboriginal and Torres Strait Islander people","All areas","Imprisonment rate per 100000 people at 30 June","","","","","","","","Derived from ABS (unpublished) Prisoners in Australia; ABS Estimates and Projections Aboriginal and Torres Strait Islander Australians","rate","537.4","340.6","646.7","1445.0","672.4","410.2","1146.8","360.4","","635.5"
"CtG10A.5","2021","Imprisonment rate","30-34 years old","Females","Aboriginal and Torres Strait Islander people","All areas","Imprisonment rate per 100000 people at 30 June","","","","","","","","Derived from ABS (unpublished) Prisoners in Australia; ABS Estimates and Projections Aboriginal and Torres Strait Islander Australians","rate","517.8","109.8","1029.2","1694.1","1184.1","259.5","0","538.3","","806.4"
"CtG10A.5","2021","Imprisonment rate","35-39 years old","Females","Aboriginal and Torres Strait Islander people","All areas","Imprisonment rate per 100000 people at 30 June","","","","","","","","Derived from ABS (unpublished) Prisoners in Australia; ABS Estimates and Projections Aboriginal and Torres Strait Islander Australians","rate","695.9","234.4","861.7","1539.7","1529.3","553.0","2061.9","957.4","","892.0"
"CtG10A.5","2021","Imprisonment rate","40-44 years old","Females","Aboriginal and Torres Strait Islander people","All areas","Imprisonment rate per 100000 people at 30 June","","","","","","","","Derived from ABS (unpublished) Prisoners in Australia; ABS Estimates and Projections Aboriginal and Torres Strait Islander Australians","rate","448.4","567.3","598.8","1103.1","788.0","442.0","1027.4","532.6","","624.8"
"CtG10A.5","2021","Imprisonment rate","45-49 years old","Females","Aboriginal and Torres Strait Islander people","All areas","Imprisonment rate per 100000 people at 30 June","","","","","","","","Derived from ABS (unpublished) Prisoners in Australia; ABS Estimates and Projections Aboriginal and Torres Strait Islander Australians","rate","182.7","211.0","317.2","950.5","368.7","0","0","655.0","","365.9"
"CtG10A.5","2021","Imprisonment rate","50-54 years old","Females","Aboriginal and Torres Strait Islander people","All areas","Imprisonment rate per 100000 people at 30 June","","","","","","","","Derived from ABS (unpublished) Prisoners in Australia; ABS Estimates and Projections Aboriginal and Torres Strait Islander Australians","rate","178.6","0","162.8","264.6","222.7","0","0","400.5","","173.1"
"CtG10A.5","2021","Imprisonment rate","55+ years old","Females","Aboriginal and Torres Strait Islander people","All areas","Imprisonment rate per 100000 people at 30 June","","","","","","","","Derived from ABS (unpublished) Prisoners in Australia; ABS Estimates and Projections Aboriginal and Torres Strait Islander Australians","rate","16.6","0","16.8","39.2","89.6","0","0","78.2","","30.0"
"CtG10A.5","2021","Imprisonment rate","18-24 years old","Males","Non-Indigenous people","All areas","Imprisonment rate per 100000 people at 30 June","","","","","","","","Derived from ABS (unpublished) Prisoners in Australia; ABS National state and territory population - March; ABS Estimates and Projections Aboriginal and Torres Strait Islander Australians; ABS (unpublished) Estimates and Projections Aboriginal and Torres Strait Islander Australians","rate","247.5","210.1","309.9","265.6","201.5","230.6","121.4","293.0","","246.2"
"CtG10A.5","2021","Imprisonment rate","25-29 years old","Males","Non-Indigenous people","All areas","Imprisonment rate per 100000 people at 30 June","","","","","","","","Derived from ABS (unpublished) Prisoners in Australia; ABS National state and territory population - March; ABS Estimates and Projections Aboriginal and Torres Strait Islander Australians","rate","485.0","394.8","621.5","570.5","525.2","374.2","288.3","334.4","","488.7"
"CtG10A.5","2021","Imprisonment rate","30-34 years old","Males","Non-Indigenous people","All areas","Imprisonment rate per 100000 people at 30 June","","","","","","","","Derived from ABS (unpublished) Prisoners in Australia; ABS National state and territory population - March; ABS Estimates and Projections Aboriginal and Torres Strait Islander Australians","rate","527.5","456.5","665.1","678.7","609.2","403.9","272.9","480.8","","548.2"
"CtG10A.5","2021","Imprisonment rate","35-39 years old","Males","Non-Indigenous people","All areas","Imprisonment rate per 100000 people at 30 June","","","","","","","","Derived from ABS (unpublished) Prisoners in Australia; ABS National state and territory population - March; ABS Estimates and Projections Aboriginal and Torres Strait Islander Australians","rate","500.1","412.4","590.4","684.4","683.9","573.3","233.1","405.1","","521.1"
"CtG10A.5","2021","Imprisonment rate","40-44 years old","Males","Non-Indigenous people","All areas","Imprisonment rate per 100000 people at 30 June","","","","","","","","Derived from ABS (unpublished) Prisoners in Australia; ABS National state and territory population - March; ABS Estimates and Projections Aboriginal and Torres Strait Islander Australians","rate","481.8","352.5","488.7","585.5","604.6","392.7","170.0","641.8","","461.2"
"CtG10A.5","2021","Imprisonment rate","45-49 years old","Males","Non-Indigenous people","All areas","Imprisonment rate per 100000 people at 30 June","","","","","","","","Derived from ABS (unpublished) Prisoners in Australia; ABS National state and territory population - March; ABS Estimates and Projections Aboriginal and Torres Strait Islander Australians","rate","343.3","256.2","333.8","441.2","364.5","269.8","189.8","346.6","","325.8"
"CtG10A.5","2021","Imprisonment rate","50-54 years old","Males","Non-Indigenous people","All areas","Imprisonment rate per 100000 people at 30 June","","","","","","","","Derived from ABS (unpublished) Prisoners in Australia; ABS National state and territory population - March; ABS Estimates and Projections Aboriginal and Torres Strait Islander Australians","rate","279.9","182.5","201.2","303.7","314.3","138.2","85.8","536.8","","239.3"
"CtG10A.5","2021","Imprisonment rate","55+ years old","Males","Non-Indigenous people","All areas","Imprisonment rate per 100000 people at 30 June","","","","","","","","Derived from ABS (unpublished) Prisoners in Australia; ABS National state and territory population - March; ABS Estimates and Projections Aboriginal and Torres Strait Islander Australians","rate","105.2","73.5","68.4","117.0","113.6","54.9","45.6","188.9","","90.1"
"CtG10A.5","2021","Imprisonment rate","18-24 years old","Females","Non-Indigenous people","All areas","Imprisonment rate per 100000 people at 30 June","","","","","","","","Derived from ABS (unpublished) Prisoners in Australia; ABS National state and territory population - March; ABS Estimates and Projections Aboriginal and Torres Strait Islander Australians; ABS (unpublished) Estimates and Projections Aboriginal and Torres Strait Islander Australians","rate","15.3","12.5","32.7","24.0","11.3","30.7","0","0","","19.6"
"CtG10A.5","2021","Imprisonment rate","25-29 years old","Females","Non-Indigenous people","All areas","Imprisonment rate per 100000 people at 30 June","","","","","","","","Derived from ABS (unpublished) Prisoners in Australia; ABS National state and territory population - March; ABS Estimates and Projections Aboriginal and Torres Strait Islander Australians","rate","36.2","27.4","60.8","68.6","42.0","44.1","15.8","110.7","","42.0"
"CtG10A.5","2021","Imprisonment rate","30-34 years old","Females","Non-Indigenous people","All areas","Imprisonment rate per 100000 people at 30 June","","","","","","","","Derived from ABS (unpublished) Prisoners in Australia; ABS National state and territory population - March; ABS Estimates and Projections Aboriginal and Torres Strait Islander Australians","rate","37.2","27.6","59.0","71.4","45.9","44.7","0","34.2","","42.0"
"CtG10A.5","2021","Imprisonment rate","35-39 years old","Females","Non-Indigenous people","All areas","Imprisonment rate per 100000 people at 30 June","","","","","","","","Derived from ABS (unpublished) Prisoners in Australia; ABS National state and territory population - March; ABS Estimates and Projections Aboriginal and Torres Strait Islander Australians","rate","33.9","23.9","50.7","55.3","44.0","47.9","0","39.5","","37.8"
"CtG10A.5","2021","Imprisonment rate","40-44 years old","Females","Non-Indigenous people","All areas","Imprisonment rate per 100000 people at 30 June","","","","","","","","Derived from ABS (unpublished) Prisoners in Australia; ABS National state and territory population - March; ABS Estimates and Projections Aboriginal and Torres Strait Islander Australians","rate","30.0","13.1","49.2","47.8","50.6","58.7","0","0","","32.8"
"CtG10A.5","2021","Imprisonment rate","45-49 years old","Females","Non-Indigenous people","All areas","Imprisonment rate per 100000 people at 30 June","","","","","","","","Derived from ABS (unpublished) Prisoners in Australia; ABS National state and territory population - March; ABS Estimates and Projections Aboriginal and Torres Strait Islander Australians","rate","26.4","13.2","27.4","34.6","25.6","18.2","20.8","0","","23.5"
"CtG10A.5","2021","Imprisonment rate","50-54 years old","Females","Non-Indigenous people","All areas","Imprisonment rate per 100000 people at 30 June","","","","","","","","Derived from ABS (unpublished) Prisoners in Australia; ABS National state and territory population - March; ABS Estimates and Projections Aboriginal and Torres Strait Islander Australians","rate","14.4","11.6","18.6","30.8","15.9","17.1","0","0","","15.8"
"CtG10A.5","2021","Imprisonment rate","55+ years old","Females","Non-Indigenous people","All areas","Imprisonment rate per 100000 people at 30 June","","","","","","","","Derived from ABS (unpublished) Prisoners in Australia; ABS National state and territory population - March; ABS Estimates and Projections Aboriginal and Torres Strait Islander Australians","rate","2.6","3.4","3.6","5.0","4.6","0","5.4","0","","3.5"
"CtG10A.5","2020","Imprisonment rate","18-24 years old","Males","Aboriginal and Torres Strait Islander people","All areas","Imprisonment rate per 100000 people at 30 June","","","","","","","","Derived from ABS (unpublished) Prisoners in Australia; ABS Estimates and Projections Aboriginal and Torres Strait Islander Australians; ABS (unpublished) Estimates and Projections Aboriginal and Torres Strait Islander Australians","rate","2848.8","2230.9","3548.4","5688.4","2846.6","1300.0","2442.7","4752.4","","3417.2"
"CtG10A.5","2020","Imprisonment rate","25-29 years old","Males","Aboriginal and Torres Strait Islander people","All areas","Imprisonment rate per 100000 people at 30 June","","","","","","","","Derived from ABS (unpublished) Prisoners in Australia; ABS Estimates and Projections Aboriginal and Torres Strait Islander Australians","rate","5563.3","3912.9","5477.4","9831.5","4985.8","3260.9","3838.0","7089.7","","5939.8"
"CtG10A.5","2020","Imprisonment rate","30-34 years old","Males","Aboriginal and Torres Strait Islander people","All areas","Imprisonment rate per 100000 people at 30 June","","","","","","","","Derived from ABS (unpublished) Prisoners in Australia; ABS Estimates and Projections Aboriginal and Torres Strait Islander Australians","rate","5356.3","4514.4","6450.9","10257.0","7692.3","2417.8","7303.4","8333.3","","6593.6"
"CtG10A.5","2020","Imprisonment rate","35-39 years old","Males","Aboriginal and Torres Strait Islander people","All areas","Imprisonment rate per 100000 people at 30 June","","","","","","","","Derived from ABS (unpublished) Prisoners in Australia; ABS Estimates and Projections Aboriginal and Torres Strait Islander Australians","rate","5090.7","5239.8","5477.2","8685.7","6411.1","1990.6","5263.2","8591.3","","6010.2"
"CtG10A.5","2020","Imprisonment rate","40-44 years old","Males","Aboriginal and Torres Strait Islander people","All areas","Imprisonment rate per 100000 people at 30 June","","","","","","","","Derived from ABS (unpublished) Prisoners in Australia; ABS Estimates and Projections Aboriginal and Torres Strait Islander Australians","rate","3961.1","4885.1","4499.5","8090.0","7809.8","2762.4","3906.3","6584.0","","5168.7"
"CtG10A.5","2020","Imprisonment rate","45-49 years old","Males","Aboriginal and Torres Strait Islander people","All areas","Imprisonment rate per 100000 people at 30 June","","","","","","","","Derived from ABS (unpublished) Prisoners in Australia; ABS Estimates and Projections Aboriginal and Torres Strait Islander Australians","rate","2439.3","2677.2","2340.9","5482.8","4060.5","720.3","5633.8","4693.3","","3092.9"
"CtG10A.5","2020","Imprisonment rate","50-54 years old","Males","Aboriginal and Torres Strait Islander people","All areas","Imprisonment rate per 100000 people at 30 June","","","","","","","","Derived from ABS (unpublished) Prisoners in Australia; ABS Estimates and Projections Aboriginal and Torres Strait Islander Australians","rate","1484.1","1241.5","1564.6","3063.9","2378.9","394.7","0","2698.4","","1805.8"
"CtG10A.5","2020","Imprisonment rate","55+ years old","Males","Aboriginal and Torres Strait Islander people","All areas","Imprisonment rate per 100000 people at 30 June","","","","","","","","Derived from ABS (unpublished) Prisoners in Australia; ABS Estimates and Projections Aboriginal and Torres Strait Islander Australians","rate","505.4","700.2","459.6","1109.4","1077.1","279.3","660.8","925.2","","604.4"
"CtG10A.5","2020","Imprisonment rate","18-24 years old","Females","Aboriginal and Torres Strait Islander people","All areas","Imprisonment rate per 100000 people at 30 June","","","","","","","","Derived from ABS (unpublished) Prisoners in Australia; ABS Estimates and Projections Aboriginal and Torres Strait Islander Australians; ABS (unpublished) Estimates and Projections Aboriginal and Torres Strait Islander Australians","rate","259.4","61.6","504.2","698.7","471.0","159.7","438.0","86.5","","360.9"
"CtG10A.5","2020","Imprisonment rate","25-29 years old","Females","Aboriginal and Torres Strait Islander people","All areas","Imprisonment rate per 100000 people at 30 June","","","","","","","","Derived from ABS (unpublished) Prisoners in Australia; ABS Estimates and Projections Aboriginal and Torres Strait Islander Australians","rate","476.6","410.4","563.0","1647.5","431.2","0","1339.3","655.7","","615.1"
"CtG10A.5","2020","Imprisonment rate","30-34 years old","Females","Aboriginal and Torres Strait Islander people","All areas","Imprisonment rate per 100000 people at 30 June","","","","","","","","Derived from ABS (unpublished) Prisoners in Australia; ABS Estimates and Projections Aboriginal and Torres Strait Islander Australians","rate","572.7","464.6","727.6","1878.0","684.2","0","1912.6","417.6","","734.4"
"CtG10A.5","2020","Imprisonment rate","35-39 years old","Females","Aboriginal and Torres Strait Islander people","All areas","Imprisonment rate per 100000 people at 30 June","","","","","","","","Derived from ABS (unpublished) Prisoners in Australia; ABS Estimates and Projections Aboriginal and Torres Strait Islander Australians","rate","683.8","194.6","494.3","1573.9","1185.5","287.6","1060.1","292.7","","721.2"
"CtG10A.5","2020","Imprisonment rate","40-44 years old","Females","Aboriginal and Torres Strait Islander people","All areas","Imprisonment rate per 100000 people at 30 June","","","","","","","","Derived from ABS (unpublished) Prisoners in Australia; ABS Estimates and Projections Aboriginal and Torres Strait Islander Australians","rate","158.7","156.5","491.5","1314.1","475.4","344.0","0","412.4","","449.6"
"CtG10A.5","2020","Imprisonment rate","45-49 years old","Females","Aboriginal and Torres Strait Islander people","All areas","Imprisonment rate per 100000 people at 30 June","","","","","","","","Derived from ABS (unpublished) Prisoners in Australia; ABS Estimates and Projections Aboriginal and Torres Strait Islander Australians","rate","177.5","0","337.2","853.1","209.6","339.4","0","389.3","","302.4"
"CtG10A.5","2020","Imprisonment rate","50-54 years old","Females","Aboriginal and Torres Strait Islander people","All areas","Imprisonment rate per 100000 people at 30 June","","","","","","","","Derived from ABS (unpublished) Prisoners in Australia; ABS Estimates and Projections Aboriginal and Torres Strait Islander Australians","rate","111.7","0","124.6","170.5","316.0","0","0","0","","130.4"
"CtG10A.5","2020","Imprisonment rate","55+ years old","Females","Aboriginal and Torres Strait Islander people","All areas","Imprisonment rate per 100000 people at 30 June","","","","","","","","Derived from ABS (unpublished) Prisoners in Australia; ABS Estimates and Projections Aboriginal and Torres Strait Islander Australians","rate","34.4","0","0","54.9","93.5","0","0","142.5","","34.5"
"CtG10A.5","2020","Imprisonment rate","18-24 years old","Males","Non-Indigenous people","All areas","Imprisonment rate per 100000 people at 30 June","","","","","","","","Derived from ABS (unpublished) Prisoners in Australia; ABS National state and territory population - March; ABS Estimates and Projections Aboriginal and Torres Strait Islander Australians; ABS (unpublished) Estimates and Projections Aboriginal and Torres Strait Islander Australians","rate","256.0","207.1","289.5","294.2","218.3","328.2","198.7","372.5","","250.8"
"CtG10A.5","2020","Imprisonment rate","25-29 years old","Males","Non-Indigenous people","All areas","Imprisonment rate per 100000 people at 30 June","","","","","","","","Derived from ABS (unpublished) Prisoners in Australia; ABS National state and territory population - March; ABS Estimates and Projections Aboriginal and Torres Strait Islander Australians","rate","469.2","405.3","527.1","608.2","530.1","400.7","317.1","325.3","","473.6"
"CtG10A.5","2020","Imprisonment rate","30-34 years old","Males","Non-Indigenous people","All areas","Imprisonment rate per 100000 people at 30 June","","","","","","","","Derived from ABS (unpublished) Prisoners in Australia; ABS National state and territory population - March; ABS Estimates and Projections Aboriginal and Torres Strait Islander Australians","rate","510.4","434.2","591.0","690.7","590.8","441.9","295.7","441.9","","521.9"
"CtG10A.5","2020","Imprisonment rate","35-39 years old","Males","Non-Indigenous people","All areas","Imprisonment rate per 100000 people at 30 June","","","","","","","","Derived from ABS (unpublished) Prisoners in Australia; ABS National state and territory population - March; ABS Estimates and Projections Aboriginal and Torres Strait Islander Australians","rate","507.1","383.1","521.7","663.7","622.4","486.2","238.1","312.5","","494.6"
"CtG10A.5","2020","Imprisonment rate","40-44 years old","Males","Non-Indigenous people","All areas","Imprisonment rate per 100000 people at 30 June","","","","","","","","Derived from ABS (unpublished) Prisoners in Australia; ABS National state and territory population - March; ABS Estimates and Projections Aboriginal and Torres Strait Islander Australians","rate","454.9","342.1","418.2","589.3","531.5","395.8","236.0","534.4","","434.4"
"CtG10A.5","2020","Imprisonment rate","45-49 years old","Males","Non-Indigenous people","All areas","Imprisonment rate per 100000 people at 30 June","","","","","","","","Derived from ABS (unpublished) Prisoners in Australia; ABS National state and territory population - March; ABS Estimates and Projections Aboriginal and Torres Strait Islander Australians","rate","339.6","252.5","269.7","427.7","436.6","240.9","237.5","460.1","","315.0"
"CtG10A.5","2020","Imprisonment rate","50-54 years old","Males","Non-Indigenous people","All areas","Imprisonment rate per 100000 people at 30 June","","","","","","","","Derived from ABS (unpublished) Prisoners in Australia; ABS National state and territory population - March; ABS Estimates and Projections Aboriginal and Torres Strait Islander Australians","rate","263.5","191.5","165.4","323.7","270.6","141.9","73.1","394.4","","227.8"
"CtG10A.5","2020","Imprisonment rate","55+ years old","Males","Non-Indigenous people","All areas","Imprisonment rate per 100000 people at 30 June","","","","","","","","Derived from ABS (unpublished) Prisoners in Australia; ABS National state and territory population - March; ABS Estimates and Projections Aboriginal and Torres Strait Islander Australians","rate","100.8","77.6","62.6","108.9","107.3","57.2","69.9","223.0","","87.8"
"CtG10A.5","2020","Imprisonment rate","18-24 years old","Females","Non-Indigenous people","All areas","Imprisonment rate per 100000 people at 30 June","","","","","","","","Derived from ABS (unpublished) Prisoners in Australia; ABS National state and territory population - March; ABS Estimates and Projections Aboriginal and Torres Strait Islander Australians; ABS (unpublished) Estimates and Projections Aboriginal and Torres Strait Islander Australians","rate","20.7","12.8","24.6","35.6","15.0","44.8","0","77.5","","21.2"
"CtG10A.5","2020","Imprisonment rate","25-29 years old","Females","Non-Indigenous people","All areas","Imprisonment rate per 100000 people at 30 June","","","","","","","","Derived from ABS (unpublished) Prisoners in Australia; ABS National state and territory population - March; ABS Estimates and Projections Aboriginal and Torres Strait Islander Australians","rate","31.6","25.5","49.6","62.2","59.2","68.4","21.3","72.4","","38.1"
"CtG10A.5","2020","Imprisonment rate","30-34 years old","Females","Non-Indigenous people","All areas","Imprisonment rate per 100000 people at 30 June","","","","","","","","Derived from ABS (unpublished) Prisoners in Australia; ABS National state and territory population - March; ABS Estimates and Projections Aboriginal and Torres Strait Islander Australians","rate","31.8","28.3","46.6","90.0","30.5","35.0","26.6","0","","39.4"
"CtG10A.5","2020","Imprisonment rate","35-39 years old","Females","Non-Indigenous people","All areas","Imprisonment rate per 100000 people at 30 June","","","","","","","","Derived from ABS (unpublished) Prisoners in Australia; ABS National state and territory population - March; ABS Estimates and Projections Aboriginal and Torres Strait Islander Australians","rate","27.1","21.7","41.7","73.3","53.5","80.4","16.6","0","","35.7"
"CtG10A.5","2020","Imprisonment rate","40-44 years old","Females","Non-Indigenous people","All areas","Imprisonment rate per 100000 people at 30 June","","","","","","","","Derived from ABS (unpublished) Prisoners in Australia; ABS National state and territory population - March; ABS Estimates and Projections Aboriginal and Torres Strait Islander Australians","rate","35.4","11.9","46.4","68.0","57.4","20.0","33.6","98.2","","36.1"
"CtG10A.5","2020","Imprisonment rate","45-49 years old","Females","Non-Indigenous people","All areas","Imprisonment rate per 100000 people at 30 June","","","","","","","","Derived from ABS (unpublished) Prisoners in Australia; ABS National state and territory population - March; ABS Estimates and Projections Aboriginal and Torres Strait Islander Australians","rate","23.3","15.2","28.2","44.6","26.8","17.6","27.5","52.3","","25.1"
"CtG10A.5","2020","Imprisonment rate","50-54 years old","Females","Non-Indigenous people","All areas","Imprisonment rate per 100000 people at 30 June","","","","","","","","Derived from ABS (unpublished) Prisoners in Australia; ABS National state and territory population - March; ABS Estimates and Projections Aboriginal and Torres Strait Islander Australians","rate","17.7","6.9","14.0","14.6","14.3","0","0","0","","13.4"
"CtG10A.5","2020","Imprisonment rate","55+ years old","Females","Non-Indigenous people","All areas","Imprisonment rate per 100000 people at 30 June","","","","","","","","Derived from ABS (unpublished) Prisoners in Australia; ABS National state and territory population - March; ABS Estimates and Projections Aboriginal and Torres Strait Islander Australians","rate","3.6","3.3","3.3","7.3","3.4","3.2","0","0","","3.8"
"CtG10A.5","2019","Imprisonment rate","18-24 years old","Males","Aboriginal and Torres Strait Islander people","All areas","Imprisonment rate per 100000 people at 30 June","","","","","","","","Derived from ABS (unpublished) Prisoners in Australia; ABS Estimates and Projections Aboriginal and Torres Strait Islander Australians; ABS (unpublished) Estimates and Projections Aboriginal and Torres Strait Islander Australians","rate","3176.1","2533.2","3653.2","6219.5","3259.9","1371.3","2543.7","5180.7","","3739.0"
"CtG10A.5","2019","Imprisonment rate","25-29 years old","Males","Aboriginal and Torres Strait Islander people","All areas","Imprisonment rate per 100000 people at 30 June","","","","","","","","Derived from ABS (unpublished) Prisoners in Australia; ABS Estimates and Projections Aboriginal and Torres Strait Islander Australians","rate","5487.3","4692.8","5185.5","10357.2","5357.1","2518.7","4807.7","7782.5","","6110.4"
"CtG10A.5","2019","Imprisonment rate","30-34 years old","Males","Aboriginal and Torres Strait Islander people","All areas","Imprisonment rate per 100000 people at 30 June","","","","","","","","Derived from ABS (unpublished) Prisoners in Australia; ABS Estimates and Projections Aboriginal and Torres Strait Islander Australians","rate","6381.2","5462.3","5718.2","9807.9","7174.9","2112.7","4644.8","8401.9","","6721.8"
"CtG10A.5","2019","Imprisonment rate","35-39 years old","Males","Aboriginal and Torres Strait Islander people","All areas","Imprisonment rate per 100000 people at 30 June","","","","","","","","Derived from ABS (unpublished) Prisoners in Australia; ABS Estimates and Projections Aboriginal and Torres Strait Islander Australians","rate","5003.5","5997.1","5672.7","8896.4","6718.5","1987.6","4417.7","8593.8","","6199.6"
"CtG10A.5","2019","Imprisonment rate","40-44 years old","Males","Aboriginal and Torres Strait Islander people","All areas","Imprisonment rate per 100000 people at 30 June","","","","","","","","Derived from ABS (unpublished) Prisoners in Australia; ABS Estimates and Projections Aboriginal and Torres Strait Islander Australians","rate","3770.8","5076.1","3812.8","8237.1","7350.4","1768.7","3703.7","6450.2","","4878.6"
"CtG10A.5","2019","Imprisonment rate","45-49 years old","Males","Aboriginal and Torres Strait Islander people","All areas","Imprisonment rate per 100000 people at 30 June","","","","","","","","Derived from ABS (unpublished) Prisoners in Australia; ABS Estimates and Projections Aboriginal and Torres Strait Islander Australians","rate","2579.7","2919.7","2263.7","5331.3","2977.1","814.9","2369.7","4537.0","","3019.6"
"CtG10A.5","2019","Imprisonment rate","50-54 years old","Males","Aboriginal and Torres Strait Islander people","All areas","Imprisonment rate per 100000 people at 30 June","","","","","","","","Derived from ABS (unpublished) Prisoners in Australia; ABS Estimates and Projections Aboriginal and Torres Strait Islander Australians","rate","1641.6","1592.0","1533.3","3157.9","2590.2","951.1","3684.2","3943.0","","2023.8"
"CtG10A.5","2019","Imprisonment rate","55+ years old","Males","Aboriginal and Torres Strait Islander people","All areas","Imprisonment rate per 100000 people at 30 June","","","","","","","","Derived from ABS (unpublished) Prisoners in Australia; ABS Estimates and Projections Aboriginal and Torres Strait Islander Australians","rate","481.3","706.6","351.5","1237.2","1019.3","123.7","0","968.2","","596.7"
"CtG10A.5","2019","Imprisonment rate","18-24 years old","Females","Aboriginal and Torres Strait Islander people","All areas","Imprisonment rate per 100000 people at 30 June","","","","","","","","Derived from ABS (unpublished) Prisoners in Australia; ABS Estimates and Projections Aboriginal and Torres Strait Islander Australians; ABS (unpublished) Estimates and Projections Aboriginal and Torres Strait Islander Australians","rate","328.4","289.3","515.0","779.3","314.1","0","469.5","107.5","","395.0"
"CtG10A.5","2019","Imprisonment rate","25-29 years old","Females","Aboriginal and Torres Strait Islander people","All areas","Imprisonment rate per 100000 people at 30 June","","","","","","","","Derived from ABS (unpublished) Prisoners in Australia; ABS Estimates and Projections Aboriginal and Torres Strait Islander Australians","rate","497.2","626.4","668.6","1552.3","541.1","555.6","659.3","625.2","","671.5"
"CtG10A.5","2019","Imprisonment rate","30-34 years old","Females","Aboriginal and Torres Strait Islander people","All areas","Imprisonment rate per 100000 people at 30 June","","","","","","","","Derived from ABS (unpublished) Prisoners in Australia; ABS Estimates and Projections Aboriginal and Torres Strait Islander Australians","rate","484.4","608.3","793.1","1424.7","354.2","0","887.6","394.1","","701.6"
"CtG10A.5","2019","Imprisonment rate","35-39 years old","Females","Aboriginal and Torres Strait Islander people","All areas","Imprisonment rate per 100000 people at 30 June","","","","","","","","Derived from ABS (unpublished) Prisoners in Australia; ABS Estimates and Projections Aboriginal and Torres Strait Islander Australians","rate","831.5","652.9","606.1","1567.9","1310.0","308.3","0","336.7","","816.7"
"CtG10A.5","2019","Imprisonment rate","40-44 years old","Females","Aboriginal and Torres Strait Islander people","All areas","Imprisonment rate per 100000 people at 30 June","","","","","","","","Derived from ABS (unpublished) Prisoners in Australia; ABS Estimates and Projections Aboriginal and Torres Strait Islander Australians","rate","352.6","785.3","332.5","1255.4","312.7","346.8","0","505.7","","498.7"
"CtG10A.5","2019","Imprisonment rate","45-49 years old","Females","Aboriginal and Torres Strait Islander people","All areas","Imprisonment rate per 100000 people at 30 June","","","","","","","","Derived from ABS (unpublished) Prisoners in Australia; ABS Estimates and Projections Aboriginal and Torres Strait Islander Australians","rate","207.0","299.3","283.9","572.5","617.7","0","0","595.0","","329.8"
"CtG10A.5","2019","Imprisonment rate","50-54 years old","Females","Aboriginal and Torres Strait Islander people","All areas","Imprisonment rate per 100000 people at 30 June","","","","","","","","Derived from ABS (unpublished) Prisoners in Australia; ABS Estimates and Projections Aboriginal and Torres Strait Islander Australians","rate","63.6","0","160.6","240.2","331.7","0","0","142.8","","120.9"
"CtG10A.5","2019","Imprisonment rate","55+ years old","Females","Aboriginal and Torres Strait Islander people","All areas","Imprisonment rate per 100000 people at 30 June","","","","","","","","Derived from ABS (unpublished) Prisoners in Australia; ABS Estimates and Projections Aboriginal and Torres Strait Islander Australians","rate","13.5","85.9","18.6","43.3","0","0","0","84.7","","26.3"
"CtG10A.5","2019","Imprisonment rate","18-24 years old","Males","Non-Indigenous people","All areas","Imprisonment rate per 100000 people at 30 June","","","","","","","","Derived from ABS (unpublished) Prisoners in Australia; ABS National state and territory population - March; ABS Estimates and Projections Aboriginal and Torres Strait Islander Australians; ABS (unpublished) Estimates and Projections Aboriginal and Torres Strait Islander Australians","rate","279.9","236.7","316.4","339.4","216.5","267.5","223.0","401.3","","275.9"
"CtG10A.5","2019","Imprisonment rate","25-29 years old","Males","Non-Indigenous people","All areas","Imprisonment rate per 100000 people at 30 June","","","","","","","","Derived from ABS (unpublished) Prisoners in Australia; ABS National state and territory population - March; ABS Estimates and Projections Aboriginal and Torres Strait Islander Australians","rate","527.5","463.6","557.3","698.3","527.8","496.7","352.6","416.7","","526.6"
"CtG10A.5","2019","Imprisonment rate","30-34 years old","Males","Non-Indigenous people","All areas","Imprisonment rate per 100000 people at 30 June","","","","","","","","Derived from ABS (unpublished) Prisoners in Australia; ABS National state and territory population - March; ABS Estimates and Projections Aboriginal and Torres Strait Islander Australians","rate","536.5","507.0","602.9","682.1","606.4","610.1","327.8","569.1","","557.9"
"CtG10A.5","2019","Imprisonment rate","35-39 years old","Males","Non-Indigenous people","All areas","Imprisonment rate per 100000 people at 30 June","","","","","","","","Derived from ABS (unpublished) Prisoners in Australia; ABS National state and territory population - March; ABS Estimates and Projections Aboriginal and Torres Strait Islander Australians","rate","554.3","443.2","530.7","719.4","616.1","566.4","287.8","402.5","","535.4"
"CtG10A.5","2019","Imprisonment rate","40-44 years old","Males","Non-Indigenous people","All areas","Imprisonment rate per 100000 people at 30 June","","","","","","","","Derived from ABS (unpublished) Prisoners in Australia; ABS National state and territory population - March; ABS Estimates and Projections Aboriginal and Torres Strait Islander Australians","rate","476.4","399.7","415.2","583.1","491.7","447.8","248.7","627.1","","452.6"
"CtG10A.5","2019","Imprisonment rate","45-49 years old","Males","Non-Indigenous people","All areas","Imprisonment rate per 100000 people at 30 June","","","","","","","","Derived from ABS (unpublished) Prisoners in Australia; ABS National state and territory population - March; ABS Estimates and Projections Aboriginal and Torres Strait Islander Australians","rate","367.8","290.7","303.5","414.7","385.1","263.7","199.4","379.8","","335.6"
"CtG10A.5","2019","Imprisonment rate","50-54 years old","Males","Non-Indigenous people","All areas","Imprisonment rate per 100000 people at 30 June","","","","","","","","Derived from ABS (unpublished) Prisoners in Australia; ABS National state and territory population - March; ABS Estimates and Projections Aboriginal and Torres Strait Islander Australians","rate","265.6","208.9","191.5","303.1","293.1","143.3","133.5","422.3","","237.2"
"CtG10A.5","2019","Imprisonment rate","55+ years old","Males","Non-Indigenous people","All areas","Imprisonment rate per 100000 people at 30 June","","","","","","","","Derived from ABS (unpublished) Prisoners in Australia; ABS National state and territory population - March; ABS Estimates and Projections Aboriginal and Torres Strait Islander Australians","rate","102.9","83.7","68.3","117.2","101.6","58.6","61.3","171.3","","91.2"
"CtG10A.5","2019","Imprisonment rate","18-24 years old","Females","Non-Indigenous people","All areas","Imprisonment rate per 100000 people at 30 June","","","","","","","","Derived from ABS (unpublished) Prisoners in Australia; ABS National state and territory population - March; ABS Estimates and Projections Aboriginal and Torres Strait Islander Australians; ABS (unpublished) Estimates and Projections Aboriginal and Torres Strait Islander Australians","rate","26.7","21.3","40.0","45.1","25.5","44.0","0","47.3","","28.8"
"CtG10A.5","2019","Imprisonment rate","25-29 years old","Females","Non-Indigenous people","All areas","Imprisonment rate per 100000 people at 30 June","","","","","","","","Derived from ABS (unpublished) Prisoners in Australia; ABS National state and territory population - March; ABS Estimates and Projections Aboriginal and Torres Strait Islander Australians","rate","37.6","33.0","52.9","73.1","42.4","53.9","16.2","36.3","","43.4"
"CtG10A.5","2019","Imprisonment rate","30-34 years old","Females","Non-Indigenous people","All areas","Imprisonment rate per 100000 people at 30 June","","","","","","","","Derived from ABS (unpublished) Prisoners in Australia; ABS National state and territory population - March; ABS Estimates and Projections Aboriginal and Torres Strait Islander Australians","rate","34.2","38.7","61.2","74.7","41.3","30.7","27.2","45.6","","46.1"
"CtG10A.5","2019","Imprisonment rate","35-39 years old","Females","Non-Indigenous people","All areas","Imprisonment rate per 100000 people at 30 June","","","","","","","","Derived from ABS (unpublished) Prisoners in Australia; ABS National state and territory population - March; ABS Estimates and Projections Aboriginal and Torres Strait Islander Australians","rate","38.8","35.4","53.8","66.6","34.0","65.1","0","0","","42.7"
"CtG10A.5","2019","Imprisonment rate","40-44 years old","Females","Non-Indigenous people","All areas","Imprisonment rate per 100000 people at 30 June","","","","","","","","Derived from ABS (unpublished) Prisoners in Australia; ABS National state and territory population - March; ABS Estimates and Projections Aboriginal and Torres Strait Islander Australians","rate","33.7","25.6","42.6","75.5","42.8","0","21.0","133.4","","37.4"
"CtG10A.5","2019","Imprisonment rate","45-49 years old","Females","Non-Indigenous people","All areas","Imprisonment rate per 100000 people at 30 June","","","","","","","","Derived from ABS (unpublished) Prisoners in Australia; ABS National state and territory population - March; ABS Estimates and Projections Aboriginal and Torres Strait Islander Australians","rate","24.8","19.3","34.2","47.1","19.4","17.5","55.8","50.8","","27.7"
"CtG10A.5","2019","Imprisonment rate","50-54 years old","Females","Non-Indigenous people","All areas","Imprisonment rate per 100000 people at 30 June","","","","","","","","Derived from ABS (unpublished) Prisoners in Australia; ABS National state and territory population - March; ABS Estimates and Projections Aboriginal and Torres Strait Islander Australians","rate","19.1","13.6","16.3","41.0","10.8","0","0","0","","18.1"
"CtG10A.5","2019","Imprisonment rate","55+ years old","Females","Non-Indigenous people","All areas","Imprisonment rate per 100000 people at 30 June","","","","","","","","Derived from ABS (unpublished) Prisoners in Australia; ABS National state and territory population - March; ABS Estimates and Projections Aboriginal and Torres Strait Islander Australians","rate","4.2","4.2","3.1","6.8","3.8","3.2","0","18.2","","4.2"
"CtG10A.6","2025","Imprisonment rate","18-24 years old","Males","Aboriginal and Torres Strait Islander people","All areas","People in prison custody at 30 June","","","","","","","","ABS (unpublished) Prisoners in Australia","no.","648","89","769","452","93","26","26","453","","2550"
"CtG10A.6","2025","Imprisonment rate","25-29 years old","Males","Aboriginal and Torres Strait Islander people","All areas","People in prison custody at 30 June","","","","","","","","ABS (unpublished) Prisoners in Australia","no.","742","161","740","581","116","35","20","380","","2767"
"CtG10A.6","2025","Imprisonment rate","30-34 years old","Males","Aboriginal and Torres Strait Islander people","All areas","People in prison custody at 30 June","","","","","","","","ABS (unpublished) Prisoners in Australia","no.","807","205","770","670","148","42","25","417","","3077"
"CtG10A.6","2025","Imprisonment rate","35-39 years old","Males","Aboriginal and Torres Strait Islander people","All areas","People in prison custody at 30 June","","","","","","","","ABS (unpublished) Prisoners in Australia","no.","669","141","659","591","148","29","23","373","","2630"
"CtG10A.6","2025","Imprisonment rate","40-44 years old","Males","Aboriginal and Torres Strait Islander people","All areas","People in prison custody at 30 June","","","","","","","","ABS (unpublished) Prisoners in Australia","no.","526","120","433","403","104","28","15","279","","1906"
"CtG10A.6","2025","Imprisonment rate","45-49 years old","Males","Aboriginal and Torres Strait Islander people","All areas","People in prison custody at 30 June","","","","","","","","ABS (unpublished) Prisoners in Australia","no.","330","68","303","265","77","20","8","205","","1276"
"CtG10A.6","2025","Imprisonment rate","50-54 years old","Males","Aboriginal and Torres Strait Islander people","All areas","People in prison custody at 30 June","","","","","","","","ABS (unpublished) Prisoners in Australia","no.","207","31","169","164","53","0","6","114","","740"
"CtG10A.6","2025","Imprisonment rate","55+ years old","Males","Aboriginal and Torres Strait Islander people","All areas","People in prison custody at 30 June","","","","","","","","ABS (unpublished) Prisoners in Australia","no.","180","38","140","136","37","9","7","91","","638"
"CtG10A.6","2025","Imprisonment rate","18-24 years old","Females","Aboriginal and Torres Strait Islander people","All areas","People in prison custody at 30 June","","","","","","","","ABS (unpublished) Prisoners in Australia","no.","68","7","111","47","21","5","3","34","","299"
"CtG10A.6","2025","Imprisonment rate","25-29 years old","Females","Aboriginal and Torres Strait Islander people","All areas","People in prison custody at 30 June","","","","","","","","ABS (unpublished) Prisoners in Australia","no.","74","13","101","90","25","0","3","27","","341"
"CtG10A.6","2025","Imprisonment rate","30-34 years old","Females","Aboriginal and Torres Strait Islander people","All areas","People in prison custody at 30 June","","","","","","","","ABS (unpublished) Prisoners in Australia","no.","83","15","103","121","28","3","5","55","","409"
"CtG10A.6","2025","Imprisonment rate","35-39 years old","Females","Aboriginal and Torres Strait Islander people","All areas","People in prison custody at 30 June","","","","","","","","ABS (unpublished) Prisoners in Australia","no.","78","11","76","97","19","0","0","22","","308"
"CtG10A.6","2025","Imprisonment rate","40-44 years old","Females","Aboriginal and Torres Strait Islander people","All areas","People in prison custody at 30 June","","","","","","","","ABS (unpublished) Prisoners in Australia","no.","44","3","66","76","19","3","3","26","","238"
"CtG10A.6","2025","Imprisonment rate","45-49 years old","Females","Aboriginal and Torres Strait Islander people","All areas","People in prison custody at 30 June","","","","","","","","ABS (unpublished) Prisoners in Australia","no.","32","3","32","41","3","0","0","17","","130"
"CtG10A.6","2025","Imprisonment rate","50-54 years old","Females","Aboriginal and Torres Strait Islander people","All areas","People in prison custody at 30 June","","","","","","","","ABS (unpublished) Prisoners in Australia","no.","20","6","18","19","6","0","0","13","","83"
"CtG10A.6","2025","Imprisonment rate","55+ years old","Females","Aboriginal and Torres Strait Islander people","All areas","People in prison custody at 30 June","","","","","","","","ABS (unpublished) Prisoners in Australia","no.","4","0","7","12","0","0","0","9","","34"
"CtG10A.6","2025","Imprisonment rate","18-24 years old","Males","Non-Indigenous people","All areas","People in prison custody at 30 June","","","","","","","","ABS (unpublished) Prisoners in Australia","no.","638","471","619","328","147","42","27","24","","2308"
"CtG10A.6","2025","Imprisonment rate","25-29 years old","Males","Non-Indigenous people","All areas","People in prison custody at 30 June","","","","","","","","ABS (unpublished) Prisoners in Australia","no.","989","699","871","494","256","65","39","27","","3440"
"CtG10A.6","2025","Imprisonment rate","30-34 years old","Males","Non-Indigenous people","All areas","People in prison custody at 30 June","","","","","","","","ABS (unpublished) Prisoners in Australia","no.","1313","960","1153","767","353","81","58","59","","4743"
"CtG10A.6","2025","Imprisonment rate","35-39 years old","Males","Non-Indigenous people","All areas","People in prison custody at 30 June","","","","","","","","ABS (unpublished) Prisoners in Australia","no.","1295","904","1080","715","390","84","48","57","","4573"
"CtG10A.6","2025","Imprisonment rate","40-44 years old","Males","Non-Indigenous people","All areas","People in prison custody at 30 June","","","","","","","","ABS (unpublished) Prisoners in Australia","no.","1136","700","850","654","359","80","29","37","","3849"
"CtG10A.6","2025","Imprisonment rate","45-49 years old","Males","Non-Indigenous people","All areas","People in prison custody at 30 June","","","","","","","","ABS (unpublished) Prisoners in Australia","no.","868","472","635","458","259","44","22","36","","2800"
"CtG10A.6","2025","Imprisonment rate","50-54 years old","Males","Non-Indigenous people","All areas","People in prison custody at 30 June","","","","","","","","ABS (unpublished) Prisoners in Australia","no.","618","338","422","344","219","34","17","29","","2035"
"CtG10A.6","2025","Imprisonment rate","55+ years old","Males","Non-Indigenous people","All areas","People in prison custody at 30 June","","","","","","","","ABS (unpublished) Prisoners in Australia","no.","1248","652","607","548","375","70","38","51","","3581"
"CtG10A.6","2025","Imprisonment rate","18-24 years old","Females","Non-Indigenous people","All areas","People in prison custody at 30 June","","","","","","","","ABS (unpublished) Prisoners in Australia","no.","51","21","62","32","10","5","0","0","","178"
"CtG10A.6","2025","Imprisonment rate","25-29 years old","Females","Non-Indigenous people","All areas","People in prison custody at 30 June","","","","","","","","ABS (unpublished) Prisoners in Australia","no.","61","32","95","57","25","9","0","0","","278"
"CtG10A.6","2025","Imprisonment rate","30-34 years old","Females","Non-Indigenous people","All areas","People in prison custody at 30 June","","","","","","","","ABS (unpublished) Prisoners in Australia","no.","79","53","104","79","24","7","0","6","","357"
"CtG10A.6","2025","Imprisonment rate","35-39 years old","Females","Non-Indigenous people","All areas","People in prison custody at 30 June","","","","","","","","ABS (unpublished) Prisoners in Australia","no.","99","49","91","71","24","4","0","3","","337"
"CtG10A.6","2025","Imprisonment rate","40-44 years old","Females","Non-Indigenous people","All areas","People in prison custody at 30 June","","","","","","","","ABS (unpublished) Prisoners in Australia","no.","53","44","85","66","24","9","0","3","","286"
"CtG10A.6","2025","Imprisonment rate","45-49 years old","Females","Non-Indigenous people","All areas","People in prison custody at 30 June","","","","","","","","ABS (unpublished) Prisoners in Australia","no.","61","34","54","25","20","3","0","3","","209"
"CtG10A.6","2025","Imprisonment rate","50-54 years old","Females","Non-Indigenous people","All areas","People in prison custody at 30 June","","","","","","","","ABS (unpublished) Prisoners in Australia","no.","39","22","25","26","14","3","0","0","","134"
"CtG10A.6","2025","Imprisonment rate","55+ years old","Females","Non-Indigenous people","All areas","People in prison custody at 30 June","","","","","","","","ABS (unpublished) Prisoners in Australia","no.","55","23","38","33","14","5","0","0","","173"
"CtG10A.6","2024","Imprisonment rate","18-24 years old","Males","Aboriginal and Torres Strait Islander people","All areas","People in prison custody at 30 June","","","","","","","","ABS (unpublished) Prisoners in Australia","no.","586","82","737","453","102","22","17","371","","2379"
"CtG10A.6","2024","Imprisonment rate","25-29 years old","Males","Aboriginal and Torres Strait Islander people","All areas","People in prison custody at 30 June","","","","","","","","ABS (unpublished) Prisoners in Australia","no.","732","138","725","579","114","41","24","348","","2706"
"CtG10A.6","2024","Imprisonment rate","30-34 years old","Males","Aboriginal and Torres Strait Islander people","All areas","People in prison custody at 30 June","","","","","","","","ABS (unpublished) Prisoners in Australia","no.","766","139","742","628","148","47","26","344","","2835"
"CtG10A.6","2024","Imprisonment rate","35-39 years old","Males","Aboriginal and Torres Strait Islander people","All areas","People in prison custody at 30 June","","","","","","","","ABS (unpublished) Prisoners in Australia","no.","630","132","556","515","144","23","30","279","","2307"
"CtG10A.6","2024","Imprisonment rate","40-44 years old","Males","Aboriginal and Torres Strait Islander people","All areas","People in prison custody at 30 June","","","","","","","","ABS (unpublished) Prisoners in Australia","no.","493","81","433","382","104","24","14","251","","1772"
"CtG10A.6","2024","Imprisonment rate","45-49 years old","Males","Aboriginal and Torres Strait Islander people","All areas","People in prison custody at 30 June","","","","","","","","ABS (unpublished) Prisoners in Australia","no.","272","47","262","253","72","14","0","154","","1070"
"CtG10A.6","2024","Imprisonment rate","50-54 years old","Males","Aboriginal and Torres Strait Islander people","All areas","People in prison custody at 30 June","","","","","","","","ABS (unpublished) Prisoners in Australia","no.","161","30","155","143","29","7","9","84","","620"
"CtG10A.6","2024","Imprisonment rate","55+ years old","Males","Aboriginal and Torres Strait Islander people","All areas","People in prison custody at 30 June","","","","","","","","ABS (unpublished) Prisoners in Australia","no.","174","41","128","121","44","7","6","66","","584"
"CtG10A.6","2024","Imprisonment rate","18-24 years old","Females","Aboriginal and Torres Strait Islander people","All areas","People in prison custody at 30 June","","","","","","","","ABS (unpublished) Prisoners in Australia","no.","54","5","106","47","6","7","0","17","","245"
"CtG10A.6","2024","Imprisonment rate","25-29 years old","Females","Aboriginal and Torres Strait Islander people","All areas","People in prison custody at 30 June","","","","","","","","ABS (unpublished) Prisoners in Australia","no.","81","10","91","75","19","4","4","18","","310"
"CtG10A.6","2024","Imprisonment rate","30-34 years old","Females","Aboriginal and Torres Strait Islander people","All areas","People in prison custody at 30 June","","","","","","","","ABS (unpublished) Prisoners in Australia","no.","67","3","84","98","19","0","3","34","","312"
"CtG10A.6","2024","Imprisonment rate","35-39 years old","Females","Aboriginal and Torres Strait Islander people","All areas","People in prison custody at 30 June","","","","","","","","ABS (unpublished) Prisoners in Australia","no.","57","3","95","89","25","3","0","17","","293"
"CtG10A.6","2024","Imprisonment rate","40-44 years old","Females","Aboriginal and Torres Strait Islander people","All areas","People in prison custody at 30 June","","","","","","","","ABS (unpublished) Prisoners in Australia","no.","53","5","63","56","16","3","3","11","","222"
"CtG10A.6","2024","Imprisonment rate","45-49 years old","Females","Aboriginal and Torres Strait Islander people","All areas","People in prison custody at 30 June","","","","","","","","ABS (unpublished) Prisoners in Australia","no.","23","3","36","43","5","3","0","14","","129"
"CtG10A.6","2024","Imprisonment rate","50-54 years old","Females","Aboriginal and Torres Strait Islander people","All areas","People in prison custody at 30 June","","","","","","","","ABS (unpublished) Prisoners in Australia","no.","23","0","22","13","3","0","0","5","","67"
"CtG10A.6","2024","Imprisonment rate","55+ years old","Females","Aboriginal and Torres Strait Islander people","All areas","People in prison custody at 30 June","","","","","","","","ABS (unpublished) Prisoners in Australia","no.","7","0","4","7","0","0","0","4","","29"
"CtG10A.6","2024","Imprisonment rate","18-24 years old","Males","Non-Indigenous people","All areas","People in prison custody at 30 June","","","","","","","","ABS (unpublished) Prisoners in Australia","no.","634","384","587","299","143","50","25","23","","2153"
"CtG10A.6","2024","Imprisonment rate","25-29 years old","Males","Non-Indigenous people","All areas","People in prison custody at 30 June","","","","","","","","ABS (unpublished) Prisoners in Australia","no.","1024","680","901","518","270","77","42","28","","3537"
"CtG10A.6","2024","Imprisonment rate","30-34 years old","Males","Non-Indigenous people","All areas","People in prison custody at 30 June","","","","","","","","ABS (unpublished) Prisoners in Australia","no.","1356","883","1125","648","378","96","51","45","","4587"
"CtG10A.6","2024","Imprisonment rate","35-39 years old","Males","Non-Indigenous people","All areas","People in prison custody at 30 June","","","","","","","","ABS (unpublished) Prisoners in Australia","no.","1303","821","1051","744","366","106","54","40","","4486"
"CtG10A.6","2024","Imprisonment rate","40-44 years old","Males","Non-Indigenous people","All areas","People in prison custody at 30 June","","","","","","","","ABS (unpublished) Prisoners in Australia","no.","1179","637","867","550","341","82","26","26","","3711"
"CtG10A.6","2024","Imprisonment rate","45-49 years old","Males","Non-Indigenous people","All areas","People in prison custody at 30 June","","","","","","","","ABS (unpublished) Prisoners in Australia","no.","846","431","560","413","262","52","25","30","","2615"
"CtG10A.6","2024","Imprisonment rate","50-54 years old","Males","Non-Indigenous people","All areas","People in prison custody at 30 June","","","","","","","","ABS (unpublished) Prisoners in Australia","no.","653","338","418","308","213","26","11","20","","1988"
"CtG10A.6","2024","Imprisonment rate","55+ years old","Males","Non-Indigenous people","All areas","People in prison custody at 30 June","","","","","","","","ABS (unpublished) Prisoners in Australia","no.","1228","617","590","469","368","71","25","40","","3419"
"CtG10A.6","2024","Imprisonment rate","18-24 years old","Females","Non-Indigenous people","All areas","People in prison custody at 30 June","","","","","","","","ABS (unpublished) Prisoners in Australia","no.","45","20","57","23","9","5","3","0","","158"
"CtG10A.6","2024","Imprisonment rate","25-29 years old","Females","Non-Indigenous people","All areas","People in prison custody at 30 June","","","","","","","","ABS (unpublished) Prisoners in Australia","no.","66","34","72","49","17","9","0","3","","259"
"CtG10A.6","2024","Imprisonment rate","30-34 years old","Females","Non-Indigenous people","All areas","People in prison custody at 30 June","","","","","","","","ABS (unpublished) Prisoners in Australia","no.","80","41","108","70","14","7","0","5","","325"
"CtG10A.6","2024","Imprisonment rate","35-39 years old","Females","Non-Indigenous people","All areas","People in prison custody at 30 June","","","","","","","","ABS (unpublished) Prisoners in Australia","no.","86","34","90","76","24","9","0","3","","321"
"CtG10A.6","2024","Imprisonment rate","40-44 years old","Females","Non-Indigenous people","All areas","People in prison custody at 30 June","","","","","","","","ABS (unpublished) Prisoners in Australia","no.","71","25","86","53","25","3","3","0","","278"
"CtG10A.6","2024","Imprisonment rate","45-49 years old","Females","Non-Indigenous people","All areas","People in prison custody at 30 June","","","","","","","","ABS (unpublished) Prisoners in Australia","no.","57","33","47","33","24","3","0","0","","192"
"CtG10A.6","2024","Imprisonment rate","50-54 years old","Females","Non-Indigenous people","All areas","People in prison custody at 30 June","","","","","","","","ABS (unpublished) Prisoners in Australia","no.","40","13","38","24","11","4","0","0","","132"
"CtG10A.6","2024","Imprisonment rate","55+ years old","Females","Non-Indigenous people","All areas","People in prison custody at 30 June","","","","","","","","ABS (unpublished) Prisoners in Australia","no.","38","28","42","26","18","0","0","0","","149"
"CtG10A.6","2023","Imprisonment rate","18-24 years old","Males","Aboriginal and Torres Strait Islander people","All areas","People in prison custody at 30 June","","","","","","","","ABS (unpublished) Prisoners in Australia","no.","515","89","673","427","90","28","15","363","","2198"
"CtG10A.6","2023","Imprisonment rate","25-29 years old","Males","Aboriginal and Torres Strait Islander people","All areas","People in prison custody at 30 June","","","","","","","","ABS (unpublished) Prisoners in Australia","no.","677","177","640","505","110","37","14","280","","2443"
"CtG10A.6","2023","Imprisonment rate","30-34 years old","Males","Aboriginal and Torres Strait Islander people","All areas","People in prison custody at 30 June","","","","","","","","ABS (unpublished) Prisoners in Australia","no.","652","170","670","495","134","32","24","332","","2508"
"CtG10A.6","2023","Imprisonment rate","35-39 years old","Males","Aboriginal and Torres Strait Islander people","All areas","People in prison custody at 30 June","","","","","","","","ABS (unpublished) Prisoners in Australia","no.","508","146","510","418","109","22","15","252","","1976"
"CtG10A.6","2023","Imprisonment rate","40-44 years old","Males","Aboriginal and Torres Strait Islander people","All areas","People in prison custody at 30 June","","","","","","","","ABS (unpublished) Prisoners in Australia","no.","363","82","390","274","89","17","9","233","","1463"
"CtG10A.6","2023","Imprisonment rate","45-49 years old","Males","Aboriginal and Torres Strait Islander people","All areas","People in prison custody at 30 June","","","","","","","","ABS (unpublished) Prisoners in Australia","no.","228","51","233","198","58","11","8","151","","932"
"CtG10A.6","2023","Imprisonment rate","50-54 years old","Males","Aboriginal and Torres Strait Islander people","All areas","People in prison custody at 30 June","","","","","","","","ABS (unpublished) Prisoners in Australia","no.","140","30","136","118","35","3","4","75","","544"
"CtG10A.6","2023","Imprisonment rate","55+ years old","Males","Aboriginal and Torres Strait Islander people","All areas","People in prison custody at 30 June","","","","","","","","ABS (unpublished) Prisoners in Australia","no.","137","35","95","101","40","7","0","62","","484"
"CtG10A.6","2023","Imprisonment rate","18-24 years old","Females","Aboriginal and Torres Strait Islander people","All areas","People in prison custody at 30 June","","","","","","","","ABS (unpublished) Prisoners in Australia","no.","45","7","97","41","11","5","0","18","","230"
"CtG10A.6","2023","Imprisonment rate","25-29 years old","Females","Aboriginal and Torres Strait Islander people","All areas","People in prison custody at 30 June","","","","","","","","ABS (unpublished) Prisoners in Australia","no.","70","8","83","56","11","0","0","18","","250"
"CtG10A.6","2023","Imprisonment rate","30-34 years old","Females","Aboriginal and Torres Strait Islander people","All areas","People in prison custody at 30 June","","","","","","","","ABS (unpublished) Prisoners in Australia","no.","57","4","85","78","15","0","0","22","","268"
"CtG10A.6","2023","Imprisonment rate","35-39 years old","Females","Aboriginal and Torres Strait Islander people","All areas","People in prison custody at 30 June","","","","","","","","ABS (unpublished) Prisoners in Australia","no.","51","4","78","70","21","0","6","18","","241"
"CtG10A.6","2023","Imprisonment rate","40-44 years old","Females","Aboriginal and Torres Strait Islander people","All areas","People in prison custody at 30 June","","","","","","","","ABS (unpublished) Prisoners in Australia","no.","27","0","54","44","6","4","3","16","","162"
"CtG10A.6","2023","Imprisonment rate","45-49 years old","Females","Aboriginal and Torres Strait Islander people","All areas","People in prison custody at 30 June","","","","","","","","ABS (unpublished) Prisoners in Australia","no.","22","6","32","34","3","0","0","9","","101"
"CtG10A.6","2023","Imprisonment rate","50-54 years old","Females","Aboriginal and Torres Strait Islander people","All areas","People in prison custody at 30 June","","","","","","","","ABS (unpublished) Prisoners in Australia","no.","16","0","14","12","0","0","0","5","","48"
"CtG10A.6","2023","Imprisonment rate","55+ years old","Females","Aboriginal and Torres Strait Islander people","All areas","People in prison custody at 30 June","","","","","","","","ABS (unpublished) Prisoners in Australia","no.","3","0","3","6","0","0","0","4","","20"
"CtG10A.6","2023","Imprisonment rate","18-24 years old","Males","Non-Indigenous people","All areas","People in prison custody at 30 June","","","","","","","","ABS (unpublished) Prisoners in Australia","no.","709","483","590","264","156","43","28","21","","2299"
"CtG10A.6","2023","Imprisonment rate","25-29 years old","Males","Non-Indigenous people","All areas","People in prison custody at 30 June","","","","","","","","ABS (unpublished) Prisoners in Australia","no.","1045","751","959","470","252","76","35","28","","3616"
"CtG10A.6","2023","Imprisonment rate","30-34 years old","Males","Non-Indigenous people","All areas","People in prison custody at 30 June","","","","","","","","ABS (unpublished) Prisoners in Australia","no.","1346","987","1144","639","292","100","57","41","","4605"
"CtG10A.6","2023","Imprisonment rate","35-39 years old","Males","Non-Indigenous people","All areas","People in prison custody at 30 June","","","","","","","","ABS (unpublished) Prisoners in Australia","no.","1291","896","980","607","368","88","47","36","","4312"
"CtG10A.6","2023","Imprisonment rate","40-44 years old","Males","Non-Indigenous people","All areas","People in prison custody at 30 June","","","","","","","","ABS (unpublished) Prisoners in Australia","no.","1173","690","798","511","309","81","27","27","","3612"
"CtG10A.6","2023","Imprisonment rate","45-49 years old","Males","Non-Indigenous people","All areas","People in prison custody at 30 June","","","","","","","","ABS (unpublished) Prisoners in Australia","no.","834","469","535","335","240","41","25","23","","2496"
"CtG10A.6","2023","Imprisonment rate","50-54 years old","Males","Non-Indigenous people","All areas","People in prison custody at 30 June","","","","","","","","ABS (unpublished) Prisoners in Australia","no.","673","374","356","271","180","34","15","23","","1927"
"CtG10A.6","2023","Imprisonment rate","55+ years old","Males","Non-Indigenous people","All areas","People in prison custody at 30 June","","","","","","","","ABS (unpublished) Prisoners in Australia","no.","1186","615","531","418","326","72","24","40","","3216"
"CtG10A.6","2023","Imprisonment rate","18-24 years old","Females","Non-Indigenous people","All areas","People in prison custody at 30 June","","","","","","","","ABS (unpublished) Prisoners in Australia","no.","51","25","66","16","5","0","3","0","","168"
"CtG10A.6","2023","Imprisonment rate","25-29 years old","Females","Non-Indigenous people","All areas","People in prison custody at 30 June","","","","","","","","ABS (unpublished) Prisoners in Australia","no.","77","45","83","52","26","3","0","0","","283"
"CtG10A.6","2023","Imprisonment rate","30-34 years old","Females","Non-Indigenous people","All areas","People in prison custody at 30 June","","","","","","","","ABS (unpublished) Prisoners in Australia","no.","86","45","90","60","23","13","4","3","","324"
"CtG10A.6","2023","Imprisonment rate","35-39 years old","Females","Non-Indigenous people","All areas","People in prison custody at 30 June","","","","","","","","ABS (unpublished) Prisoners in Australia","no.","71","45","100","71","30","11","3","0","","332"
"CtG10A.6","2023","Imprisonment rate","40-44 years old","Females","Non-Indigenous people","All areas","People in prison custody at 30 June","","","","","","","","ABS (unpublished) Prisoners in Australia","no.","83","35","68","46","18","3","4","0","","259"
"CtG10A.6","2023","Imprisonment rate","45-49 years old","Females","Non-Indigenous people","All areas","People in prison custody at 30 June","","","","","","","","ABS (unpublished) Prisoners in Australia","no.","70","18","46","25","19","0","0","0","","184"
"CtG10A.6","2023","Imprisonment rate","50-54 years old","Females","Non-Indigenous people","All areas","People in prison custody at 30 June","","","","","","","","ABS (unpublished) Prisoners in Australia","no.","47","15","36","34","10","4","3","0","","145"
"CtG10A.6","2023","Imprisonment rate","55+ years old","Females","Non-Indigenous people","All areas","People in prison custody at 30 June","","","","","","","","ABS (unpublished) Prisoners in Australia","no.","47","32","38","23","22","3","0","0","","157"
"CtG10A.6","2022","Imprisonment rate","18-24 years old","Males","Aboriginal and Torres Strait Islander people","All areas","People in prison custody at 30 June","","","","","","","","ABS (unpublished) Prisoners in Australia","no.","585","91","615","410","98","30","21","324","","2178"
"CtG10A.6","2022","Imprisonment rate","25-29 years old","Males","Aboriginal and Torres Strait Islander people","All areas","People in prison custody at 30 June","","","","","","","","ABS (unpublished) Prisoners in Australia","no.","683","130","605","439","113","31","11","269","","2289"
"CtG10A.6","2022","Imprisonment rate","30-34 years old","Males","Aboriginal and Torres Strait Islander people","All areas","People in prison custody at 30 June","","","","","","","","ABS (unpublished) Prisoners in Australia","no.","649","128","589","462","137","21","19","289","","2298"
"CtG10A.6","2022","Imprisonment rate","35-39 years old","Males","Aboriginal and Torres Strait Islander people","All areas","People in prison custody at 30 June","","","","","","","","ABS (unpublished) Prisoners in Australia","no.","530","123","491","355","120","14","13","243","","1890"
"CtG10A.6","2022","Imprisonment rate","40-44 years old","Males","Aboriginal and Torres Strait Islander people","All areas","People in prison custody at 30 June","","","","","","","","ABS (unpublished) Prisoners in Australia","no.","351","81","328","257","71","20","9","209","","1331"
"CtG10A.6","2022","Imprisonment rate","45-49 years old","Males","Aboriginal and Torres Strait Islander people","All areas","People in prison custody at 30 June","","","","","","","","ABS (unpublished) Prisoners in Australia","no.","234","44","185","178","63","5","10","130","","854"
"CtG10A.6","2022","Imprisonment rate","50-54 years old","Males","Aboriginal and Torres Strait Islander people","All areas","People in prison custody at 30 June","","","","","","","","ABS (unpublished) Prisoners in Australia","no.","126","23","130","97","30","0","3","71","","485"
"CtG10A.6","2022","Imprisonment rate","55+ years old","Males","Aboriginal and Torres Strait Islander people","All areas","People in prison custody at 30 June","","","","","","","","ABS (unpublished) Prisoners in Australia","no.","127","37","91","75","31","4","3","54","","427"
"CtG10A.6","2022","Imprisonment rate","18-24 years old","Females","Aboriginal and Torres Strait Islander people","All areas","People in prison custody at 30 June","","","","","","","","ABS (unpublished) Prisoners in Australia","no.","51","7","83","32","10","5","0","10","","203"
"CtG10A.6","2022","Imprisonment rate","25-29 years old","Females","Aboriginal and Torres Strait Islander people","All areas","People in prison custody at 30 June","","","","","","","","ABS (unpublished) Prisoners in Australia","no.","52","11","67","53","11","0","3","15","","216"
"CtG10A.6","2022","Imprisonment rate","30-34 years old","Females","Aboriginal and Torres Strait Islander people","All areas","People in prison custody at 30 June","","","","","","","","ABS (unpublished) Prisoners in Australia","no.","70","8","64","59","13","3","0","24","","244"
"CtG10A.6","2022","Imprisonment rate","35-39 years old","Females","Aboriginal and Torres Strait Islander people","All areas","People in prison custody at 30 June","","","","","","","","ABS (unpublished) Prisoners in Australia","no.","70","6","59","43","21","3","0","17","","220"
"CtG10A.6","2022","Imprisonment rate","40-44 years old","Females","Aboriginal and Torres Strait Islander people","All areas","People in prison custody at 30 June","","","","","","","","ABS (unpublished) Prisoners in Australia","no.","37","8","39","33","9","4","0","17","","140"
"CtG10A.6","2022","Imprisonment rate","45-49 years old","Females","Aboriginal and Torres Strait Islander people","All areas","People in prison custody at 30 June","","","","","","","","ABS (unpublished) Prisoners in Australia","no.","23","0","32","18","10","3","0","13","","90"
"CtG10A.6","2022","Imprisonment rate","50-54 years old","Females","Aboriginal and Torres Strait Islander people","All areas","People in prison custody at 30 June","","","","","","","","ABS (unpublished) Prisoners in Australia","no.","11","0","6","11","3","0","0","3","","29"
"CtG10A.6","2022","Imprisonment rate","55+ years old","Females","Aboriginal and Torres Strait Islander people","All areas","People in prison custody at 30 June","","","","","","","","ABS (unpublished) Prisoners in Australia","no.","11","0","10","3","0","0","0","3","","25"
"CtG10A.6","2022","Imprisonment rate","18-24 years old","Males","Non-Indigenous people","All areas","People in prison custody at 30 June","","","","","","","","ABS (unpublished) Prisoners in Australia","no.","721","539","588","256","124","50","30","20","","2322"
"CtG10A.6","2022","Imprisonment rate","25-29 years old","Males","Non-Indigenous people","All areas","People in prison custody at 30 June","","","","","","","","ABS (unpublished) Prisoners in Australia","no.","1144","824","938","446","291","70","44","27","","3782"
"CtG10A.6","2022","Imprisonment rate","30-34 years old","Males","Non-Indigenous people","All areas","People in prison custody at 30 June","","","","","","","","ABS (unpublished) Prisoners in Australia","no.","1388","1061","1027","623","347","69","52","37","","4607"
"CtG10A.6","2022","Imprisonment rate","35-39 years old","Males","Non-Indigenous people","All areas","People in prison custody at 30 June","","","","","","","","ABS (unpublished) Prisoners in Australia","no.","1291","927","876","583","371","76","43","33","","4199"
"CtG10A.6","2022","Imprisonment rate","40-44 years old","Males","Non-Indigenous people","All areas","People in prison custody at 30 June","","","","","","","","ABS (unpublished) Prisoners in Australia","no.","1087","635","742","537","305","63","32","28","","3429"
"CtG10A.6","2022","Imprisonment rate","45-49 years old","Males","Non-Indigenous people","All areas","People in prison custody at 30 June","","","","","","","","ABS (unpublished) Prisoners in Australia","no.","841","457","467","326","224","45","23","26","","2409"
"CtG10A.6","2022","Imprisonment rate","50-54 years old","Males","Non-Indigenous people","All areas","People in prison custody at 30 June","","","","","","","","ABS (unpublished) Prisoners in Australia","no.","650","355","334","268","155","29","15","25","","1826"
"CtG10A.6","2022","Imprisonment rate","55+ years old","Males","Non-Indigenous people","All areas","People in prison custody at 30 June","","","","","","","","ABS (unpublished) Prisoners in Australia","no.","1136","605","501","398","295","49","25","35","","3048"
"CtG10A.6","2022","Imprisonment rate","18-24 years old","Females","Non-Indigenous people","All areas","People in prison custody at 30 June","","","","","","","","ABS (unpublished) Prisoners in Australia","no.","54","31","57","23","10","0","0","0","","179"
"CtG10A.6","2022","Imprisonment rate","25-29 years old","Females","Non-Indigenous people","All areas","People in prison custody at 30 June","","","","","","","","ABS (unpublished) Prisoners in Australia","no.","82","52","78","55","14","7","4","0","","300"
"CtG10A.6","2022","Imprisonment rate","30-34 years old","Females","Non-Indigenous people","All areas","People in prison custody at 30 June","","","","","","","","ABS (unpublished) Prisoners in Australia","no.","73","60","88","54","27","0","4","3","","316"
"CtG10A.6","2022","Imprisonment rate","35-39 years old","Females","Non-Indigenous people","All areas","People in prison custody at 30 June","","","","","","","","ABS (unpublished) Prisoners in Australia","no.","80","54","87","58","17","3","5","0","","308"
"CtG10A.6","2022","Imprisonment rate","40-44 years old","Females","Non-Indigenous people","All areas","People in prison custody at 30 June","","","","","","","","ABS (unpublished) Prisoners in Australia","no.","70","31","66","49","24","7","0","7","","240"
"CtG10A.6","2022","Imprisonment rate","45-49 years old","Females","Non-Indigenous people","All areas","People in prison custody at 30 June","","","","","","","","ABS (unpublished) Prisoners in Australia","no.","59","26","50","32","12","3","3","4","","192"
"CtG10A.6","2022","Imprisonment rate","50-54 years old","Females","Non-Indigenous people","All areas","People in prison custody at 30 June","","","","","","","","ABS (unpublished) Prisoners in Australia","no.","32","16","35","28","16","0","0","0","","131"
"CtG10A.6","2022","Imprisonment rate","55+ years old","Females","Non-Indigenous people","All areas","People in prison custody at 30 June","","","","","","","","ABS (unpublished) Prisoners in Australia","no.","39","31","32","26","16","7","0","0","","149"
"CtG10A.6","2021","Imprisonment rate","18-24 years old","Males","Aboriginal and Torres Strait Islander people","All areas","People in prison custody at 30 June","","","","","","","","ABS (unpublished) Prisoners in Australia","no.","591","112","596","397","82","22","17","279","","2099"
"CtG10A.6","2021","Imprisonment rate","25-29 years old","Males","Aboriginal and Torres Strait Islander people","All areas","People in prison custody at 30 June","","","","","","","","ABS (unpublished) Prisoners in Australia","no.","723","143","679","505","110","22","22","258","","2460"
"CtG10A.6","2021","Imprisonment rate","30-34 years old","Males","Aboriginal and Torres Strait Islander people","All areas","People in prison custody at 30 June","","","","","","","","ABS (unpublished) Prisoners in Australia","no.","631","145","578","491","146","30","18","256","","2301"
"CtG10A.6","2021","Imprisonment rate","35-39 years old","Males","Aboriginal and Torres Strait Islander people","All areas","People in prison custody at 30 June","","","","","","","","ABS (unpublished) Prisoners in Australia","no.","539","139","495","338","118","18","14","244","","1909"
"CtG10A.6","2021","Imprisonment rate","40-44 years old","Males","Aboriginal and Torres Strait Islander people","All areas","People in prison custody at 30 June","","","","","","","","ABS (unpublished) Prisoners in Australia","no.","322","83","323","264","91","20","8","167","","1274"
"CtG10A.6","2021","Imprisonment rate","45-49 years old","Males","Aboriginal and Torres Strait Islander people","All areas","People in prison custody at 30 June","","","","","","","","ABS (unpublished) Prisoners in Australia","no.","240","50","215","192","45","10","9","124","","872"
"CtG10A.6","2021","Imprisonment rate","50-54 years old","Males","Aboriginal and Torres Strait Islander people","All areas","People in prison custody at 30 June","","","","","","","","ABS (unpublished) Prisoners in Australia","no.","141","30","128","83","25","3","3","67","","476"
"CtG10A.6","2021","Imprisonment rate","55+ years old","Males","Aboriginal and Torres Strait Islander people","All areas","People in prison custody at 30 June","","","","","","","","ABS (unpublished) Prisoners in Australia","no.","110","29","89","86","33","8","3","34","","391"
"CtG10A.6","2021","Imprisonment rate","18-24 years old","Females","Aboriginal and Torres Strait Islander people","All areas","People in prison custody at 30 June","","","","","","","","ABS (unpublished) Prisoners in Australia","no.","51","10","68","33","6","3","0","11","","181"
"CtG10A.6","2021","Imprisonment rate","25-29 years old","Females","Aboriginal and Torres Strait Islander people","All areas","People in prison custody at 30 June","","","","","","","","ABS (unpublished) Prisoners in Australia","no.","70","11","69","68","14","5","5","12","","246"
"CtG10A.6","2021","Imprisonment rate","30-34 years old","Females","Aboriginal and Torres Strait Islander people","All areas","People in prison custody at 30 June","","","","","","","","ABS (unpublished) Prisoners in Australia","no.","56","3","92","71","22","3","0","17","","268"
"CtG10A.6","2021","Imprisonment rate","35-39 years old","Females","Aboriginal and Torres Strait Islander people","All areas","People in prison custody at 30 June","","","","","","","","ABS (unpublished) Prisoners in Australia","no.","65","5","68","56","23","6","6","27","","256"
"CtG10A.6","2021","Imprisonment rate","40-44 years old","Females","Aboriginal and Torres Strait Islander people","All areas","People in prison custody at 30 June","","","","","","","","ABS (unpublished) Prisoners in Australia","no.","37","11","42","35","10","4","3","13","","158"
"CtG10A.6","2021","Imprisonment rate","45-49 years old","Females","Aboriginal and Torres Strait Islander people","All areas","People in prison custody at 30 June","","","","","","","","ABS (unpublished) Prisoners in Australia","no.","16","4","23","29","5","0","0","15","","94"
"CtG10A.6","2021","Imprisonment rate","50-54 years old","Females","Aboriginal and Torres Strait Islander people","All areas","People in prison custody at 30 June","","","","","","","","ABS (unpublished) Prisoners in Australia","no.","15","0","11","8","3","0","0","9","","43"
"CtG10A.6","2021","Imprisonment rate","55+ years old","Females","Aboriginal and Torres Strait Islander people","All areas","People in prison custody at 30 June","","","","","","","","ABS (unpublished) Prisoners in Australia","no.","4","0","3","3","3","0","0","4","","20"
"CtG10A.6","2021","Imprisonment rate","18-24 years old","Males","Non-Indigenous people","All areas","People in prison custody at 30 June","","","","","","","","ABS (unpublished) Prisoners in Australia","no.","836","613","668","293","153","48","27","21","","2663"
"CtG10A.6","2021","Imprisonment rate","25-29 years old","Males","Non-Indigenous people","All areas","People in prison custody at 30 June","","","","","","","","ABS (unpublished) Prisoners in Australia","no.","1337","974","1043","504","309","71","55","26","","4317"
"CtG10A.6","2021","Imprisonment rate","30-34 years old","Males","Non-Indigenous people","All areas","People in prison custody at 30 June","","","","","","","","ABS (unpublished) Prisoners in Australia","no.","1506","1143","1127","662","356","74","51","41","","4972"
"CtG10A.6","2021","Imprisonment rate","35-39 years old","Males","Non-Indigenous people","All areas","People in prison custody at 30 June","","","","","","","","ABS (unpublished) Prisoners in Australia","no.","1411","1002","1002","685","398","94","42","31","","4666"
"CtG10A.6","2021","Imprisonment rate","40-44 years old","Males","Non-Indigenous people","All areas","People in prison custody at 30 June","","","","","","","","ABS (unpublished) Prisoners in Australia","no.","1199","737","755","512","314","57","26","40","","3634"
"CtG10A.6","2021","Imprisonment rate","45-49 years old","Males","Non-Indigenous people","All areas","People in prison custody at 30 June","","","","","","","","ABS (unpublished) Prisoners in Australia","no.","857","525","545","387","198","43","27","21","","2594"
"CtG10A.6","2021","Imprisonment rate","50-54 years old","Males","Non-Indigenous people","All areas","People in prison custody at 30 June","","","","","","","","ABS (unpublished) Prisoners in Australia","no.","658","359","315","261","175","23","11","32","","1832"
"CtG10A.6","2021","Imprisonment rate","55+ years old","Males","Non-Indigenous people","All areas","People in prison custody at 30 June","","","","","","","","ABS (unpublished) Prisoners in Australia","no.","1152","624","473","414","306","49","22","38","","3080"
"CtG10A.6","2021","Imprisonment rate","18-24 years old","Females","Non-Indigenous people","All areas","People in prison custody at 30 June","","","","","","","","ABS (unpublished) Prisoners in Australia","no.","48","34","68","25","8","6","0","0","","199"
"CtG10A.6","2021","Imprisonment rate","25-29 years old","Females","Non-Indigenous people","All areas","People in prison custody at 30 June","","","","","","","","ABS (unpublished) Prisoners in Australia","no.","98","66","103","60","24","8","3","9","","366"
"CtG10A.6","2021","Imprisonment rate","30-34 years old","Females","Non-Indigenous people","All areas","People in prison custody at 30 June","","","","","","","","ABS (unpublished) Prisoners in Australia","no.","108","71","103","71","27","8","0","3","","389"
"CtG10A.6","2021","Imprisonment rate","35-39 years old","Females","Non-Indigenous people","All areas","People in prison custody at 30 June","","","","","","","","ABS (unpublished) Prisoners in Australia","no.","96","59","89","55","26","8","0","3","","343"
"CtG10A.6","2021","Imprisonment rate","40-44 years old","Females","Non-Indigenous people","All areas","People in prison custody at 30 June","","","","","","","","ABS (unpublished) Prisoners in Australia","no.","76","28","80","42","27","9","0","0","","265"
"CtG10A.6","2021","Imprisonment rate","45-49 years old","Females","Non-Indigenous people","All areas","People in prison custody at 30 June","","","","","","","","ABS (unpublished) Prisoners in Australia","no.","67","28","46","30","14","3","3","0","","191"
"CtG10A.6","2021","Imprisonment rate","50-54 years old","Females","Non-Indigenous people","All areas","People in prison custody at 30 June","","","","","","","","ABS (unpublished) Prisoners in Australia","no.","35","24","30","26","9","3","0","0","","124"
"CtG10A.6","2021","Imprisonment rate","55+ years old","Females","Non-Indigenous people","All areas","People in prison custody at 30 June","","","","","","","","ABS (unpublished) Prisoners in Australia","no.","31","32","27","19","14","0","3","0","","131"
"CtG10A.6","2020","Imprisonment rate","18-24 years old","Males","Aboriginal and Torres Strait Islander people","All areas","People in prison custody at 30 June","","","","","","","","ABS (unpublished) Prisoners in Australia","no.","614","114","599","433","93","26","16","238","","2122"
"CtG10A.6","2020","Imprisonment rate","25-29 years old","Males","Aboriginal and Torres Strait Islander people","All areas","People in prison custody at 30 June","","","","","","","","ABS (unpublished) Prisoners in Australia","no.","721","133","584","496","105","36","18","238","","2323"
"CtG10A.6","2020","Imprisonment rate","30-34 years old","Males","Aboriginal and Torres Strait Islander people","All areas","People in prison custody at 30 June","","","","","","","","ABS (unpublished) Prisoners in Australia","no.","551","119","546","475","135","25","26","254","","2124"
"CtG10A.6","2020","Imprisonment rate","35-39 years old","Males","Aboriginal and Torres Strait Islander people","All areas","People in prison custody at 30 June","","","","","","","","ABS (unpublished) Prisoners in Australia","no.","452","118","404","343","97","17","15","222","","1665"
"CtG10A.6","2020","Imprisonment rate","40-44 years old","Males","Aboriginal and Torres Strait Islander people","All areas","People in prison custody at 30 June","","","","","","","","ABS (unpublished) Prisoners in Australia","no.","297","85","289","266","92","20","10","154","","1212"
"CtG10A.6","2020","Imprisonment rate","45-49 years old","Males","Aboriginal and Torres Strait Islander people","All areas","People in prison custody at 30 June","","","","","","","","ABS (unpublished) Prisoners in Australia","no.","204","54","163","180","51","6","12","101","","776"
"CtG10A.6","2020","Imprisonment rate","50-54 years old","Males","Aboriginal and Torres Strait Islander people","All areas","People in prison custody at 30 June","","","","","","","","ABS (unpublished) Prisoners in Australia","no.","108","22","93","83","27","3","0","51","","392"
"CtG10A.6","2020","Imprisonment rate","55+ years old","Males","Aboriginal and Torres Strait Islander people","All areas","People in prison custody at 30 June","","","","","","","","ABS (unpublished) Prisoners in Australia","no.","106","32","70","71","32","7","3","35","","344"
"CtG10A.6","2020","Imprisonment rate","18-24 years old","Females","Aboriginal and Torres Strait Islander people","All areas","People in prison custody at 30 June","","","","","","","","ABS (unpublished) Prisoners in Australia","no.","53","3","83","48","15","3","3","4","","213"
"CtG10A.6","2020","Imprisonment rate","25-29 years old","Females","Aboriginal and Torres Strait Islander people","All areas","People in prison custody at 30 June","","","","","","","","ABS (unpublished) Prisoners in Australia","no.","61","13","59","76","9","0","6","22","","235"
"CtG10A.6","2020","Imprisonment rate","30-34 years old","Females","Aboriginal and Torres Strait Islander people","All areas","People in prison custody at 30 June","","","","","","","","ABS (unpublished) Prisoners in Australia","no.","59","12","63","77","12","0","7","13","","235"
"CtG10A.6","2020","Imprisonment rate","35-39 years old","Females","Aboriginal and Torres Strait Islander people","All areas","People in prison custody at 30 June","","","","","","","","ABS (unpublished) Prisoners in Australia","no.","63","4","38","56","17","3","3","8","","202"
"CtG10A.6","2020","Imprisonment rate","40-44 years old","Females","Aboriginal and Torres Strait Islander people","All areas","People in prison custody at 30 June","","","","","","","","ABS (unpublished) Prisoners in Australia","no.","13","3","34","40","6","3","0","10","","112"
"CtG10A.6","2020","Imprisonment rate","45-49 years old","Females","Aboriginal and Torres Strait Islander people","All areas","People in prison custody at 30 June","","","","","","","","ABS (unpublished) Prisoners in Australia","no.","16","0","25","27","3","3","0","9","","80"
"CtG10A.6","2020","Imprisonment rate","50-54 years old","Females","Aboriginal and Torres Strait Islander people","All areas","People in prison custody at 30 June","","","","","","","","ABS (unpublished) Prisoners in Australia","no.","9","0","8","5","4","0","0","0","","31"
"CtG10A.6","2020","Imprisonment rate","55+ years old","Females","Aboriginal and Torres Strait Islander people","All areas","People in prison custody at 30 June","","","","","","","","ABS (unpublished) Prisoners in Australia","no.","8","0","0","4","3","0","0","7","","22"
"CtG10A.6","2020","Imprisonment rate","18-24 years old","Males","Non-Indigenous people","All areas","People in prison custody at 30 June","","","","","","","","ABS (unpublished) Prisoners in Australia","no.","916","660","641","333","172","70","45","27","","2862"
"CtG10A.6","2020","Imprisonment rate","25-29 years old","Males","Non-Indigenous people","All areas","People in prison custody at 30 June","","","","","","","","ABS (unpublished) Prisoners in Australia","no.","1354","1054","902","548","310","72","59","26","","4324"
"CtG10A.6","2020","Imprisonment rate","30-34 years old","Males","Non-Indigenous people","All areas","People in prison custody at 30 June","","","","","","","","ABS (unpublished) Prisoners in Australia","no.","1476","1108","995","682","344","76","54","38","","4770"
"CtG10A.6","2020","Imprisonment rate","35-39 years old","Males","Non-Indigenous people","All areas","People in prison custody at 30 June","","","","","","","","ABS (unpublished) Prisoners in Australia","no.","1417","921","867","647","354","76","42","24","","4360"
"CtG10A.6","2020","Imprisonment rate","40-44 years old","Males","Non-Indigenous people","All areas","People in prison custody at 30 June","","","","","","","","ABS (unpublished) Prisoners in Australia","no.","1116","709","636","503","273","57","35","33","","3375"
"CtG10A.6","2020","Imprisonment rate","45-49 years old","Males","Non-Indigenous people","All areas","People in prison custody at 30 June","","","","","","","","ABS (unpublished) Prisoners in Australia","no.","858","526","445","378","242","39","34","29","","2541"
"CtG10A.6","2020","Imprisonment rate","50-54 years old","Males","Non-Indigenous people","All areas","People in prison custody at 30 June","","","","","","","","ABS (unpublished) Prisoners in Australia","no.","607","370","250","269","148","23","9","23","","1702"
"CtG10A.6","2020","Imprisonment rate","55+ years old","Males","Non-Indigenous people","All areas","People in prison custody at 30 June","","","","","","","","ABS (unpublished) Prisoners in Australia","no.","1086","650","421","373","283","50","33","44","","2941"
"CtG10A.6","2020","Imprisonment rate","18-24 years old","Females","Non-Indigenous people","All areas","People in prison custody at 30 June","","","","","","","","ABS (unpublished) Prisoners in Australia","no.","69","38","53","38","11","9","0","5","","228"
"CtG10A.6","2020","Imprisonment rate","25-29 years old","Females","Non-Indigenous people","All areas","People in prison custody at 30 June","","","","","","","","ABS (unpublished) Prisoners in Australia","no.","90","65","86","56","34","12","4","6","","345"
"CtG10A.6","2020","Imprisonment rate","30-34 years old","Females","Non-Indigenous people","All areas","People in prison custody at 30 June","","","","","","","","ABS (unpublished) Prisoners in Australia","no.","93","74","81","90","18","6","5","0","","367"
"CtG10A.6","2020","Imprisonment rate","35-39 years old","Females","Non-Indigenous people","All areas","People in prison custody at 30 June","","","","","","","","ABS (unpublished) Prisoners in Australia","no.","76","53","72","71","31","13","3","0","","319"
"CtG10A.6","2020","Imprisonment rate","40-44 years old","Females","Non-Indigenous people","All areas","People in prison custody at 30 June","","","","","","","","ABS (unpublished) Prisoners in Australia","no.","88","25","74","58","30","3","5","6","","286"
"CtG10A.6","2020","Imprisonment rate","45-49 years old","Females","Non-Indigenous people","All areas","People in prison custody at 30 June","","","","","","","","ABS (unpublished) Prisoners in Australia","no.","60","33","48","39","15","3","4","3","","207"
"CtG10A.6","2020","Imprisonment rate","50-54 years old","Females","Non-Indigenous people","All areas","People in prison custody at 30 June","","","","","","","","ABS (unpublished) Prisoners in Australia","no.","42","14","22","12","8","0","0","0","","103"
"CtG10A.6","2020","Imprisonment rate","55+ years old","Females","Non-Indigenous people","All areas","People in prison custody at 30 June","","","","","","","","ABS (unpublished) Prisoners in Australia","no.","43","31","24","27","10","3","0","0","","140"
"CtG10A.6","2019","Imprisonment rate","18-24 years old","Males","Aboriginal and Torres Strait Islander people","All areas","People in prison custody at 30 June","","","","","","","","ABS (unpublished) Prisoners in Australia","no.","674","126","606","471","105","27","16","258","","2287"
"CtG10A.6","2019","Imprisonment rate","25-29 years old","Males","Aboriginal and Torres Strait Islander people","All areas","People in prison custody at 30 June","","","","","","","","ABS (unpublished) Prisoners in Australia","no.","683","152","541","519","108","27","20","259","","2320"
"CtG10A.6","2019","Imprisonment rate","30-34 years old","Males","Aboriginal and Torres Strait Islander people","All areas","People in prison custody at 30 June","","","","","","","","ABS (unpublished) Prisoners in Australia","no.","626","140","461","439","128","21","17","245","","2082"
"CtG10A.6","2019","Imprisonment rate","35-39 years old","Males","Aboriginal and Torres Strait Islander people","All areas","People in prison custody at 30 June","","","","","","","","ABS (unpublished) Prisoners in Australia","no.","430","126","409","341","95","16","11","220","","1660"
"CtG10A.6","2019","Imprisonment rate","40-44 years old","Males","Aboriginal and Torres Strait Islander people","All areas","People in prison custody at 30 June","","","","","","","","ABS (unpublished) Prisoners in Australia","no.","283","90","246","271","86","13","10","149","","1147"
"CtG10A.6","2019","Imprisonment rate","45-49 years old","Males","Aboriginal and Torres Strait Islander people","All areas","People in prison custody at 30 June","","","","","","","","ABS (unpublished) Prisoners in Australia","no.","220","60","159","173","39","7","5","98","","767"
"CtG10A.6","2019","Imprisonment rate","50-54 years old","Males","Aboriginal and Torres Strait Islander people","All areas","People in prison custody at 30 June","","","","","","","","ABS (unpublished) Prisoners in Australia","no.","117","27","87","84","28","7","7","72","","425"
"CtG10A.6","2019","Imprisonment rate","55+ years old","Males","Aboriginal and Torres Strait Islander people","All areas","People in prison custody at 30 June","","","","","","","","ABS (unpublished) Prisoners in Australia","no.","97","31","51","75","29","3","0","35","","325"
"CtG10A.6","2019","Imprisonment rate","18-24 years old","Females","Aboriginal and Torres Strait Islander people","All areas","People in prison custody at 30 June","","","","","","","","ABS (unpublished) Prisoners in Australia","no.","66","14","83","53","10","0","3","5","","230"
"CtG10A.6","2019","Imprisonment rate","25-29 years old","Females","Aboriginal and Torres Strait Islander people","All areas","People in prison custody at 30 June","","","","","","","","ABS (unpublished) Prisoners in Australia","no.","62","19","68","69","11","7","3","21","","250"
"CtG10A.6","2019","Imprisonment rate","30-34 years old","Females","Aboriginal and Torres Strait Islander people","All areas","People in prison custody at 30 June","","","","","","","","ABS (unpublished) Prisoners in Australia","no.","48","15","67","58","6","0","3","12","","218"
"CtG10A.6","2019","Imprisonment rate","35-39 years old","Females","Aboriginal and Torres Strait Islander people","All areas","People in prison custody at 30 June","","","","","","","","ABS (unpublished) Prisoners in Australia","no.","75","13","45","54","18","3","0","9","","222"
"CtG10A.6","2019","Imprisonment rate","40-44 years old","Females","Aboriginal and Torres Strait Islander people","All areas","People in prison custody at 30 June","","","","","","","","ABS (unpublished) Prisoners in Australia","no.","29","15","23","38","4","3","0","12","","124"
"CtG10A.6","2019","Imprisonment rate","45-49 years old","Females","Aboriginal and Torres Strait Islander people","All areas","People in prison custody at 30 June","","","","","","","","ABS (unpublished) Prisoners in Australia","no.","19","6","21","18","9","0","0","14","","88"
"CtG10A.6","2019","Imprisonment rate","50-54 years old","Females","Aboriginal and Torres Strait Islander people","All areas","People in prison custody at 30 June","","","","","","","","ABS (unpublished) Prisoners in Australia","no.","5","0","10","7","4","0","0","3","","28"
"CtG10A.6","2019","Imprisonment rate","55+ years old","Females","Aboriginal and Torres Strait Islander people","All areas","People in prison custody at 30 June","","","","","","","","ABS (unpublished) Prisoners in Australia","no.","3","4","3","3","0","0","0","4","","16"
"CtG10A.6","2019","Imprisonment rate","18-24 years old","Males","Non-Indigenous people","All areas","People in prison custody at 30 June","","","","","","","","ABS (unpublished) Prisoners in Australia","no.","1026","772","706","383","172","59","52","30","","3204"
"CtG10A.6","2019","Imprisonment rate","25-29 years old","Males","Non-Indigenous people","All areas","People in prison custody at 30 June","","","","","","","","ABS (unpublished) Prisoners in Australia","no.","1535","1195","947","631","304","85","64","34","","4793"
"CtG10A.6","2019","Imprisonment rate","30-34 years old","Males","Non-Indigenous people","All areas","People in prison custody at 30 June","","","","","","","","ABS (unpublished) Prisoners in Australia","no.","1536","1269","999","673","347","98","58","50","","5026"
"CtG10A.6","2019","Imprisonment rate","35-39 years old","Males","Non-Indigenous people","All areas","People in prison custody at 30 June","","","","","","","","ABS (unpublished) Prisoners in Australia","no.","1509","1027","855","676","338","84","49","31","","4570"
"CtG10A.6","2019","Imprisonment rate","40-44 years old","Males","Non-Indigenous people","All areas","People in prison custody at 30 June","","","","","","","","ABS (unpublished) Prisoners in Australia","no.","1161","816","628","489","252","64","36","40","","3483"
"CtG10A.6","2019","Imprisonment rate","45-49 years old","Males","Non-Indigenous people","All areas","People in prison custody at 30 June","","","","","","","","ABS (unpublished) Prisoners in Australia","no.","924","604","497","366","215","43","28","25","","2698"
"CtG10A.6","2019","Imprisonment rate","50-54 years old","Males","Non-Indigenous people","All areas","People in prison custody at 30 June","","","","","","","","ABS (unpublished) Prisoners in Australia","no.","607","396","284","246","159","23","16","25","","1746"
"CtG10A.6","2019","Imprisonment rate","55+ years old","Males","Non-Indigenous people","All areas","People in prison custody at 30 June","","","","","","","","ABS (unpublished) Prisoners in Australia","no.","1080","681","445","385","261","50","28","33","","2964"
"CtG10A.6","2019","Imprisonment rate","18-24 years old","Females","Non-Indigenous people","All areas","People in prison custody at 30 June","","","","","","","","ABS (unpublished) Prisoners in Australia","no.","92","65","87","48","19","9","0","3","","316"
"CtG10A.6","2019","Imprisonment rate","25-29 years old","Females","Non-Indigenous people","All areas","People in prison custody at 30 June","","","","","","","","ABS (unpublished) Prisoners in Australia","no.","108","84","91","66","24","9","3","3","","392"
"CtG10A.6","2019","Imprisonment rate","30-34 years old","Females","Non-Indigenous people","All areas","People in prison custody at 30 June","","","","","","","","ABS (unpublished) Prisoners in Australia","no.","99","99","105","74","24","5","5","4","","423"
"CtG10A.6","2019","Imprisonment rate","35-39 years old","Females","Non-Indigenous people","All areas","People in prison custody at 30 June","","","","","","","","ABS (unpublished) Prisoners in Australia","no.","106","83","90","62","19","10","0","0","","369"
"CtG10A.6","2019","Imprisonment rate","40-44 years old","Females","Non-Indigenous people","All areas","People in prison custody at 30 June","","","","","","","","ABS (unpublished) Prisoners in Australia","no.","83","53","67","63","22","0","3","8","","292"
"CtG10A.6","2019","Imprisonment rate","45-49 years old","Females","Non-Indigenous people","All areas","People in prison custody at 30 June","","","","","","","","ABS (unpublished) Prisoners in Australia","no.","64","42","58","41","11","3","8","3","","229"
"CtG10A.6","2019","Imprisonment rate","50-54 years old","Females","Non-Indigenous people","All areas","People in prison custody at 30 June","","","","","","","","ABS (unpublished) Prisoners in Australia","no.","45","27","25","33","6","0","0","0","","137"
"CtG10A.6","2019","Imprisonment rate","55+ years old","Females","Non-Indigenous people","All areas","People in prison custody at 30 June","","","","","","","","ABS (unpublished) Prisoners in Australia","no.","48","38","22","24","11","3","0","3","","149"
"SE10a.1","2024-25","Police proceedings","18+ years old","All people","Aboriginal and Torres Strait Islander people","All areas","Adults charged by police at least once in the previous 12 months","","","","","Rate per 100000 adults","","","Derived from ABS (unpublished) Recorded Crime - Offenders; ABS Estimates and Projections Aboriginal and Torres Strait Islander Australians","rate","7888.8","np","6787.4","np","10179.3","np","5232.9","np","","np"
"SE10a.1","2024-25","Police proceedings","18+ years old","All people","Non-Indigenous people","All areas","Adults charged by police at least once in the previous 12 months","","","","","Rate per 100000 adults","","","Derived from ABS (unpublished) Recorded Crime - Offenders; ABS National state and territory population - December; ABS Estimates and Projections Aboriginal and Torres Strait Islander Australians","rate","787.0","np","888.2","np","585.1","np","440.6","np","","np"
"SE10a.1","2024-25","Police proceedings","18+ years old","All people","Aboriginal and Torres Strait Islander people","All areas","Adults charged by police at least once in the previous 12 months","","","","","Number","","","ABS (unpublished) Recorded Crime - Offenders","no.","17435","np","12207","np","3463","np","359","np","","np"
"SE10a.1","2024-25","Police proceedings","18+ years old","All people","Non-Indigenous people","All areas","Adults charged by police at least once in the previous 12 months","","","","","Number","","","ABS (unpublished) Recorded Crime - Offenders","no.","51335","np","37452","np","8653","np","1653","np","","np"
"SE10a.1","2024-25","Police proceedings","18+ years old","All people","Indigenous status not stated","All areas","Adults charged by police at least once in the previous 12 months","","","","","Number","","","ABS (unpublished) Recorded Crime - Offenders","no.","1505","np","11","np","1276","np","0","np","","np"
"SE10a.1","2023-24","Police proceedings","18+ years old","All people","Aboriginal and Torres Strait Islander people","All areas","Adults charged by police at least once in the previous 12 months","","","","","Rate per 100000 adults","","","Derived from ABS (unpublished) Recorded Crime - Offenders; ABS Estimates and Projections Aboriginal and Torres Strait Islander Australians","rate","7864.6","np","7378.8","np","9237.6","np","4590.3","np","","np"
"SE10a.1","2023-24","Police proceedings","18+ years old","All people","Non-Indigenous people","All areas","Adults charged by police at least once in the previous 12 months","","","","","Rate per 100000 adults","","","Derived from ABS (unpublished) Recorded Crime - Offenders; ABS National state and territory population - December; ABS Estimates and Projections Aboriginal and Torres Strait Islander Australians","rate","780.2","np","1038.5","np","555.4","np","415.0","np","","np"
"SE10a.1","2023-24","Police proceedings","18+ years old","All people","Aboriginal and Torres Strait Islander people","All areas","Adults charged by police at least once in the previous 12 months","","","","","Number","","","ABS (unpublished) Recorded Crime - Offenders","no.","16959","np","12895","np","3068","np","305","np","","np"
"SE10a.1","2023-24","Police proceedings","18+ years old","All people","Non-Indigenous people","All areas","Adults charged by police at least once in the previous 12 months","","","","","Number","","","ABS (unpublished) Recorded Crime - Offenders","no.","50083","np","42913","np","8078","np","1514","np","","np"
"SE10a.1","2023-24","Police proceedings","18+ years old","All people","Indigenous status not stated","All areas","Adults charged by police at least once in the previous 12 months","","","","","Number","","","ABS (unpublished) Recorded Crime - Offenders","no.","1553","np","25","np","896","np","0","np","","np"
"SE10a.1","2022-23","Police proceedings","18+ years old","All people","Aboriginal and Torres Strait Islander people","All areas","Adults charged by police at least once in the previous 12 months","","","","","Rate per 100000 adults","","","Derived from ABS (unpublished) Recorded Crime - Offenders; ABS Estimates and Projections Aboriginal and Torres Strait Islander Australians","rate","7505.1","np","7733.4","np","8910.5","np","5160.1","np","","np"
"SE10a.1","2022-23","Police proceedings","18+ years old","All people","Non-Indigenous people","All areas","Adults charged by police at least once in the previous 12 months","","","","","Rate per 100000 adults","","","Derived from ABS (unpublished) Recorded Crime - Offenders; ABS National state and territory population - December; ABS Estimates and Projections Aboriginal and Torres Strait Islander Australians","rate","845.9","np","1115.5","np","586.3","np","431.3","np","","np"
"SE10a.1","2022-23","Police proceedings","18+ years old","All people","Aboriginal and Torres Strait Islander people","All areas","Adults charged by police at least once in the previous 12 months","","","","","Number","","","ABS (unpublished) Recorded Crime - Offenders","no.","15807","np","13140","np","2892","np","332","np","","np"
"SE10a.1","2022-23","Police proceedings","18+ years old","All people","Non-Indigenous people","All areas","Adults charged by police at least once in the previous 12 months","","","","","Number","","","ABS (unpublished) Recorded Crime - Offenders","no.","52762","np","44606","np","8360","np","1536","np","","np"
"SE10a.1","2022-23","Police proceedings","18+ years old","All people","Indigenous status not stated","All areas","Adults charged by police at least once in the previous 12 months","","","","","Number","","","ABS (unpublished) Recorded Crime - Offenders","no.","1605","np","21","np","949","np","0","np","","np"
"SE10a.1","2021-22","Police proceedings","18+ years old","All people","Aboriginal and Torres Strait Islander people","All areas","Adults charged by police at least once in the previous 12 months","","","","","Rate per 100000 adults","","","Derived from ABS (unpublished) Recorded Crime - Offenders; ABS Estimates and Projections Aboriginal and Torres Strait Islander Australians","rate","7019.1","np","7859.4","np","np","np","5335.3","np","","np"
"SE10a.1","2021-22","Police proceedings","18+ years old","All people","Non-Indigenous people","All areas","Adults charged by police at least once in the previous 12 months","","","","","Rate per 100000 adults","","","Derived from ABS (unpublished) Recorded Crime - Offenders; ABS National state and territory population - December; ABS Estimates and Projections Aboriginal and Torres Strait Islander Australians","rate","760.6","np","1094.7","np","np","np","398.5","np","","np"
"SE10a.1","2021-22","Police proceedings","18+ years old","All people","Aboriginal and Torres Strait Islander people","All areas","Adults charged by police at least once in the previous 12 months","","","","","Number","","","ABS (unpublished) Recorded Crime - Offenders","no.","14449","np","12998","np","np","np","333","np","","np"
"SE10a.1","2021-22","Police proceedings","18+ years old","All people","Non-Indigenous people","All areas","Adults charged by police at least once in the previous 12 months","","","","","Number","","","ABS (unpublished) Recorded Crime - Offenders","no.","46494","np","42755","np","np","np","1391","np","","np"
"SE10a.1","2021-22","Police proceedings","18+ years old","All people","Indigenous status not stated","All areas","Adults charged by police at least once in the previous 12 months","","","","","Number","","","ABS (unpublished) Recorded Crime - Offenders","no.","3842","np","18","np","np","np","0","np","","np"
"SE10a.1","2020-21","Police proceedings","18+ years old","All people","Aboriginal and Torres Strait Islander people","All areas","Adults charged by police at least once in the previous 12 months","","","","","Rate per 100000 adults","","","Derived from ABS (unpublished) Recorded Crime - Offenders; ABS Estimates and Projections Aboriginal and Torres Strait Islander Australians","rate","6209.7","np","8382.0","np","np","np","5055.3","np","","np"
"SE10a.1","2020-21","Police proceedings","18+ years old","All people","Non-Indigenous people","All areas","Adults charged by police at least once in the previous 12 months","","","","","Rate per 100000 adults","","","Derived from ABS (unpublished) Recorded Crime - Offenders; ABS National state and territory population - December; ABS Estimates and Projections Aboriginal and Torres Strait Islander Australians","rate","791.2","np","1201.8","np","np","np","372.1","np","","np"
"SE10a.1","2020-21","Police proceedings","18+ years old","All people","Aboriginal and Torres Strait Islander people","All areas","Adults charged by police at least once in the previous 12 months","","","","","Number","","","ABS (unpublished) Recorded Crime - Offenders","no.","12500","np","13504","np","np","np","304","np","","np"
"SE10a.1","2020-21","Police proceedings","18+ years old","All people","Non-Indigenous people","All areas","Adults charged by police at least once in the previous 12 months","","","","","Number","","","ABS (unpublished) Recorded Crime - Offenders","no.","48448","np","46200","np","np","np","1280","np","","np"
"SE10a.1","2020-21","Police proceedings","18+ years old","All people","Indigenous status not stated","All areas","Adults charged by police at least once in the previous 12 months","","","","","Number","","","ABS (unpublished) Recorded Crime - Offenders","no.","5535","np","129","np","np","np","0","np","","np"
"SE10a.1","2019-20","Police proceedings","18+ years old","All people","Aboriginal and Torres Strait Islander people","All areas","Adults charged by police at least once in the previous 12 months","","","","","Rate per 100000 adults","","","Derived from ABS (unpublished) Recorded Crime - Offenders; ABS Estimates and Projections Aboriginal and Torres Strait Islander Australians","rate","5521.9","np","8553.0","np","np","np","4881.0","np","","np"
"SE10a.1","2019-20","Police proceedings","18+ years old","All people","Non-Indigenous people","All areas","Adults charged by police at least once in the previous 12 months","","","","","Rate per 100000 adults","","","Derived from ABS (unpublished) Recorded Crime - Offenders; ABS National state and territory population - December; ABS Estimates and Projections Aboriginal and Torres Strait Islander Australians","rate","829.8","np","1317.0","np","np","np","407.4","np","","np"
"SE10a.1","2019-20","Police proceedings","18+ years old","All people","Aboriginal and Torres Strait Islander people","All areas","Adults charged by police at least once in the previous 12 months","","","","","Number","","","ABS (unpublished) Recorded Crime - Offenders","no.","10864","np","13418","np","np","np","281","np","","np"
"SE10a.1","2019-20","Police proceedings","18+ years old","All people","Non-Indigenous people","All areas","Adults charged by police at least once in the previous 12 months","","","","","Number","","","ABS (unpublished) Recorded Crime - Offenders","no.","50799","np","50003","np","np","np","1376","np","","np"
"SE10a.1","2019-20","Police proceedings","18+ years old","All people","Indigenous status not stated","All areas","Adults charged by police at least once in the previous 12 months","","","","","Number","","","ABS (unpublished) Recorded Crime - Offenders","no.","5037","np","282","np","np","np","0","np","","np"
"SE10a.1","2018-19","Police proceedings","18+ years old","All people","Aboriginal and Torres Strait Islander people","All areas","Adults charged by police at least once in the previous 12 months","","","","","Rate per 100000 adults","","","Derived from ABS (unpublished) Recorded Crime - Offenders; ABS Estimates and Projections Aboriginal and Torres Strait Islander Australians","rate","5333.5","np","8607.7","np","np","np","4504.3","np","","np"
"SE10a.1","2018-19","Police proceedings","18+ years old","All people","Non-Indigenous people","All areas","Adults charged by police at least once in the previous 12 months","","","","","Rate per 100000 adults","","","Derived from ABS (unpublished) Recorded Crime - Offenders; ABS National state and territory population - December; ABS Estimates and Projections Aboriginal and Torres Strait Islander Australians","rate","837.5","np","1347.1","np","np","np","438.7","np","","np"
"SE10a.1","2018-19","Police proceedings","18+ years old","All people","Aboriginal and Torres Strait Islander people","All areas","Adults charged by police at least once in the previous 12 months","","","","","Number","","","ABS (unpublished) Recorded Crime - Offenders","no.","10246","np","13137","np","np","np","249","np","","np"
"SE10a.1","2018-19","Police proceedings","18+ years old","All people","Non-Indigenous people","All areas","Adults charged by police at least once in the previous 12 months","","","","","Number","","","ABS (unpublished) Recorded Crime - Offenders","no.","50682","np","50203","np","np","np","1448","np","","np"
"SE10a.1","2018-19","Police proceedings","18+ years old","All people","Indigenous status not stated","All areas","Adults charged by police at least once in the previous 12 months","","","","","Number","","","ABS (unpublished) Recorded Crime - Offenders","no.","4595","np","617","np","np","np","0","np","","np"
"SE10a.2","2024-25","Police proceedings","18+ years old","All people","Aboriginal and Torres Strait Islander people","All areas","Proceedings by police against adults","Court action","","","","Proportion","","","Derived from ABS (unpublished) Recorded Crime - Offenders","%","96.8","np","88.2","np","89.0","np","94.3","np","","np"
"SE10a.2","2024-25","Police proceedings","18+ years old","All people","Aboriginal and Torres Strait Islander people","All areas","Proceedings by police against adults","Non-court action","","","","Proportion","","","Derived from ABS (unpublished) Recorded Crime - Offenders","%","3.0","np","11.8","np","10.9","np","5.1","np","","np"
"SE10a.2","2024-25","Police proceedings","18+ years old","All people","Non-Indigenous people","All areas","Proceedings by police against adults","Court action","","","","Proportion","","","Derived from ABS (unpublished) Recorded Crime - Offenders","%","93.8","np","79.5","np","79.5","np","87.9","np","","np"
"SE10a.2","2024-25","Police proceedings","18+ years old","All people","Non-Indigenous people","All areas","Proceedings by police against adults","Non-court action","","","","Proportion","","","Derived from ABS (unpublished) Recorded Crime - Offenders","%","5.7","np","20.5","np","20.3","np","11.8","np","","np"
"SE10a.2","2024-25","Police proceedings","18+ years old","All people","Aboriginal and Torres Strait Islander people","All areas","Proceedings by police against adults","Court action","","","","Number","","","ABS (unpublished) Recorded Crime - Offenders","no.","36055","np","25519","np","7965","np","467","np","","np"
"SE10a.2","2024-25","Police proceedings","18+ years old","All people","Aboriginal and Torres Strait Islander people","All areas","Proceedings by police against adults","Non-court action","","","","Number","","","ABS (unpublished) Recorded Crime - Offenders","no.","1118","np","3426","np","972","np","25","np","","np"
"SE10a.2","2024-25","Police proceedings","18+ years old","All people","Aboriginal and Torres Strait Islander people","All areas","Proceedings by police against adults","Total proceedings","","","","Number","","","ABS (unpublished) Recorded Crime - Offenders","no.","37245","np","28938","np","8953","np","495","9481","","np"
"SE10a.2","2024-25","Police proceedings","18+ years old","All people","Non-Indigenous people","All areas","Proceedings by police against adults","Court action","","","","Number","","","ABS (unpublished) Recorded Crime - Offenders","no.","72250","np","69844","np","15235","np","2348","np","","np"
"SE10a.2","2024-25","Police proceedings","18+ years old","All people","Non-Indigenous people","All areas","Proceedings by police against adults","Non-court action","","","","Number","","","ABS (unpublished) Recorded Crime - Offenders","no.","4383","np","18033","np","3882","np","315","np","","np"
"SE10a.2","2024-25","Police proceedings","18+ years old","All people","Non-Indigenous people","All areas","Proceedings by police against adults","Total proceedings","","","","Number","","","ABS (unpublished) Recorded Crime - Offenders","no.","77012","np","87876","np","19158","np","2670","819","","np"
"SE10a.2","2024-25","Police proceedings","18+ years old","All people","Indigenous status not stated","All areas","Proceedings by police against adults","Court action","","","","Number","","","ABS (unpublished) Recorded Crime - Offenders","no.","1598","np","9","np","1700","np","0","np","","np"
"SE10a.2","2024-25","Police proceedings","18+ years old","All people","Indigenous status not stated","All areas","Proceedings by police against adults","Non-court action","","","","Number","","","ABS (unpublished) Recorded Crime - Offenders","no.","3296","np","60","np","224","np","0","np","","np"
"SE10a.2","2024-25","Police proceedings","18+ years old","All people","Indigenous status not stated","All areas","Proceedings by police against adults","Total proceedings","","","","Number","","","ABS (unpublished) Recorded Crime - Offenders","no.","5047","np","67","np","1938","np","0","98","","np"
"SE10a.2","2023-24","Police proceedings","18+ years old","All people","Aboriginal and Torres Strait Islander people","All areas","Proceedings by police against adults","Court action","","","","Proportion","","","Derived from ABS (unpublished) Recorded Crime - Offenders","%","97.0","np","95.0","np","89.5","np","97.0","np","","np"
"SE10a.2","2023-24","Police proceedings","18+ years old","All people","Aboriginal and Torres Strait Islander people","All areas","Proceedings by police against adults","Non-court action","","","","Proportion","","","Derived from ABS (unpublished) Recorded Crime - Offenders","%","3.0","np","5.0","np","10.4","np","2.4","np","","np"
"SE10a.2","2023-24","Police proceedings","18+ years old","All people","Non-Indigenous people","All areas","Proceedings by police against adults","Court action","","","","Proportion","","","Derived from ABS (unpublished) Recorded Crime - Offenders","%","93.6","np","89.4","np","79.3","np","85.2","np","","np"
"SE10a.2","2023-24","Police proceedings","18+ years old","All people","Non-Indigenous people","All areas","Proceedings by police against adults","Non-court action","","","","Proportion","","","Derived from ABS (unpublished) Recorded Crime - Offenders","%","6.4","np","10.6","np","20.6","np","14.9","np","","np"
"SE10a.2","2023-24","Police proceedings","18+ years old","All people","Aboriginal and Torres Strait Islander people","All areas","Proceedings by police against adults","Court action","","","","Number","","","ABS (unpublished) Recorded Crime - Offenders","no.","34881","np","27286","np","6557","np","447","np","","np"
"SE10a.2","2023-24","Police proceedings","18+ years old","All people","Aboriginal and Torres Strait Islander people","All areas","Proceedings by police against adults","Non-court action","","","","Number","","","ABS (unpublished) Recorded Crime - Offenders","no.","1090","np","1437","np","759","np","11","np","","np"
"SE10a.2","2023-24","Police proceedings","18+ years old","All people","Aboriginal and Torres Strait Islander people","All areas","Proceedings by police against adults","Total proceedings","","","","Number","","","ABS (unpublished) Recorded Crime - Offenders","no.","35965","np","28726","np","7326","np","461","5649","","np"
"SE10a.2","2023-24","Police proceedings","18+ years old","All people","Non-Indigenous people","All areas","Proceedings by police against adults","Court action","","","","Number","","","ABS (unpublished) Recorded Crime - Offenders","no.","70650","np","78461","np","13634","np","2121","np","","np"
"SE10a.2","2023-24","Police proceedings","18+ years old","All people","Non-Indigenous people","All areas","Proceedings by police against adults","Non-court action","","","","Number","","","ABS (unpublished) Recorded Crime - Offenders","no.","4813","np","9271","np","3538","np","370","np","","np"
"SE10a.2","2023-24","Police proceedings","18+ years old","All people","Non-Indigenous people","All areas","Proceedings by police against adults","Total proceedings","","","","Number","","","ABS (unpublished) Recorded Crime - Offenders","no.","75462","np","87730","np","17186","np","2488","553","","np"
"SE10a.2","2023-24","Police proceedings","18+ years old","All people","Indigenous status not stated","All areas","Proceedings by police against adults","Court action","","","","Number","","","ABS (unpublished) Recorded Crime - Offenders","no.","1639","np","28","np","935","np","0","np","","np"
"SE10a.2","2023-24","Police proceedings","18+ years old","All people","Indigenous status not stated","All areas","Proceedings by police against adults","Non-court action","","","","Number","","","ABS (unpublished) Recorded Crime - Offenders","no.","3372","np","35","np","172","np","0","np","","np"
"SE10a.2","2023-24","Police proceedings","18+ years old","All people","Indigenous status not stated","All areas","Proceedings by police against adults","Total proceedings","","","","Number","","","ABS (unpublished) Recorded Crime - Offenders","no.","5010","np","63","np","1114","np","0","890","","np"
"SE10a.2","2022-23","Police proceedings","18+ years old","All people","Aboriginal and Torres Strait Islander people","All areas","Proceedings by police against adults","Court action","","","","Proportion","","","Derived from ABS (unpublished) Recorded Crime - Offenders","%","98.2","np","96.1","np","90.5","np","96.7","np","","np"
"SE10a.2","2022-23","Police proceedings","18+ years old","All people","Aboriginal and Torres Strait Islander people","All areas","Proceedings by police against adults","Non-court action","","","","Proportion","","","Derived from ABS (unpublished) Recorded Crime - Offenders","%","1.8","np","3.9","np","9.2","np","2.7","np","","np"
"SE10a.2","2022-23","Police proceedings","18+ years old","All people","Non-Indigenous people","All areas","Proceedings by police against adults","Court action","","","","Proportion","","","Derived from ABS (unpublished) Recorded Crime - Offenders","%","93.5","np","90.6","np","80.0","np","85.2","np","","np"
"SE10a.2","2022-23","Police proceedings","18+ years old","All people","Non-Indigenous people","All areas","Proceedings by police against adults","Non-court action","","","","Proportion","","","Derived from ABS (unpublished) Recorded Crime - Offenders","%","6.5","np","9.4","np","19.9","np","14.4","np","","np"
"SE10a.2","2022-23","Police proceedings","18+ years old","All people","Aboriginal and Torres Strait Islander people","All areas","Proceedings by police against adults","Court action","","","","Number","","","ABS (unpublished) Recorded Crime - Offenders","no.","31495","np","27639","np","5955","np","474","np","","np"
"SE10a.2","2022-23","Police proceedings","18+ years old","All people","Aboriginal and Torres Strait Islander people","All areas","Proceedings by police against adults","Non-court action","","","","Number","","","ABS (unpublished) Recorded Crime - Offenders","no.","573","np","1117","np","604","np","13","np","","np"
"SE10a.2","2022-23","Police proceedings","18+ years old","All people","Aboriginal and Torres Strait Islander people","All areas","Proceedings by police against adults","Total proceedings","","","","Number","","","ABS (unpublished) Recorded Crime - Offenders","no.","32070","np","28760","np","6580","np","490","7197","","np"
"SE10a.2","2022-23","Police proceedings","18+ years old","All people","Non-Indigenous people","All areas","Proceedings by police against adults","Court action","","","","Number","","","ABS (unpublished) Recorded Crime - Offenders","no.","73660","np","78884","np","14156","np","2096","np","","np"
"SE10a.2","2022-23","Police proceedings","18+ years old","All people","Non-Indigenous people","All areas","Proceedings by police against adults","Non-court action","","","","Number","","","ABS (unpublished) Recorded Crime - Offenders","no.","5133","np","8148","np","3530","np","354","np","","np"
"SE10a.2","2022-23","Police proceedings","18+ years old","All people","Non-Indigenous people","All areas","Proceedings by police against adults","Total proceedings","","","","Number","","","ABS (unpublished) Recorded Crime - Offenders","no.","78791","np","87032","np","17700","np","2459","886","","np"
"SE10a.2","2022-23","Police proceedings","18+ years old","All people","Indigenous status not stated","All areas","Proceedings by police against adults","Court action","","","","Number","","","ABS (unpublished) Recorded Crime - Offenders","no.","1701","np","19","np","1033","np","0","np","","np"
"SE10a.2","2022-23","Police proceedings","18+ years old","All people","Indigenous status not stated","All areas","Proceedings by police against adults","Non-court action","","","","Number","","","ABS (unpublished) Recorded Crime - Offenders","no.","1787","np","52","np","214","np","0","np","","np"
"SE10a.2","2022-23","Police proceedings","18+ years old","All people","Indigenous status not stated","All areas","Proceedings by police against adults","Total proceedings","","","","Number","","","ABS (unpublished) Recorded Crime - Offenders","no.","3485","np","74","np","1252","np","0","21","","np"
"SE10a.2","2021-22","Police proceedings","18+ years old","All people","Aboriginal and Torres Strait Islander people","All areas","Proceedings by police against adults","Court action","","","","Proportion","","","Derived from ABS (unpublished) Recorded Crime - Offenders","%","99.0","np","95.8","np","np","np","95.1","np","","np"
"SE10a.2","2021-22","Police proceedings","18+ years old","All people","Aboriginal and Torres Strait Islander people","All areas","Proceedings by police against adults","Non-court action","","","","Proportion","","","Derived from ABS (unpublished) Recorded Crime - Offenders","%","1.0","np","4.2","np","np","np","3.5","np","","np"
"SE10a.2","2021-22","Police proceedings","18+ years old","All people","Non-Indigenous people","All areas","Proceedings by police against adults","Court action","","","","Proportion","","","Derived from ABS (unpublished) Recorded Crime - Offenders","%","94.1","np","90.2","np","np","np","87.4","np","","np"
"SE10a.2","2021-22","Police proceedings","18+ years old","All people","Non-Indigenous people","All areas","Proceedings by police against adults","Non-court action","","","","Proportion","","","Derived from ABS (unpublished) Recorded Crime - Offenders","%","5.9","np","9.8","np","np","np","12.7","np","","np"
"SE10a.2","2021-22","Police proceedings","18+ years old","All people","Aboriginal and Torres Strait Islander people","All areas","Proceedings by police against adults","Court action","","","","Number","","","ABS (unpublished) Recorded Crime - Offenders","no.","27934","np","27152","np","np","np","430","np","","np"
"SE10a.2","2021-22","Police proceedings","18+ years old","All people","Aboriginal and Torres Strait Islander people","All areas","Proceedings by police against adults","Non-court action","","","","Number","","","ABS (unpublished) Recorded Crime - Offenders","no.","278","np","1182","np","np","np","16","np","","np"
"SE10a.2","2021-22","Police proceedings","18+ years old","All people","Aboriginal and Torres Strait Islander people","All areas","Proceedings by police against adults","Total proceedings","","","","Number","","","ABS (unpublished) Recorded Crime - Offenders","no.","28214","np","28341","np","6310","np","452","6007","","np"
"SE10a.2","2021-22","Police proceedings","18+ years old","All people","Non-Indigenous people","All areas","Proceedings by police against adults","Court action","","","","Number","","","ABS (unpublished) Recorded Crime - Offenders","no.","67693","np","71434","np","np","np","1950","np","","np"
"SE10a.2","2021-22","Police proceedings","18+ years old","All people","Non-Indigenous people","All areas","Proceedings by police against adults","Non-court action","","","","Number","","","ABS (unpublished) Recorded Crime - Offenders","no.","4214","np","7745","np","np","np","283","np","","np"
"SE10a.2","2021-22","Police proceedings","18+ years old","All people","Non-Indigenous people","All areas","Proceedings by police against adults","Total proceedings","","","","Number","","","ABS (unpublished) Recorded Crime - Offenders","no.","71906","np","79186","np","14777","np","2231","1020","","np"
"SE10a.2","2021-22","Police proceedings","18+ years old","All people","Indigenous status not stated","All areas","Proceedings by police against adults","Court action","","","","Number","","","ABS (unpublished) Recorded Crime - Offenders","no.","5324","np","21","np","np","np","0","np","","np"
"SE10a.2","2021-22","Police proceedings","18+ years old","All people","Indigenous status not stated","All areas","Proceedings by police against adults","Non-court action","","","","Number","","","ABS (unpublished) Recorded Crime - Offenders","no.","570","np","61","np","np","np","0","np","","np"
"SE10a.2","2021-22","Police proceedings","18+ years old","All people","Indigenous status not stated","All areas","Proceedings by police against adults","Total proceedings","","","","Number","","","ABS (unpublished) Recorded Crime - Offenders","no.","5891","np","80","np","2120","np","0","26","","np"
"SE10a.2","2020-21","Police proceedings","18+ years old","All people","Aboriginal and Torres Strait Islander people","All areas","Proceedings by police against adults","Court action","","","","Proportion","","","Derived from ABS (unpublished) Recorded Crime - Offenders","%","98.9","np","96.4","np","np","np","93.0","np","","np"
"SE10a.2","2020-21","Police proceedings","18+ years old","All people","Aboriginal and Torres Strait Islander people","All areas","Proceedings by police against adults","Non-court action","","","","Proportion","","","Derived from ABS (unpublished) Recorded Crime - Offenders","%","1.1","np","3.6","np","np","np","6.3","np","","np"
"SE10a.2","2020-21","Police proceedings","18+ years old","All people","Non-Indigenous people","All areas","Proceedings by police against adults","Court action","","","","Proportion","","","Derived from ABS (unpublished) Recorded Crime - Offenders","%","94.3","np","91.8","np","np","np","84.1","np","","np"
"SE10a.2","2020-21","Police proceedings","18+ years old","All people","Non-Indigenous people","All areas","Proceedings by police against adults","Non-court action","","","","Proportion","","","Derived from ABS (unpublished) Recorded Crime - Offenders","%","5.8","np","8.2","np","np","np","16.0","np","","np"
"SE10a.2","2020-21","Police proceedings","18+ years old","All people","Aboriginal and Torres Strait Islander people","All areas","Proceedings by police against adults","Court action","","","","Number","","","ABS (unpublished) Recorded Crime - Offenders","no.","23435","np","26975","np","np","np","425","np","","np"
"SE10a.2","2020-21","Police proceedings","18+ years old","All people","Aboriginal and Torres Strait Islander people","All areas","Proceedings by police against adults","Non-court action","","","","Number","","","ABS (unpublished) Recorded Crime - Offenders","no.","261","np","1009","np","np","np","29","np","","np"
"SE10a.2","2020-21","Police proceedings","18+ years old","All people","Aboriginal and Torres Strait Islander people","All areas","Proceedings by police against adults","Total proceedings","","","","Number","","","ABS (unpublished) Recorded Crime - Offenders","no.","23703","np","27985","np","7352","np","457","6097","","np"
"SE10a.2","2020-21","Police proceedings","18+ years old","All people","Non-Indigenous people","All areas","Proceedings by police against adults","Court action","","","","Number","","","ABS (unpublished) Recorded Crime - Offenders","no.","68729","np","78963","np","np","np","1801","np","","np"
"SE10a.2","2020-21","Police proceedings","18+ years old","All people","Non-Indigenous people","All areas","Proceedings by police against adults","Non-court action","","","","Number","","","ABS (unpublished) Recorded Crime - Offenders","no.","4195","np","7032","np","np","np","343","np","","np"
"SE10a.2","2020-21","Police proceedings","18+ years old","All people","Non-Indigenous people","All areas","Proceedings by police against adults","Total proceedings","","","","Number","","","ABS (unpublished) Recorded Crime - Offenders","no.","72920","np","85993","np","18983","np","2142","1042","","np"
"SE10a.2","2020-21","Police proceedings","18+ years old","All people","Indigenous status not stated","All areas","Proceedings by police against adults","Court action","","","","Number","","","ABS (unpublished) Recorded Crime - Offenders","no.","7084","np","128","np","np","np","0","np","","np"
"SE10a.2","2020-21","Police proceedings","18+ years old","All people","Indigenous status not stated","All areas","Proceedings by police against adults","Non-court action","","","","Number","","","ABS (unpublished) Recorded Crime - Offenders","no.","880","np","103","np","np","np","0","np","","np"
"SE10a.2","2020-21","Police proceedings","18+ years old","All people","Indigenous status not stated","All areas","Proceedings by police against adults","Total proceedings","","","","Number","","","ABS (unpublished) Recorded Crime - Offenders","no.","7958","np","233","np","2880","np","0","36","","np"
"SE10a.2","2019-20","Police proceedings","18+ years old","All people","Aboriginal and Torres Strait Islander people","All areas","Proceedings by police against adults","Court action","","","","Proportion","","","Derived from ABS (unpublished) Recorded Crime - Offenders","%","98.8","np","97.1","np","np","np","94.2","np","","np"
"SE10a.2","2019-20","Police proceedings","18+ years old","All people","Aboriginal and Torres Strait Islander people","All areas","Proceedings by police against adults","Non-court action","","","","Proportion","","","Derived from ABS (unpublished) Recorded Crime - Offenders","%","1.2","np","2.9","np","np","np","6.2","np","","np"
"SE10a.2","2019-20","Police proceedings","18+ years old","All people","Non-Indigenous people","All areas","Proceedings by police against adults","Court action","","","","Proportion","","","Derived from ABS (unpublished) Recorded Crime - Offenders","%","93.7","np","93.3","np","np","np","82.6","np","","np"
"SE10a.2","2019-20","Police proceedings","18+ years old","All people","Non-Indigenous people","All areas","Proceedings by police against adults","Non-court action","","","","Proportion","","","Derived from ABS (unpublished) Recorded Crime - Offenders","%","6.3","np","6.7","np","np","np","17.4","np","","np"
"SE10a.2","2019-20","Police proceedings","18+ years old","All people","Aboriginal and Torres Strait Islander people","All areas","Proceedings by police against adults","Court action","","","","Number","","","ABS (unpublished) Recorded Crime - Offenders","no.","19311","np","28141","np","np","np","409","np","","np"
"SE10a.2","2019-20","Police proceedings","18+ years old","All people","Aboriginal and Torres Strait Islander people","All areas","Proceedings by police against adults","Non-court action","","","","Number","","","ABS (unpublished) Recorded Crime - Offenders","no.","234","np","839","np","np","np","27","np","","np"
"SE10a.2","2019-20","Police proceedings","18+ years old","All people","Aboriginal and Torres Strait Islander people","All areas","Proceedings by police against adults","Total proceedings","","","","Number","","","ABS (unpublished) Recorded Crime - Offenders","no.","19548","np","28984","np","8056","np","434","5872","","np"
"SE10a.2","2019-20","Police proceedings","18+ years old","All people","Non-Indigenous people","All areas","Proceedings by police against adults","Court action","","","","Number","","","ABS (unpublished) Recorded Crime - Offenders","no.","76417","np","93888","np","np","np","1886","np","","np"
"SE10a.2","2019-20","Police proceedings","18+ years old","All people","Non-Indigenous people","All areas","Proceedings by police against adults","Non-court action","","","","Number","","","ABS (unpublished) Recorded Crime - Offenders","no.","5146","np","6734","np","np","np","397","np","","np"
"SE10a.2","2019-20","Police proceedings","18+ years old","All people","Non-Indigenous people","All areas","Proceedings by police against adults","Total proceedings","","","","Number","","","ABS (unpublished) Recorded Crime - Offenders","no.","81558","np","100624","np","26582","np","2284","1251","","np"
"SE10a.2","2019-20","Police proceedings","18+ years old","All people","Indigenous status not stated","All areas","Proceedings by police against adults","Court action","","","","Number","","","ABS (unpublished) Recorded Crime - Offenders","no.","7896","np","299","np","np","np","0","np","","np"
"SE10a.2","2019-20","Police proceedings","18+ years old","All people","Indigenous status not stated","All areas","Proceedings by police against adults","Non-court action","","","","Number","","","ABS (unpublished) Recorded Crime - Offenders","no.","1044","np","186","np","np","np","0","np","","np"
"SE10a.2","2019-20","Police proceedings","18+ years old","All people","Indigenous status not stated","All areas","Proceedings by police against adults","Total proceedings","","","","Number","","","ABS (unpublished) Recorded Crime - Offenders","no.","8941","np","484","np","624","np","0","43","","np"
"SE10a.2","2018-19","Police proceedings","18+ years old","All people","Aboriginal and Torres Strait Islander people","All areas","Proceedings by police against adults","Court action","","","","Proportion","","","Derived from ABS (unpublished) Recorded Crime - Offenders","%","98.7","np","97.0","np","np","np","93.7","np","","np"
"SE10a.2","2018-19","Police proceedings","18+ years old","All people","Aboriginal and Torres Strait Islander people","All areas","Proceedings by police against adults","Non-court action","","","","Proportion","","","Derived from ABS (unpublished) Recorded Crime - Offenders","%","1.3","np","3.0","np","np","np","6.6","np","","np"
"SE10a.2","2018-19","Police proceedings","18+ years old","All people","Non-Indigenous people","All areas","Proceedings by police against adults","Court action","","","","Proportion","","","Derived from ABS (unpublished) Recorded Crime - Offenders","%","92.4","np","93.8","np","np","np","82.4","np","","np"
"SE10a.2","2018-19","Police proceedings","18+ years old","All people","Non-Indigenous people","All areas","Proceedings by police against adults","Non-court action","","","","Proportion","","","Derived from ABS (unpublished) Recorded Crime - Offenders","%","7.6","np","6.2","np","np","np","17.6","np","","np"
"SE10a.2","2018-19","Police proceedings","18+ years old","All people","Aboriginal and Torres Strait Islander people","All areas","Proceedings by police against adults","Court action","","","","Number","","","ABS (unpublished) Recorded Crime - Offenders","no.","17506","np","26318","np","np","np","355","np","","np"
"SE10a.2","2018-19","Police proceedings","18+ years old","All people","Aboriginal and Torres Strait Islander people","All areas","Proceedings by police against adults","Non-court action","","","","Number","","","ABS (unpublished) Recorded Crime - Offenders","no.","234","np","805","np","np","np","25","np","","np"
"SE10a.2","2018-19","Police proceedings","18+ years old","All people","Aboriginal and Torres Strait Islander people","All areas","Proceedings by police against adults","Total proceedings","","","","Number","","","ABS (unpublished) Recorded Crime - Offenders","no.","17737","np","27125","np","7860","np","379","5876","","np"
"SE10a.2","2018-19","Police proceedings","18+ years old","All people","Non-Indigenous people","All areas","Proceedings by police against adults","Court action","","","","Number","","","ABS (unpublished) Recorded Crime - Offenders","no.","73544","np","91317","np","np","np","1838","np","","np"
"SE10a.2","2018-19","Police proceedings","18+ years old","All people","Non-Indigenous people","All areas","Proceedings by police against adults","Non-court action","","","","Number","","","ABS (unpublished) Recorded Crime - Offenders","no.","6042","np","6084","np","np","np","392","np","","np"
"SE10a.2","2018-19","Police proceedings","18+ years old","All people","Non-Indigenous people","All areas","Proceedings by police against adults","Total proceedings","","","","Number","","","ABS (unpublished) Recorded Crime - Offenders","no.","79592","np","97396","np","28500","np","2231","1513","","np"
"SE10a.2","2018-19","Police proceedings","18+ years old","All people","Indigenous status not stated","All areas","Proceedings by police against adults","Court action","","","","Number","","","ABS (unpublished) Recorded Crime - Offenders","no.","6737","np","646","np","np","np","0","np","","np"
"SE10a.2","2018-19","Police proceedings","18+ years old","All people","Indigenous status not stated","All areas","Proceedings by police against adults","Non-court action","","","","Number","","","ABS (unpublished) Recorded Crime - Offenders","no.","994","np","209","np","np","np","0","np","","np"
"SE10a.2","2018-19","Police proceedings","18+ years old","All people","Indigenous status not stated","All areas","Proceedings by police against adults","Total proceedings","","","","Number","","","ABS (unpublished) Recorded Crime - Offenders","no.","7728","np","861","np","2138","np","0","33","","np"
"SE10b.1","2024-25","Criminal court defendants","All ages","All people","Aboriginal and Torres Strait Islander people","All areas","Criminal court defendants with a finalised court outcome (excluding transfers and traffic offences)","Principal offence (ANZSOC 2023)","Homicide","","","Number","","","ABS (unpublished) Criminal Courts Australia","no.","22","na","27","na","4","0","0","18","71",""
"SE10b.1","2024-25","Criminal court defendants","All ages","All people","Aboriginal and Torres Strait Islander people","All areas","Criminal court defendants with a finalised court outcome (excluding transfers and traffic offences)","Principal offence (ANZSOC 2023)","Assault","","","Number","","","ABS (unpublished) Criminal Courts Australia","no.","6644","na","4033","na","1962","385","99","3708","16831",""
"SE10b.1","2024-25","Criminal court defendants","All ages","All people","Aboriginal and Torres Strait Islander people","All areas","Criminal court defendants with a finalised court outcome (excluding transfers and traffic offences)","Principal offence (ANZSOC 2023)","Sexual offences","","","Number","","","ABS (unpublished) Criminal Courts Australia","no.","397","na","354","na","99","19","8","104","981",""
"SE10b.1","2024-25","Criminal court defendants","All ages","All people","Aboriginal and Torres Strait Islander people","All areas","Criminal court defendants with a finalised court outcome (excluding transfers and traffic offences)","Principal offence (ANZSOC 2023)","Harm or endanger persons","","","Number","","","ABS (unpublished) Criminal Courts Australia","no.","3182","na","479","na","58","14","12","195","3940",""
"SE10b.1","2024-25","Criminal court defendants","All ages","All people","Aboriginal and Torres Strait Islander people","All areas","Criminal court defendants with a finalised court outcome (excluding transfers and traffic offences)","Principal offence (ANZSOC 2023)","Robbery; blackmail; and extortion","","","Number","","","ABS (unpublished) Criminal Courts Australia","no.","179","na","243","na","54","36","8","76","596",""
"SE10b.1","2024-25","Criminal court defendants","All ages","All people","Aboriginal and Torres Strait Islander people","All areas","Criminal court defendants with a finalised court outcome (excluding transfers and traffic offences)","Principal offence (ANZSOC 2023)","Burglary","","","Number","","","ABS (unpublished) Criminal Courts Australia","no.","980","na","1173","na","387","62","36","253","2891",""
"SE10b.1","2024-25","Criminal court defendants","All ages","All people","Aboriginal and Torres Strait Islander people","All areas","Criminal court defendants with a finalised court outcome (excluding transfers and traffic offences)","Principal offence (ANZSOC 2023)","Theft","","","Number","","","ABS (unpublished) Criminal Courts Australia","no.","2812","na","2412","na","945","222","27","238","6656",""
"SE10b.1","2024-25","Criminal court defendants","All ages","All people","Aboriginal and Torres Strait Islander people","All areas","Criminal court defendants with a finalised court outcome (excluding transfers and traffic offences)","Principal offence (ANZSOC 2023)","Fraud and related offences","","","Number","","","ABS (unpublished) Criminal Courts Australia","no.","439","na","282","na","73","46","3","40","883",""
"SE10b.1","2024-25","Criminal court defendants","All ages","All people","Aboriginal and Torres Strait Islander people","All areas","Criminal court defendants with a finalised court outcome (excluding transfers and traffic offences)","Principal offence (ANZSOC 2023)","Drug offences","","","Number","","","ABS (unpublished) Criminal Courts Australia","no.","1739","na","869","na","282","85","4","162","3141",""
"SE10b.1","2024-25","Criminal court defendants","All ages","All people","Aboriginal and Torres Strait Islander people","All areas","Criminal court defendants with a finalised court outcome (excluding transfers and traffic offences)","Principal offence (ANZSOC 2023)","Weapons and explosives offences","","","Number","","","ABS (unpublished) Criminal Courts Australia","no.","1195","na","545","na","390","100","19","285","2534",""
"SE10b.1","2024-25","Criminal court defendants","All ages","All people","Aboriginal and Torres Strait Islander people","All areas","Criminal court defendants with a finalised court outcome (excluding transfers and traffic offences)","Principal offence (ANZSOC 2023)","Property damage","","","Number","","","ABS (unpublished) Criminal Courts Australia","no.","1185","na","822","na","320","66","20","298","2711",""
"SE10b.1","2024-25","Criminal court defendants","All ages","All people","Aboriginal and Torres Strait Islander people","All areas","Criminal court defendants with a finalised court outcome (excluding transfers and traffic offences)","Principal offence (ANZSOC 2023)","Public order; health; and safety offences","","","Number","","","ABS (unpublished) Criminal Courts Australia","no.","1159","na","2196","na","451","65","14","176","4061",""
"SE10b.1","2024-25","Criminal court defendants","All ages","All people","Aboriginal and Torres Strait Islander people","All areas","Criminal court defendants with a finalised court outcome (excluding transfers and traffic offences)","Principal offence (ANZSOC 2023)","Offences against justice procedures and orders","","","Number","","","ABS (unpublished) Criminal Courts Australia","no.","3319","na","4943","na","623","271","26","1626","10808",""
"SE10b.1","2024-25","Criminal court defendants","All ages","All people","Aboriginal and Torres Strait Islander people","All areas","Criminal court defendants with a finalised court outcome (excluding transfers and traffic offences)","Principal offence (ANZSOC 2023)","Offences against government","","","Number","","","ABS (unpublished) Criminal Courts Australia","no.","15","na","10","na","8","5","0","5","43",""
"SE10b.1","2024-25","Criminal court defendants","All ages","All people","Aboriginal and Torres Strait Islander people","All areas","Criminal court defendants with a finalised court outcome (excluding transfers and traffic offences)","Principal offence (ANZSOC 2023)","Environmental offences","","","Number","","","ABS (unpublished) Criminal Courts Australia","no.","25","na","12","na","16","7","0","5","65",""
"SE10b.1","2024-25","Criminal court defendants","All ages","All people","Aboriginal and Torres Strait Islander people","All areas","Criminal court defendants with a finalised court outcome (excluding transfers and traffic offences)","Principal offence (ANZSOC 2023)","Miscellaneous offences","","","Number","","","ABS (unpublished) Criminal Courts Australia","no.","0","na","0","na","0","0","0","3","3",""
"SE10b.1","2024-25","Criminal court defendants","All ages","All people","Aboriginal and Torres Strait Islander people","All areas","Criminal court defendants with a finalised court outcome (excluding transfers and traffic offences)","Principal offence (ANZSOC 2023)","Total finalised (excluding transfer to other court levels)","","","Number","","","ABS (unpublished) Criminal Courts Australia","no.","23284","na","18414","na","5680","1380","291","7184","56233",""
"SE10b.1","2024-25","Criminal court defendants","All ages","All people","Non-Indigenous people","All areas","Criminal court defendants with a finalised court outcome (excluding transfers and traffic offences)","Principal offence (ANZSOC 2023)","Homicide","","","Number","","","ABS (unpublished) Criminal Courts Australia","no.","103","na","109","na","26","7","0","3","248",""
"SE10b.1","2024-25","Criminal court defendants","All ages","All people","Non-Indigenous people","All areas","Criminal court defendants with a finalised court outcome (excluding transfers and traffic offences)","Principal offence (ANZSOC 2023)","Assault","","","Number","","","ABS (unpublished) Criminal Courts Australia","no.","19838","na","6707","na","3312","1123","587","302","31869",""
"SE10b.1","2024-25","Criminal court defendants","All ages","All people","Non-Indigenous people","All areas","Criminal court defendants with a finalised court outcome (excluding transfers and traffic offences)","Principal offence (ANZSOC 2023)","Sexual offences","","","Number","","","ABS (unpublished) Criminal Courts Australia","no.","2160","na","1846","na","573","129","95","46","4849",""
"SE10b.1","2024-25","Criminal court defendants","All ages","All people","Non-Indigenous people","All areas","Criminal court defendants with a finalised court outcome (excluding transfers and traffic offences)","Principal offence (ANZSOC 2023)","Harm or endanger persons","","","Number","","","ABS (unpublished) Criminal Courts Australia","no.","7375","na","1526","na","189","34","65","27","9216",""
"SE10b.1","2024-25","Criminal court defendants","All ages","All people","Non-Indigenous people","All areas","Criminal court defendants with a finalised court outcome (excluding transfers and traffic offences)","Principal offence (ANZSOC 2023)","Robbery; blackmail; and extortion","","","Number","","","ABS (unpublished) Criminal Courts Australia","no.","282","na","437","na","68","51","38","8","884",""
"SE10b.1","2024-25","Criminal court defendants","All ages","All people","Non-Indigenous people","All areas","Criminal court defendants with a finalised court outcome (excluding transfers and traffic offences)","Principal offence (ANZSOC 2023)","Burglary","","","Number","","","ABS (unpublished) Criminal Courts Australia","no.","1135","na","2223","na","638","200","48","16","4260",""
"SE10b.1","2024-25","Criminal court defendants","All ages","All people","Non-Indigenous people","All areas","Criminal court defendants with a finalised court outcome (excluding transfers and traffic offences)","Principal offence (ANZSOC 2023)","Theft","","","Number","","","ABS (unpublished) Criminal Courts Australia","no.","6432","na","7304","na","1618","534","119","52","16059",""
"SE10b.1","2024-25","Criminal court defendants","All ages","All people","Non-Indigenous people","All areas","Criminal court defendants with a finalised court outcome (excluding transfers and traffic offences)","Principal offence (ANZSOC 2023)","Fraud and related offences","","","Number","","","ABS (unpublished) Criminal Courts Australia","no.","1688","na","1493","na","273","112","24","27","3617",""
"SE10b.1","2024-25","Criminal court defendants","All ages","All people","Non-Indigenous people","All areas","Criminal court defendants with a finalised court outcome (excluding transfers and traffic offences)","Principal offence (ANZSOC 2023)","Drug offences","","","Number","","","ABS (unpublished) Criminal Courts Australia","no.","8195","na","5537","na","1478","271","51","124","15656",""
"SE10b.1","2024-25","Criminal court defendants","All ages","All people","Non-Indigenous people","All areas","Criminal court defendants with a finalised court outcome (excluding transfers and traffic offences)","Principal offence (ANZSOC 2023)","Weapons and explosives offences","","","Number","","","ABS (unpublished) Criminal Courts Australia","no.","3108","na","2551","na","1098","284","69","41","7151",""
"SE10b.1","2024-25","Criminal court defendants","All ages","All people","Non-Indigenous people","All areas","Criminal court defendants with a finalised court outcome (excluding transfers and traffic offences)","Principal offence (ANZSOC 2023)","Property damage","","","Number","","","ABS (unpublished) Criminal Courts Australia","no.","3493","na","1967","na","683","196","101","45","6485",""
"SE10b.1","2024-25","Criminal court defendants","All ages","All people","Non-Indigenous people","All areas","Criminal court defendants with a finalised court outcome (excluding transfers and traffic offences)","Principal offence (ANZSOC 2023)","Public order; health; and safety offences","","","Number","","","ABS (unpublished) Criminal Courts Australia","no.","3355","na","3204","na","686","227","143","36","7651",""
"SE10b.1","2024-25","Criminal court defendants","All ages","All people","Non-Indigenous people","All areas","Criminal court defendants with a finalised court outcome (excluding transfers and traffic offences)","Principal offence (ANZSOC 2023)","Offences against justice procedures and orders","","","Number","","","ABS (unpublished) Criminal Courts Australia","no.","6816","na","12554","na","1577","711","220","147","22025",""
"SE10b.1","2024-25","Criminal court defendants","All ages","All people","Non-Indigenous people","All areas","Criminal court defendants with a finalised court outcome (excluding transfers and traffic offences)","Principal offence (ANZSOC 2023)","Offences against government","","","Number","","","ABS (unpublished) Criminal Courts Australia","no.","117","na","53","na","54","10","3","8","245",""
"SE10b.1","2024-25","Criminal court defendants","All ages","All people","Non-Indigenous people","All areas","Criminal court defendants with a finalised court outcome (excluding transfers and traffic offences)","Principal offence (ANZSOC 2023)","Environmental offences","","","Number","","","ABS (unpublished) Criminal Courts Australia","no.","62","na","86","na","36","7","8","121","320",""
"SE10b.1","2024-25","Criminal court defendants","All ages","All people","Non-Indigenous people","All areas","Criminal court defendants with a finalised court outcome (excluding transfers and traffic offences)","Principal offence (ANZSOC 2023)","Miscellaneous offences","","","Number","","","ABS (unpublished) Criminal Courts Australia","no.","26","na","20","na","13","0","0","4","63",""
"SE10b.1","2024-25","Criminal court defendants","All ages","All people","Non-Indigenous people","All areas","Criminal court defendants with a finalised court outcome (excluding transfers and traffic offences)","Principal offence (ANZSOC 2023)","Total finalised (excluding transfer to other court levels)","","","Number","","","ABS (unpublished) Criminal Courts Australia","no.","64179","na","47620","na","12314","3892","1575","1005","130585",""
"SE10b.1","2023-24","Criminal court defendants","All ages","All people","Aboriginal and Torres Strait Islander people","All areas","Criminal court defendants with a finalised court outcome (excluding transfers and traffic offences)","Principal offence (ANZSOC 2023)","Homicide","","","Number","","","ABS (unpublished) Criminal Courts Australia","no.","22","na","24","na","3","5","0","8","62",""
"SE10b.1","2023-24","Criminal court defendants","All ages","All people","Aboriginal and Torres Strait Islander people","All areas","Criminal court defendants with a finalised court outcome (excluding transfers and traffic offences)","Principal offence (ANZSOC 2023)","Assault","","","Number","","","ABS (unpublished) Criminal Courts Australia","no.","6011","na","4130","na","1591","374","96","2609","14811",""
"SE10b.1","2023-24","Criminal court defendants","All ages","All people","Aboriginal and Torres Strait Islander people","All areas","Criminal court defendants with a finalised court outcome (excluding transfers and traffic offences)","Principal offence (ANZSOC 2023)","Sexual offences","","","Number","","","ABS (unpublished) Criminal Courts Australia","no.","346","na","304","na","113","22","4","75","864",""
"SE10b.1","2023-24","Criminal court defendants","All ages","All people","Aboriginal and Torres Strait Islander people","All areas","Criminal court defendants with a finalised court outcome (excluding transfers and traffic offences)","Principal offence (ANZSOC 2023)","Harm or endanger persons","","","Number","","","ABS (unpublished) Criminal Courts Australia","no.","2600","na","435","na","46","14","15","178","3288",""
"SE10b.1","2023-24","Criminal court defendants","All ages","All people","Aboriginal and Torres Strait Islander people","All areas","Criminal court defendants with a finalised court outcome (excluding transfers and traffic offences)","Principal offence (ANZSOC 2023)","Robbery; blackmail; and extortion","","","Number","","","ABS (unpublished) Criminal Courts Australia","no.","203","na","237","na","58","20","7","71","596",""
"SE10b.1","2023-24","Criminal court defendants","All ages","All people","Aboriginal and Torres Strait Islander people","All areas","Criminal court defendants with a finalised court outcome (excluding transfers and traffic offences)","Principal offence (ANZSOC 2023)","Burglary","","","Number","","","ABS (unpublished) Criminal Courts Australia","no.","905","na","1236","na","297","74","12","239","2763",""
"SE10b.1","2023-24","Criminal court defendants","All ages","All people","Aboriginal and Torres Strait Islander people","All areas","Criminal court defendants with a finalised court outcome (excluding transfers and traffic offences)","Principal offence (ANZSOC 2023)","Theft","","","Number","","","ABS (unpublished) Criminal Courts Australia","no.","2831","na","2474","na","745","189","25","179","6443",""
"SE10b.1","2023-24","Criminal court defendants","All ages","All people","Aboriginal and Torres Strait Islander people","All areas","Criminal court defendants with a finalised court outcome (excluding transfers and traffic offences)","Principal offence (ANZSOC 2023)","Fraud and related offences","","","Number","","","ABS (unpublished) Criminal Courts Australia","no.","467","na","295","na","47","31","3","35","878",""
"SE10b.1","2023-24","Criminal court defendants","All ages","All people","Aboriginal and Torres Strait Islander people","All areas","Criminal court defendants with a finalised court outcome (excluding transfers and traffic offences)","Principal offence (ANZSOC 2023)","Drug offences","","","Number","","","ABS (unpublished) Criminal Courts Australia","no.","1676","na","1606","na","215","73","3","173","3746",""
"SE10b.1","2023-24","Criminal court defendants","All ages","All people","Aboriginal and Torres Strait Islander people","All areas","Criminal court defendants with a finalised court outcome (excluding transfers and traffic offences)","Principal offence (ANZSOC 2023)","Weapons and explosives offences","","","Number","","","ABS (unpublished) Criminal Courts Australia","no.","935","na","517","na","297","84","12","227","2072",""
"SE10b.1","2023-24","Criminal court defendants","All ages","All people","Aboriginal and Torres Strait Islander people","All areas","Criminal court defendants with a finalised court outcome (excluding transfers and traffic offences)","Principal offence (ANZSOC 2023)","Property damage","","","Number","","","ABS (unpublished) Criminal Courts Australia","no.","1145","na","856","na","318","75","21","250","2665",""
"SE10b.1","2023-24","Criminal court defendants","All ages","All people","Aboriginal and Torres Strait Islander people","All areas","Criminal court defendants with a finalised court outcome (excluding transfers and traffic offences)","Principal offence (ANZSOC 2023)","Public order; health; and safety offences","","","Number","","","ABS (unpublished) Criminal Courts Australia","no.","1245","na","2441","na","416","62","20","195","4379",""
"SE10b.1","2023-24","Criminal court defendants","All ages","All people","Aboriginal and Torres Strait Islander people","All areas","Criminal court defendants with a finalised court outcome (excluding transfers and traffic offences)","Principal offence (ANZSOC 2023)","Offences against justice procedures and orders","","","Number","","","ABS (unpublished) Criminal Courts Australia","no.","2875","na","5090","na","526","189","35","1239","9954",""
"SE10b.1","2023-24","Criminal court defendants","All ages","All people","Aboriginal and Torres Strait Islander people","All areas","Criminal court defendants with a finalised court outcome (excluding transfers and traffic offences)","Principal offence (ANZSOC 2023)","Offences against government","","","Number","","","ABS (unpublished) Criminal Courts Australia","no.","12","na","12","na","5","0","0","0","29",""
"SE10b.1","2023-24","Criminal court defendants","All ages","All people","Aboriginal and Torres Strait Islander people","All areas","Criminal court defendants with a finalised court outcome (excluding transfers and traffic offences)","Principal offence (ANZSOC 2023)","Environmental offences","","","Number","","","ABS (unpublished) Criminal Courts Australia","no.","19","na","21","na","5","3","0","3","51",""
"SE10b.1","2023-24","Criminal court defendants","All ages","All people","Aboriginal and Torres Strait Islander people","All areas","Criminal court defendants with a finalised court outcome (excluding transfers and traffic offences)","Principal offence (ANZSOC 2023)","Miscellaneous offences","","","Number","","","ABS (unpublished) Criminal Courts Australia","no.","0","na","0","na","3","0","0","0","3",""
"SE10b.1","2023-24","Criminal court defendants","All ages","All people","Aboriginal and Torres Strait Islander people","All areas","Criminal court defendants with a finalised court outcome (excluding transfers and traffic offences)","Principal offence (ANZSOC 2023)","Total finalised (excluding transfer to other court levels)","","","Number","","","ABS (unpublished) Criminal Courts Australia","no.","21290","na","19677","na","4686","1211","263","5494","52621",""
"SE10b.1","2023-24","Criminal court defendants","All ages","All people","Non-Indigenous people","All areas","Criminal court defendants with a finalised court outcome (excluding transfers and traffic offences)","Principal offence (ANZSOC 2023)","Homicide","","","Number","","","ABS (unpublished) Criminal Courts Australia","no.","115","na","94","na","33","4","na","4","250",""
"SE10b.1","2023-24","Criminal court defendants","All ages","All people","Non-Indigenous people","All areas","Criminal court defendants with a finalised court outcome (excluding transfers and traffic offences)","Principal offence (ANZSOC 2023)","Assault","","","Number","","","ABS (unpublished) Criminal Courts Australia","no.","18398","na","6776","na","3019","1102","na","224","29519",""
"SE10b.1","2023-24","Criminal court defendants","All ages","All people","Non-Indigenous people","All areas","Criminal court defendants with a finalised court outcome (excluding transfers and traffic offences)","Principal offence (ANZSOC 2023)","Sexual offences","","","Number","","","ABS (unpublished) Criminal Courts Australia","no.","2112","na","1861","na","645","103","na","43","4764",""
"SE10b.1","2023-24","Criminal court defendants","All ages","All people","Non-Indigenous people","All areas","Criminal court defendants with a finalised court outcome (excluding transfers and traffic offences)","Principal offence (ANZSOC 2023)","Harm or endanger persons","","","Number","","","ABS (unpublished) Criminal Courts Australia","no.","6673","na","1487","na","166","26","na","30","8382",""
"SE10b.1","2023-24","Criminal court defendants","All ages","All people","Non-Indigenous people","All areas","Criminal court defendants with a finalised court outcome (excluding transfers and traffic offences)","Principal offence (ANZSOC 2023)","Robbery; blackmail; and extortion","","","Number","","","ABS (unpublished) Criminal Courts Australia","no.","275","na","421","na","74","27","na","13","810",""
"SE10b.1","2023-24","Criminal court defendants","All ages","All people","Non-Indigenous people","All areas","Criminal court defendants with a finalised court outcome (excluding transfers and traffic offences)","Principal offence (ANZSOC 2023)","Burglary","","","Number","","","ABS (unpublished) Criminal Courts Australia","no.","1195","na","2242","na","549","183","na","8","4177",""
"SE10b.1","2023-24","Criminal court defendants","All ages","All people","Non-Indigenous people","All areas","Criminal court defendants with a finalised court outcome (excluding transfers and traffic offences)","Principal offence (ANZSOC 2023)","Theft","","","Number","","","ABS (unpublished) Criminal Courts Australia","no.","6221","na","7843","na","1385","469","na","26","15944",""
"SE10b.1","2023-24","Criminal court defendants","All ages","All people","Non-Indigenous people","All areas","Criminal court defendants with a finalised court outcome (excluding transfers and traffic offences)","Principal offence (ANZSOC 2023)","Fraud and related offences","","","Number","","","ABS (unpublished) Criminal Courts Australia","no.","1724","na","1909","na","277","117","na","24","4051",""
"SE10b.1","2023-24","Criminal court defendants","All ages","All people","Non-Indigenous people","All areas","Criminal court defendants with a finalised court outcome (excluding transfers and traffic offences)","Principal offence (ANZSOC 2023)","Drug offences","","","Number","","","ABS (unpublished) Criminal Courts Australia","no.","9158","na","9374","na","1358","274","na","136","20300",""
"SE10b.1","2023-24","Criminal court defendants","All ages","All people","Non-Indigenous people","All areas","Criminal court defendants with a finalised court outcome (excluding transfers and traffic offences)","Principal offence (ANZSOC 2023)","Weapons and explosives offences","","","Number","","","ABS (unpublished) Criminal Courts Australia","no.","2781","na","2649","na","970","241","na","46","6687",""
"SE10b.1","2023-24","Criminal court defendants","All ages","All people","Non-Indigenous people","All areas","Criminal court defendants with a finalised court outcome (excluding transfers and traffic offences)","Principal offence (ANZSOC 2023)","Property damage","","","Number","","","ABS (unpublished) Criminal Courts Australia","no.","3317","na","2120","na","559","192","na","31","6219",""
"SE10b.1","2023-24","Criminal court defendants","All ages","All people","Non-Indigenous people","All areas","Criminal court defendants with a finalised court outcome (excluding transfers and traffic offences)","Principal offence (ANZSOC 2023)","Public order; health; and safety offences","","","Number","","","ABS (unpublished) Criminal Courts Australia","no.","3424","na","4297","na","601","232","na","49","8603",""
"SE10b.1","2023-24","Criminal court defendants","All ages","All people","Non-Indigenous people","All areas","Criminal court defendants with a finalised court outcome (excluding transfers and traffic offences)","Principal offence (ANZSOC 2023)","Offences against justice procedures and orders","","","Number","","","ABS (unpublished) Criminal Courts Australia","no.","6222","na","13406","na","1442","623","na","89","21782",""
"SE10b.1","2023-24","Criminal court defendants","All ages","All people","Non-Indigenous people","All areas","Criminal court defendants with a finalised court outcome (excluding transfers and traffic offences)","Principal offence (ANZSOC 2023)","Offences against government","","","Number","","","ABS (unpublished) Criminal Courts Australia","no.","103","na","55","na","60","3","na","5","226",""
"SE10b.1","2023-24","Criminal court defendants","All ages","All people","Non-Indigenous people","All areas","Criminal court defendants with a finalised court outcome (excluding transfers and traffic offences)","Principal offence (ANZSOC 2023)","Environmental offences","","","Number","","","ABS (unpublished) Criminal Courts Australia","no.","92","na","76","na","36","7","na","13","224",""
"SE10b.1","2023-24","Criminal court defendants","All ages","All people","Non-Indigenous people","All areas","Criminal court defendants with a finalised court outcome (excluding transfers and traffic offences)","Principal offence (ANZSOC 2023)","Miscellaneous offences","","","Number","","","ABS (unpublished) Criminal Courts Australia","no.","27","na","16","na","12","0","na","0","55",""
"SE10b.1","2023-24","Criminal court defendants","All ages","All people","Non-Indigenous people","All areas","Criminal court defendants with a finalised court outcome (excluding transfers and traffic offences)","Principal offence (ANZSOC 2023)","Total finalised (excluding transfer to other court levels)","","","Number","","","ABS (unpublished) Criminal Courts Australia","no.","61839","na","54633","na","11192","3617","na","746","132027",""
"SE10b.1","2022-23","Criminal court defendants","All ages","All people","Aboriginal and Torres Strait Islander people","All areas","Criminal court defendants with a finalised court outcome (excluding transfers and traffic offences)","Principal offence (ANZSOC 2023)","Homicide","","","Number","","","ABS (unpublished) Criminal Courts Australia","no.","26","na","22","na","7","4","0","9","68",""
"SE10b.1","2022-23","Criminal court defendants","All ages","All people","Aboriginal and Torres Strait Islander people","All areas","Criminal court defendants with a finalised court outcome (excluding transfers and traffic offences)","Principal offence (ANZSOC 2023)","Assault","","","Number","","","ABS (unpublished) Criminal Courts Australia","no.","6012","na","3796","na","1469","314","75","2510","14176",""
"SE10b.1","2022-23","Criminal court defendants","All ages","All people","Aboriginal and Torres Strait Islander people","All areas","Criminal court defendants with a finalised court outcome (excluding transfers and traffic offences)","Principal offence (ANZSOC 2023)","Sexual offences","","","Number","","","ABS (unpublished) Criminal Courts Australia","no.","349","na","278","na","107","19","9","77","839",""
"SE10b.1","2022-23","Criminal court defendants","All ages","All people","Aboriginal and Torres Strait Islander people","All areas","Criminal court defendants with a finalised court outcome (excluding transfers and traffic offences)","Principal offence (ANZSOC 2023)","Harm or endanger persons","","","Number","","","ABS (unpublished) Criminal Courts Australia","no.","2552","na","376","na","66","5","8","173","3180",""
"SE10b.1","2022-23","Criminal court defendants","All ages","All people","Aboriginal and Torres Strait Islander people","All areas","Criminal court defendants with a finalised court outcome (excluding transfers and traffic offences)","Principal offence (ANZSOC 2023)","Robbery; blackmail; and extortion","","","Number","","","ABS (unpublished) Criminal Courts Australia","no.","199","na","242","na","75","12","4","62","594",""
"SE10b.1","2022-23","Criminal court defendants","All ages","All people","Aboriginal and Torres Strait Islander people","All areas","Criminal court defendants with a finalised court outcome (excluding transfers and traffic offences)","Principal offence (ANZSOC 2023)","Burglary","","","Number","","","ABS (unpublished) Criminal Courts Australia","no.","841","na","1159","na","309","31","15","293","2648",""
"SE10b.1","2022-23","Criminal court defendants","All ages","All people","Aboriginal and Torres Strait Islander people","All areas","Criminal court defendants with a finalised court outcome (excluding transfers and traffic offences)","Principal offence (ANZSOC 2023)","Theft","","","Number","","","ABS (unpublished) Criminal Courts Australia","no.","2455","na","2293","na","656","128","51","231","5814",""
"SE10b.1","2022-23","Criminal court defendants","All ages","All people","Aboriginal and Torres Strait Islander people","All areas","Criminal court defendants with a finalised court outcome (excluding transfers and traffic offences)","Principal offence (ANZSOC 2023)","Fraud and related offences","","","Number","","","ABS (unpublished) Criminal Courts Australia","no.","483","na","330","na","31","32","3","35","914",""
"SE10b.1","2022-23","Criminal court defendants","All ages","All people","Aboriginal and Torres Strait Islander people","All areas","Criminal court defendants with a finalised court outcome (excluding transfers and traffic offences)","Principal offence (ANZSOC 2023)","Drug offences","","","Number","","","ABS (unpublished) Criminal Courts Australia","no.","1701","na","1946","na","214","70","3","163","4097",""
"SE10b.1","2022-23","Criminal court defendants","All ages","All people","Aboriginal and Torres Strait Islander people","All areas","Criminal court defendants with a finalised court outcome (excluding transfers and traffic offences)","Principal offence (ANZSOC 2023)","Weapons and explosives offences","","","Number","","","ABS (unpublished) Criminal Courts Australia","no.","813","na","424","na","253","62","13","226","1791",""
"SE10b.1","2022-23","Criminal court defendants","All ages","All people","Aboriginal and Torres Strait Islander people","All areas","Criminal court defendants with a finalised court outcome (excluding transfers and traffic offences)","Principal offence (ANZSOC 2023)","Property damage","","","Number","","","ABS (unpublished) Criminal Courts Australia","no.","1119","na","894","na","291","77","22","238","2641",""
"SE10b.1","2022-23","Criminal court defendants","All ages","All people","Aboriginal and Torres Strait Islander people","All areas","Criminal court defendants with a finalised court outcome (excluding transfers and traffic offences)","Principal offence (ANZSOC 2023)","Public order; health; and safety offences","","","Number","","","ABS (unpublished) Criminal Courts Australia","no.","1128","na","2296","na","424","76","12","209","4145",""
"SE10b.1","2022-23","Criminal court defendants","All ages","All people","Aboriginal and Torres Strait Islander people","All areas","Criminal court defendants with a finalised court outcome (excluding transfers and traffic offences)","Principal offence (ANZSOC 2023)","Offences against justice procedures and orders","","","Number","","","ABS (unpublished) Criminal Courts Australia","no.","2577","na","5377","na","510","190","22","1093","9769",""
"SE10b.1","2022-23","Criminal court defendants","All ages","All people","Aboriginal and Torres Strait Islander people","All areas","Criminal court defendants with a finalised court outcome (excluding transfers and traffic offences)","Principal offence (ANZSOC 2023)","Offences against government","","","Number","","","ABS (unpublished) Criminal Courts Australia","no.","9","na","31","na","14","3","0","4","61",""
"SE10b.1","2022-23","Criminal court defendants","All ages","All people","Aboriginal and Torres Strait Islander people","All areas","Criminal court defendants with a finalised court outcome (excluding transfers and traffic offences)","Principal offence (ANZSOC 2023)","Environmental offences","","","Number","","","ABS (unpublished) Criminal Courts Australia","no.","17","na","15","na","17","3","0","4","56",""
"SE10b.1","2022-23","Criminal court defendants","All ages","All people","Aboriginal and Torres Strait Islander people","All areas","Criminal court defendants with a finalised court outcome (excluding transfers and traffic offences)","Principal offence (ANZSOC 2023)","Miscellaneous offences","","","Number","","","ABS (unpublished) Criminal Courts Australia","no.","12","na","4","na","3","0","0","0","19",""
"SE10b.1","2022-23","Criminal court defendants","All ages","All people","Aboriginal and Torres Strait Islander people","All areas","Criminal court defendants with a finalised court outcome (excluding transfers and traffic offences)","Principal offence (ANZSOC 2023)","Total finalised (excluding transfer to other court levels)","","","Number","","","ABS (unpublished) Criminal Courts Australia","no.","20289","na","19474","na","4442","1015","246","5325","50791",""
"SE10b.1","2022-23","Criminal court defendants","All ages","All people","Non-Indigenous people","All areas","Criminal court defendants with a finalised court outcome (excluding transfers and traffic offences)","Principal offence (ANZSOC 2023)","Homicide","","","Number","","","ABS (unpublished) Criminal Courts Australia","no.","117","na","97","na","39","9","na","3","265",""
"SE10b.1","2022-23","Criminal court defendants","All ages","All people","Non-Indigenous people","All areas","Criminal court defendants with a finalised court outcome (excluding transfers and traffic offences)","Principal offence (ANZSOC 2023)","Assault","","","Number","","","ABS (unpublished) Criminal Courts Australia","no.","19341","na","6686","na","2850","1105","na","216","30198",""
"SE10b.1","2022-23","Criminal court defendants","All ages","All people","Non-Indigenous people","All areas","Criminal court defendants with a finalised court outcome (excluding transfers and traffic offences)","Principal offence (ANZSOC 2023)","Sexual offences","","","Number","","","ABS (unpublished) Criminal Courts Australia","no.","2122","na","1577","na","622","110","na","32","4463",""
"SE10b.1","2022-23","Criminal court defendants","All ages","All people","Non-Indigenous people","All areas","Criminal court defendants with a finalised court outcome (excluding transfers and traffic offences)","Principal offence (ANZSOC 2023)","Harm or endanger persons","","","Number","","","ABS (unpublished) Criminal Courts Australia","no.","6825","na","1360","na","199","16","na","25","8425",""
"SE10b.1","2022-23","Criminal court defendants","All ages","All people","Non-Indigenous people","All areas","Criminal court defendants with a finalised court outcome (excluding transfers and traffic offences)","Principal offence (ANZSOC 2023)","Robbery; blackmail; and extortion","","","Number","","","ABS (unpublished) Criminal Courts Australia","no.","286","na","428","na","98","31","na","7","850",""
"SE10b.1","2022-23","Criminal court defendants","All ages","All people","Non-Indigenous people","All areas","Criminal court defendants with a finalised court outcome (excluding transfers and traffic offences)","Principal offence (ANZSOC 2023)","Burglary","","","Number","","","ABS (unpublished) Criminal Courts Australia","no.","1096","na","1977","na","519","132","na","10","3734",""
"SE10b.1","2022-23","Criminal court defendants","All ages","All people","Non-Indigenous people","All areas","Criminal court defendants with a finalised court outcome (excluding transfers and traffic offences)","Principal offence (ANZSOC 2023)","Theft","","","Number","","","ABS (unpublished) Criminal Courts Australia","no.","6455","na","7673","na","1195","446","na","29","15798",""
"SE10b.1","2022-23","Criminal court defendants","All ages","All people","Non-Indigenous people","All areas","Criminal court defendants with a finalised court outcome (excluding transfers and traffic offences)","Principal offence (ANZSOC 2023)","Fraud and related offences","","","Number","","","ABS (unpublished) Criminal Courts Australia","no.","1782","na","1853","na","259","108","na","25","4027",""
"SE10b.1","2022-23","Criminal court defendants","All ages","All people","Non-Indigenous people","All areas","Criminal court defendants with a finalised court outcome (excluding transfers and traffic offences)","Principal offence (ANZSOC 2023)","Drug offences","","","Number","","","ABS (unpublished) Criminal Courts Australia","no.","11131","na","11702","na","1432","312","na","140","24717",""
"SE10b.1","2022-23","Criminal court defendants","All ages","All people","Non-Indigenous people","All areas","Criminal court defendants with a finalised court outcome (excluding transfers and traffic offences)","Principal offence (ANZSOC 2023)","Weapons and explosives offences","","","Number","","","ABS (unpublished) Criminal Courts Australia","no.","2887","na","2490","na","899","201","na","49","6526",""
"SE10b.1","2022-23","Criminal court defendants","All ages","All people","Non-Indigenous people","All areas","Criminal court defendants with a finalised court outcome (excluding transfers and traffic offences)","Principal offence (ANZSOC 2023)","Property damage","","","Number","","","ABS (unpublished) Criminal Courts Australia","no.","3584","na","2121","na","637","209","na","34","6585",""
"SE10b.1","2022-23","Criminal court defendants","All ages","All people","Non-Indigenous people","All areas","Criminal court defendants with a finalised court outcome (excluding transfers and traffic offences)","Principal offence (ANZSOC 2023)","Public order; health; and safety offences","","","Number","","","ABS (unpublished) Criminal Courts Australia","no.","3668","na","3845","na","700","268","na","73","8554",""
"SE10b.1","2022-23","Criminal court defendants","All ages","All people","Non-Indigenous people","All areas","Criminal court defendants with a finalised court outcome (excluding transfers and traffic offences)","Principal offence (ANZSOC 2023)","Offences against justice procedures and orders","","","Number","","","ABS (unpublished) Criminal Courts Australia","no.","6114","na","13649","na","1199","571","na","80","21613",""
"SE10b.1","2022-23","Criminal court defendants","All ages","All people","Non-Indigenous people","All areas","Criminal court defendants with a finalised court outcome (excluding transfers and traffic offences)","Principal offence (ANZSOC 2023)","Offences against government","","","Number","","","ABS (unpublished) Criminal Courts Australia","no.","61","na","140","na","101","12","na","7","321",""
"SE10b.1","2022-23","Criminal court defendants","All ages","All people","Non-Indigenous people","All areas","Criminal court defendants with a finalised court outcome (excluding transfers and traffic offences)","Principal offence (ANZSOC 2023)","Environmental offences","","","Number","","","ABS (unpublished) Criminal Courts Australia","no.","69","na","58","na","23","11","na","8","169",""
"SE10b.1","2022-23","Criminal court defendants","All ages","All people","Non-Indigenous people","All areas","Criminal court defendants with a finalised court outcome (excluding transfers and traffic offences)","Principal offence (ANZSOC 2023)","Miscellaneous offences","","","Number","","","ABS (unpublished) Criminal Courts Australia","no.","91","na","26","na","83","3","na","7","210",""
"SE10b.1","2022-23","Criminal court defendants","All ages","All people","Non-Indigenous people","All areas","Criminal court defendants with a finalised court outcome (excluding transfers and traffic offences)","Principal offence (ANZSOC 2023)","Total finalised (excluding transfer to other court levels)","","","Number","","","ABS (unpublished) Criminal Courts Australia","no.","65631","na","55684","na","10845","3535","na","744","136439",""
"SE10b.1","2021-22","Criminal court defendants","All ages","All people","Aboriginal and Torres Strait Islander people","All areas","Criminal court defendants with a finalised court outcome (excluding transfers and traffic offences)","Principal offence (ANZSOC 2023)","Homicide","","","Number","","","ABS (unpublished) Criminal Courts Australia","no.","30","na","34","na","7","0","0","8","79",""
"SE10b.1","2021-22","Criminal court defendants","All ages","All people","Aboriginal and Torres Strait Islander people","All areas","Criminal court defendants with a finalised court outcome (excluding transfers and traffic offences)","Principal offence (ANZSOC 2023)","Assault","","","Number","","","ABS (unpublished) Criminal Courts Australia","no.","4362","na","3293","na","1524","313","99","2090","11681",""
"SE10b.1","2021-22","Criminal court defendants","All ages","All people","Aboriginal and Torres Strait Islander people","All areas","Criminal court defendants with a finalised court outcome (excluding transfers and traffic offences)","Principal offence (ANZSOC 2023)","Sexual offences","","","Number","","","ABS (unpublished) Criminal Courts Australia","no.","249","na","270","na","89","26","0","78","712",""
"SE10b.1","2021-22","Criminal court defendants","All ages","All people","Aboriginal and Torres Strait Islander people","All areas","Criminal court defendants with a finalised court outcome (excluding transfers and traffic offences)","Principal offence (ANZSOC 2023)","Harm or endanger persons","","","Number","","","ABS (unpublished) Criminal Courts Australia","no.","1837","na","296","na","58","8","7","119","2325",""
"SE10b.1","2021-22","Criminal court defendants","All ages","All people","Aboriginal and Torres Strait Islander people","All areas","Criminal court defendants with a finalised court outcome (excluding transfers and traffic offences)","Principal offence (ANZSOC 2023)","Robbery; blackmail; and extortion","","","Number","","","ABS (unpublished) Criminal Courts Australia","no.","152","na","172","na","69","12","14","55","474",""
"SE10b.1","2021-22","Criminal court defendants","All ages","All people","Aboriginal and Torres Strait Islander people","All areas","Criminal court defendants with a finalised court outcome (excluding transfers and traffic offences)","Principal offence (ANZSOC 2023)","Burglary","","","Number","","","ABS (unpublished) Criminal Courts Australia","no.","662","na","893","na","305","52","16","271","2199",""
"SE10b.1","2021-22","Criminal court defendants","All ages","All people","Aboriginal and Torres Strait Islander people","All areas","Criminal court defendants with a finalised court outcome (excluding transfers and traffic offences)","Principal offence (ANZSOC 2023)","Theft","","","Number","","","ABS (unpublished) Criminal Courts Australia","no.","1565","na","1941","na","593","114","54","147","4414",""
"SE10b.1","2021-22","Criminal court defendants","All ages","All people","Aboriginal and Torres Strait Islander people","All areas","Criminal court defendants with a finalised court outcome (excluding transfers and traffic offences)","Principal offence (ANZSOC 2023)","Fraud and related offences","","","Number","","","ABS (unpublished) Criminal Courts Australia","no.","334","na","335","na","28","42","14","36","789",""
"SE10b.1","2021-22","Criminal court defendants","All ages","All people","Aboriginal and Torres Strait Islander people","All areas","Criminal court defendants with a finalised court outcome (excluding transfers and traffic offences)","Principal offence (ANZSOC 2023)","Drug offences","","","Number","","","ABS (unpublished) Criminal Courts Australia","no.","1302","na","2129","na","217","92","5","138","3883",""
"SE10b.1","2021-22","Criminal court defendants","All ages","All people","Aboriginal and Torres Strait Islander people","All areas","Criminal court defendants with a finalised court outcome (excluding transfers and traffic offences)","Principal offence (ANZSOC 2023)","Weapons and explosives offences","","","Number","","","ABS (unpublished) Criminal Courts Australia","no.","585","na","400","na","230","58","5","148","1426",""
"SE10b.1","2021-22","Criminal court defendants","All ages","All people","Aboriginal and Torres Strait Islander people","All areas","Criminal court defendants with a finalised court outcome (excluding transfers and traffic offences)","Principal offence (ANZSOC 2023)","Property damage","","","Number","","","ABS (unpublished) Criminal Courts Australia","no.","917","na","888","na","274","79","25","228","2411",""
"SE10b.1","2021-22","Criminal court defendants","All ages","All people","Aboriginal and Torres Strait Islander people","All areas","Criminal court defendants with a finalised court outcome (excluding transfers and traffic offences)","Principal offence (ANZSOC 2023)","Public order; health; and safety offences","","","Number","","","ABS (unpublished) Criminal Courts Australia","no.","1161","na","2455","na","412","100","10","187","4325",""
"SE10b.1","2021-22","Criminal court defendants","All ages","All people","Aboriginal and Torres Strait Islander people","All areas","Criminal court defendants with a finalised court outcome (excluding transfers and traffic offences)","Principal offence (ANZSOC 2023)","Offences against justice procedures and orders","","","Number","","","ABS (unpublished) Criminal Courts Australia","no.","2095","na","4686","na","459","197","23","959","8419",""
"SE10b.1","2021-22","Criminal court defendants","All ages","All people","Aboriginal and Torres Strait Islander people","All areas","Criminal court defendants with a finalised court outcome (excluding transfers and traffic offences)","Principal offence (ANZSOC 2023)","Offences against government","","","Number","","","ABS (unpublished) Criminal Courts Australia","no.","0","na","37","na","13","4","53","6","113",""
"SE10b.1","2021-22","Criminal court defendants","All ages","All people","Aboriginal and Torres Strait Islander people","All areas","Criminal court defendants with a finalised court outcome (excluding transfers and traffic offences)","Principal offence (ANZSOC 2023)","Environmental offences","","","Number","","","ABS (unpublished) Criminal Courts Australia","no.","10","na","7","na","6","3","0","4","30",""
"SE10b.1","2021-22","Criminal court defendants","All ages","All people","Aboriginal and Torres Strait Islander people","All areas","Criminal court defendants with a finalised court outcome (excluding transfers and traffic offences)","Principal offence (ANZSOC 2023)","Miscellaneous offences","","","Number","","","ABS (unpublished) Criminal Courts Australia","no.","8","na","0","na","7","0","0","3","18",""
"SE10b.1","2021-22","Criminal court defendants","All ages","All people","Aboriginal and Torres Strait Islander people","All areas","Criminal court defendants with a finalised court outcome (excluding transfers and traffic offences)","Principal offence (ANZSOC 2023)","Total finalised (excluding transfer to other court levels)","","","Number","","","ABS (unpublished) Criminal Courts Australia","no.","15281","na","17836","na","4299","1100","330","4481","43327",""
"SE10b.1","2021-22","Criminal court defendants","All ages","All people","Non-Indigenous people","All areas","Criminal court defendants with a finalised court outcome (excluding transfers and traffic offences)","Principal offence (ANZSOC 2023)","Homicide","","","Number","","","ABS (unpublished) Criminal Courts Australia","no.","112","na","68","na","57","0","na","0","237",""
"SE10b.1","2021-22","Criminal court defendants","All ages","All people","Non-Indigenous people","All areas","Criminal court defendants with a finalised court outcome (excluding transfers and traffic offences)","Principal offence (ANZSOC 2023)","Assault","","","Number","","","ABS (unpublished) Criminal Courts Australia","no.","14586","na","6364","na","3033","1161","na","216","25360",""
"SE10b.1","2021-22","Criminal court defendants","All ages","All people","Non-Indigenous people","All areas","Criminal court defendants with a finalised court outcome (excluding transfers and traffic offences)","Principal offence (ANZSOC 2023)","Sexual offences","","","Number","","","ABS (unpublished) Criminal Courts Australia","no.","1647","na","1525","na","736","87","na","46","4041",""
"SE10b.1","2021-22","Criminal court defendants","All ages","All people","Non-Indigenous people","All areas","Criminal court defendants with a finalised court outcome (excluding transfers and traffic offences)","Principal offence (ANZSOC 2023)","Harm or endanger persons","","","Number","","","ABS (unpublished) Criminal Courts Australia","no.","5454","na","1212","na","208","10","na","34","6918",""
"SE10b.1","2021-22","Criminal court defendants","All ages","All people","Non-Indigenous people","All areas","Criminal court defendants with a finalised court outcome (excluding transfers and traffic offences)","Principal offence (ANZSOC 2023)","Robbery; blackmail; and extortion","","","Number","","","ABS (unpublished) Criminal Courts Australia","no.","346","na","421","na","111","28","na","3","909",""
"SE10b.1","2021-22","Criminal court defendants","All ages","All people","Non-Indigenous people","All areas","Criminal court defendants with a finalised court outcome (excluding transfers and traffic offences)","Principal offence (ANZSOC 2023)","Burglary","","","Number","","","ABS (unpublished) Criminal Courts Australia","no.","1158","na","2051","na","639","158","na","14","4020",""
"SE10b.1","2021-22","Criminal court defendants","All ages","All people","Non-Indigenous people","All areas","Criminal court defendants with a finalised court outcome (excluding transfers and traffic offences)","Principal offence (ANZSOC 2023)","Theft","","","Number","","","ABS (unpublished) Criminal Courts Australia","no.","4849","na","7441","na","1517","441","na","27","14275",""
"SE10b.1","2021-22","Criminal court defendants","All ages","All people","Non-Indigenous people","All areas","Criminal court defendants with a finalised court outcome (excluding transfers and traffic offences)","Principal offence (ANZSOC 2023)","Fraud and related offences","","","Number","","","ABS (unpublished) Criminal Courts Australia","no.","1460","na","1849","na","254","127","na","12","3702",""
"SE10b.1","2021-22","Criminal court defendants","All ages","All people","Non-Indigenous people","All areas","Criminal court defendants with a finalised court outcome (excluding transfers and traffic offences)","Principal offence (ANZSOC 2023)","Drug offences","","","Number","","","ABS (unpublished) Criminal Courts Australia","no.","9694","na","13208","na","1914","321","na","138","25275",""
"SE10b.1","2021-22","Criminal court defendants","All ages","All people","Non-Indigenous people","All areas","Criminal court defendants with a finalised court outcome (excluding transfers and traffic offences)","Principal offence (ANZSOC 2023)","Weapons and explosives offences","","","Number","","","ABS (unpublished) Criminal Courts Australia","no.","2698","na","2561","na","987","243","na","52","6541",""
"SE10b.1","2021-22","Criminal court defendants","All ages","All people","Non-Indigenous people","All areas","Criminal court defendants with a finalised court outcome (excluding transfers and traffic offences)","Principal offence (ANZSOC 2023)","Property damage","","","Number","","","ABS (unpublished) Criminal Courts Australia","no.","2912","na","2239","na","625","190","na","37","6003",""
"SE10b.1","2021-22","Criminal court defendants","All ages","All people","Non-Indigenous people","All areas","Criminal court defendants with a finalised court outcome (excluding transfers and traffic offences)","Principal offence (ANZSOC 2023)","Public order; health; and safety offences","","","Number","","","ABS (unpublished) Criminal Courts Australia","no.","4364","na","4171","na","727","307","na","53","9622",""
"SE10b.1","2021-22","Criminal court defendants","All ages","All people","Non-Indigenous people","All areas","Criminal court defendants with a finalised court outcome (excluding transfers and traffic offences)","Principal offence (ANZSOC 2023)","Offences against justice procedures and orders","","","Number","","","ABS (unpublished) Criminal Courts Australia","no.","5178","na","12199","na","1135","655","na","68","19235",""
"SE10b.1","2021-22","Criminal court defendants","All ages","All people","Non-Indigenous people","All areas","Criminal court defendants with a finalised court outcome (excluding transfers and traffic offences)","Principal offence (ANZSOC 2023)","Offences against government","","","Number","","","ABS (unpublished) Criminal Courts Australia","no.","45","na","220","na","153","11","na","13","442",""
"SE10b.1","2021-22","Criminal court defendants","All ages","All people","Non-Indigenous people","All areas","Criminal court defendants with a finalised court outcome (excluding transfers and traffic offences)","Principal offence (ANZSOC 2023)","Environmental offences","","","Number","","","ABS (unpublished) Criminal Courts Australia","no.","71","na","70","na","35","27","na","9","212",""
"SE10b.1","2021-22","Criminal court defendants","All ages","All people","Non-Indigenous people","All areas","Criminal court defendants with a finalised court outcome (excluding transfers and traffic offences)","Principal offence (ANZSOC 2023)","Miscellaneous offences","","","Number","","","ABS (unpublished) Criminal Courts Australia","no.","79","na","24","na","83","24","na","0","210",""
"SE10b.1","2021-22","Criminal court defendants","All ages","All people","Non-Indigenous people","All areas","Criminal court defendants with a finalised court outcome (excluding transfers and traffic offences)","Principal offence (ANZSOC 2023)","Total finalised (excluding transfer to other court levels)","","","Number","","","ABS (unpublished) Criminal Courts Australia","no.","54654","na","55636","na","12213","3793","na","724","127020",""
"SE10b.1","2020-21","Criminal court defendants","All ages","All people","Aboriginal and Torres Strait Islander people","All areas","Criminal court defendants with a finalised court outcome (excluding transfers and traffic offences)","Principal offence (ANZSOC 2023)","Homicide","","","Number","","","ABS (unpublished) Criminal Courts Australia","no.","19","na","24","na","13","na","na","4","na",""
"SE10b.1","2020-21","Criminal court defendants","All ages","All people","Aboriginal and Torres Strait Islander people","All areas","Criminal court defendants with a finalised court outcome (excluding transfers and traffic offences)","Principal offence (ANZSOC 2023)","Assault","","","Number","","","ABS (unpublished) Criminal Courts Australia","no.","4764","na","3182","na","1371","na","na","2207","na",""
"SE10b.1","2020-21","Criminal court defendants","All ages","All people","Aboriginal and Torres Strait Islander people","All areas","Criminal court defendants with a finalised court outcome (excluding transfers and traffic offences)","Principal offence (ANZSOC 2023)","Sexual offences","","","Number","","","ABS (unpublished) Criminal Courts Australia","no.","231","na","268","na","75","na","na","60","na",""
"SE10b.1","2020-21","Criminal court defendants","All ages","All people","Aboriginal and Torres Strait Islander people","All areas","Criminal court defendants with a finalised court outcome (excluding transfers and traffic offences)","Principal offence (ANZSOC 2023)","Harm or endanger persons","","","Number","","","ABS (unpublished) Criminal Courts Australia","no.","1774","na","287","na","48","na","na","97","na",""
"SE10b.1","2020-21","Criminal court defendants","All ages","All people","Aboriginal and Torres Strait Islander people","All areas","Criminal court defendants with a finalised court outcome (excluding transfers and traffic offences)","Principal offence (ANZSOC 2023)","Robbery; blackmail; and extortion","","","Number","","","ABS (unpublished) Criminal Courts Australia","no.","187","na","225","na","75","na","na","39","na",""
"SE10b.1","2020-21","Criminal court defendants","All ages","All people","Aboriginal and Torres Strait Islander people","All areas","Criminal court defendants with a finalised court outcome (excluding transfers and traffic offences)","Principal offence (ANZSOC 2023)","Burglary","","","Number","","","ABS (unpublished) Criminal Courts Australia","no.","662","na","893","na","304","na","na","227","na",""
"SE10b.1","2020-21","Criminal court defendants","All ages","All people","Aboriginal and Torres Strait Islander people","All areas","Criminal court defendants with a finalised court outcome (excluding transfers and traffic offences)","Principal offence (ANZSOC 2023)","Theft","","","Number","","","ABS (unpublished) Criminal Courts Australia","no.","1469","na","2066","na","629","na","na","182","na",""
"SE10b.1","2020-21","Criminal court defendants","All ages","All people","Aboriginal and Torres Strait Islander people","All areas","Criminal court defendants with a finalised court outcome (excluding transfers and traffic offences)","Principal offence (ANZSOC 2023)","Fraud and related offences","","","Number","","","ABS (unpublished) Criminal Courts Australia","no.","348","na","357","na","49","na","na","39","na",""
"SE10b.1","2020-21","Criminal court defendants","All ages","All people","Aboriginal and Torres Strait Islander people","All areas","Criminal court defendants with a finalised court outcome (excluding transfers and traffic offences)","Principal offence (ANZSOC 2023)","Drug offences","","","Number","","","ABS (unpublished) Criminal Courts Australia","no.","1484","na","3156","na","342","na","na","264","na",""
"SE10b.1","2020-21","Criminal court defendants","All ages","All people","Aboriginal and Torres Strait Islander people","All areas","Criminal court defendants with a finalised court outcome (excluding transfers and traffic offences)","Principal offence (ANZSOC 2023)","Weapons and explosives offences","","","Number","","","ABS (unpublished) Criminal Courts Australia","no.","670","na","614","na","292","na","na","226","na",""
"SE10b.1","2020-21","Criminal court defendants","All ages","All people","Aboriginal and Torres Strait Islander people","All areas","Criminal court defendants with a finalised court outcome (excluding transfers and traffic offences)","Principal offence (ANZSOC 2023)","Property damage","","","Number","","","ABS (unpublished) Criminal Courts Australia","no.","1046","na","944","na","299","na","na","266","na",""
"SE10b.1","2020-21","Criminal court defendants","All ages","All people","Aboriginal and Torres Strait Islander people","All areas","Criminal court defendants with a finalised court outcome (excluding transfers and traffic offences)","Principal offence (ANZSOC 2023)","Public order; health; and safety offences","","","Number","","","ABS (unpublished) Criminal Courts Australia","no.","841","na","3490","na","504","na","na","235","na",""
"SE10b.1","2020-21","Criminal court defendants","All ages","All people","Aboriginal and Torres Strait Islander people","All areas","Criminal court defendants with a finalised court outcome (excluding transfers and traffic offences)","Principal offence (ANZSOC 2023)","Offences against justice procedures and orders","","","Number","","","ABS (unpublished) Criminal Courts Australia","no.","1974","na","4444","na","536","na","na","1019","na",""
"SE10b.1","2020-21","Criminal court defendants","All ages","All people","Aboriginal and Torres Strait Islander people","All areas","Criminal court defendants with a finalised court outcome (excluding transfers and traffic offences)","Principal offence (ANZSOC 2023)","Offences against government","","","Number","","","ABS (unpublished) Criminal Courts Australia","no.","4","na","58","na","8","na","na","0","na",""
"SE10b.1","2020-21","Criminal court defendants","All ages","All people","Aboriginal and Torres Strait Islander people","All areas","Criminal court defendants with a finalised court outcome (excluding transfers and traffic offences)","Principal offence (ANZSOC 2023)","Environmental offences","","","Number","","","ABS (unpublished) Criminal Courts Australia","no.","15","na","20","na","5","na","na","20","na",""
"SE10b.1","2020-21","Criminal court defendants","All ages","All people","Aboriginal and Torres Strait Islander people","All areas","Criminal court defendants with a finalised court outcome (excluding transfers and traffic offences)","Principal offence (ANZSOC 2023)","Miscellaneous offences","","","Number","","","ABS (unpublished) Criminal Courts Australia","no.","11","na","3","na","11","na","na","3","na",""
"SE10b.1","2020-21","Criminal court defendants","All ages","All people","Aboriginal and Torres Strait Islander people","All areas","Criminal court defendants with a finalised court outcome (excluding transfers and traffic offences)","Principal offence (ANZSOC 2023)","Total finalised (excluding transfer to other court levels)","","","Number","","","ABS (unpublished) Criminal Courts Australia","no.","15504","na","20022","na","4555","na","na","4892","na",""
"SE10b.1","2020-21","Criminal court defendants","All ages","All people","Non-Indigenous people","All areas","Criminal court defendants with a finalised court outcome (excluding transfers and traffic offences)","Principal offence (ANZSOC 2023)","Homicide","","","Number","","","ABS (unpublished) Criminal Courts Australia","no.","123","na","58","na","41","na","na","3","na",""
"SE10b.1","2020-21","Criminal court defendants","All ages","All people","Non-Indigenous people","All areas","Criminal court defendants with a finalised court outcome (excluding transfers and traffic offences)","Principal offence (ANZSOC 2023)","Assault","","","Number","","","ABS (unpublished) Criminal Courts Australia","no.","16733","na","6392","na","2953","na","na","268","na",""
"SE10b.1","2020-21","Criminal court defendants","All ages","All people","Non-Indigenous people","All areas","Criminal court defendants with a finalised court outcome (excluding transfers and traffic offences)","Principal offence (ANZSOC 2023)","Sexual offences","","","Number","","","ABS (unpublished) Criminal Courts Australia","no.","1803","na","1537","na","620","na","na","41","na",""
"SE10b.1","2020-21","Criminal court defendants","All ages","All people","Non-Indigenous people","All areas","Criminal court defendants with a finalised court outcome (excluding transfers and traffic offences)","Principal offence (ANZSOC 2023)","Harm or endanger persons","","","Number","","","ABS (unpublished) Criminal Courts Australia","no.","5672","na","1231","na","192","na","na","30","na",""
"SE10b.1","2020-21","Criminal court defendants","All ages","All people","Non-Indigenous people","All areas","Criminal court defendants with a finalised court outcome (excluding transfers and traffic offences)","Principal offence (ANZSOC 2023)","Robbery; blackmail; and extortion","","","Number","","","ABS (unpublished) Criminal Courts Australia","no.","412","na","526","na","132","na","na","7","na",""
"SE10b.1","2020-21","Criminal court defendants","All ages","All people","Non-Indigenous people","All areas","Criminal court defendants with a finalised court outcome (excluding transfers and traffic offences)","Principal offence (ANZSOC 2023)","Burglary","","","Number","","","ABS (unpublished) Criminal Courts Australia","no.","1283","na","2295","na","685","na","na","18","na",""
"SE10b.1","2020-21","Criminal court defendants","All ages","All people","Non-Indigenous people","All areas","Criminal court defendants with a finalised court outcome (excluding transfers and traffic offences)","Principal offence (ANZSOC 2023)","Theft","","","Number","","","ABS (unpublished) Criminal Courts Australia","no.","5772","na","9207","na","1728","na","na","67","na",""
"SE10b.1","2020-21","Criminal court defendants","All ages","All people","Non-Indigenous people","All areas","Criminal court defendants with a finalised court outcome (excluding transfers and traffic offences)","Principal offence (ANZSOC 2023)","Fraud and related offences","","","Number","","","ABS (unpublished) Criminal Courts Australia","no.","1981","na","2405","na","244","na","na","34","na",""
"SE10b.1","2020-21","Criminal court defendants","All ages","All people","Non-Indigenous people","All areas","Criminal court defendants with a finalised court outcome (excluding transfers and traffic offences)","Principal offence (ANZSOC 2023)","Drug offences","","","Number","","","ABS (unpublished) Criminal Courts Australia","no.","11555","na","18608","na","2525","na","na","188","na",""
"SE10b.1","2020-21","Criminal court defendants","All ages","All people","Non-Indigenous people","All areas","Criminal court defendants with a finalised court outcome (excluding transfers and traffic offences)","Principal offence (ANZSOC 2023)","Weapons and explosives offences","","","Number","","","ABS (unpublished) Criminal Courts Australia","no.","3081","na","3614","na","1157","na","na","57","na",""
"SE10b.1","2020-21","Criminal court defendants","All ages","All people","Non-Indigenous people","All areas","Criminal court defendants with a finalised court outcome (excluding transfers and traffic offences)","Principal offence (ANZSOC 2023)","Property damage","","","Number","","","ABS (unpublished) Criminal Courts Australia","no.","3467","na","2598","na","714","na","na","45","na",""
"SE10b.1","2020-21","Criminal court defendants","All ages","All people","Non-Indigenous people","All areas","Criminal court defendants with a finalised court outcome (excluding transfers and traffic offences)","Principal offence (ANZSOC 2023)","Public order; health; and safety offences","","","Number","","","ABS (unpublished) Criminal Courts Australia","no.","3312","na","5123","na","870","na","na","62","na",""
"SE10b.1","2020-21","Criminal court defendants","All ages","All people","Non-Indigenous people","All areas","Criminal court defendants with a finalised court outcome (excluding transfers and traffic offences)","Principal offence (ANZSOC 2023)","Offences against justice procedures and orders","","","Number","","","ABS (unpublished) Criminal Courts Australia","no.","5543","na","12578","na","1254","na","na","101","na",""
"SE10b.1","2020-21","Criminal court defendants","All ages","All people","Non-Indigenous people","All areas","Criminal court defendants with a finalised court outcome (excluding transfers and traffic offences)","Principal offence (ANZSOC 2023)","Offences against government","","","Number","","","ABS (unpublished) Criminal Courts Australia","no.","39","na","276","na","92","na","na","4","na",""
"SE10b.1","2020-21","Criminal court defendants","All ages","All people","Non-Indigenous people","All areas","Criminal court defendants with a finalised court outcome (excluding transfers and traffic offences)","Principal offence (ANZSOC 2023)","Environmental offences","","","Number","","","ABS (unpublished) Criminal Courts Australia","no.","83","na","128","na","29","na","na","13","na",""
"SE10b.1","2020-21","Criminal court defendants","All ages","All people","Non-Indigenous people","All areas","Criminal court defendants with a finalised court outcome (excluding transfers and traffic offences)","Principal offence (ANZSOC 2023)","Miscellaneous offences","","","Number","","","ABS (unpublished) Criminal Courts Australia","no.","101","na","70","na","73","na","na","7","na",""
"SE10b.1","2020-21","Criminal court defendants","All ages","All people","Non-Indigenous people","All areas","Criminal court defendants with a finalised court outcome (excluding transfers and traffic offences)","Principal offence (ANZSOC 2023)","Total finalised (excluding transfer to other court levels)","","","Number","","","ABS (unpublished) Criminal Courts Australia","no.","60979","na","66652","na","13309","na","na","946","na",""
"SE10b.1","2019-20","Criminal court defendants","All ages","All people","Aboriginal and Torres Strait Islander people","All areas","Criminal court defendants with a finalised court outcome (excluding transfers and traffic offences)","Principal offence (ANZSOC 2023)","Homicide","","","Number","","","ABS (unpublished) Criminal Courts Australia","no.","9","na","15","na","4","na","na","7","na",""
"SE10b.1","2019-20","Criminal court defendants","All ages","All people","Aboriginal and Torres Strait Islander people","All areas","Criminal court defendants with a finalised court outcome (excluding transfers and traffic offences)","Principal offence (ANZSOC 2023)","Assault","","","Number","","","ABS (unpublished) Criminal Courts Australia","no.","3590","na","2325","na","1194","na","na","1761","na",""
"SE10b.1","2019-20","Criminal court defendants","All ages","All people","Aboriginal and Torres Strait Islander people","All areas","Criminal court defendants with a finalised court outcome (excluding transfers and traffic offences)","Principal offence (ANZSOC 2023)","Sexual offences","","","Number","","","ABS (unpublished) Criminal Courts Australia","no.","219","na","241","na","59","na","na","59","na",""
"SE10b.1","2019-20","Criminal court defendants","All ages","All people","Aboriginal and Torres Strait Islander people","All areas","Criminal court defendants with a finalised court outcome (excluding transfers and traffic offences)","Principal offence (ANZSOC 2023)","Harm or endanger persons","","","Number","","","ABS (unpublished) Criminal Courts Australia","no.","1298","na","191","na","29","na","na","82","na",""
"SE10b.1","2019-20","Criminal court defendants","All ages","All people","Aboriginal and Torres Strait Islander people","All areas","Criminal court defendants with a finalised court outcome (excluding transfers and traffic offences)","Principal offence (ANZSOC 2023)","Robbery; blackmail; and extortion","","","Number","","","ABS (unpublished) Criminal Courts Australia","no.","231","na","216","na","71","na","na","36","na",""
"SE10b.1","2019-20","Criminal court defendants","All ages","All people","Aboriginal and Torres Strait Islander people","All areas","Criminal court defendants with a finalised court outcome (excluding transfers and traffic offences)","Principal offence (ANZSOC 2023)","Burglary","","","Number","","","ABS (unpublished) Criminal Courts Australia","no.","655","na","979","na","277","na","na","262","na",""
"SE10b.1","2019-20","Criminal court defendants","All ages","All people","Aboriginal and Torres Strait Islander people","All areas","Criminal court defendants with a finalised court outcome (excluding transfers and traffic offences)","Principal offence (ANZSOC 2023)","Theft","","","Number","","","ABS (unpublished) Criminal Courts Australia","no.","1644","na","2138","na","566","na","na","185","na",""
"SE10b.1","2019-20","Criminal court defendants","All ages","All people","Aboriginal and Torres Strait Islander people","All areas","Criminal court defendants with a finalised court outcome (excluding transfers and traffic offences)","Principal offence (ANZSOC 2023)","Fraud and related offences","","","Number","","","ABS (unpublished) Criminal Courts Australia","no.","373","na","327","na","39","na","na","42","na",""
"SE10b.1","2019-20","Criminal court defendants","All ages","All people","Aboriginal and Torres Strait Islander people","All areas","Criminal court defendants with a finalised court outcome (excluding transfers and traffic offences)","Principal offence (ANZSOC 2023)","Drug offences","","","Number","","","ABS (unpublished) Criminal Courts Australia","no.","1277","na","2195","na","296","na","na","218","na",""
"SE10b.1","2019-20","Criminal court defendants","All ages","All people","Aboriginal and Torres Strait Islander people","All areas","Criminal court defendants with a finalised court outcome (excluding transfers and traffic offences)","Principal offence (ANZSOC 2023)","Weapons and explosives offences","","","Number","","","ABS (unpublished) Criminal Courts Australia","no.","556","na","400","na","255","na","na","215","na",""
"SE10b.1","2019-20","Criminal court defendants","All ages","All people","Aboriginal and Torres Strait Islander people","All areas","Criminal court defendants with a finalised court outcome (excluding transfers and traffic offences)","Principal offence (ANZSOC 2023)","Property damage","","","Number","","","ABS (unpublished) Criminal Courts Australia","no.","794","na","634","na","226","na","na","208","na",""
"SE10b.1","2019-20","Criminal court defendants","All ages","All people","Aboriginal and Torres Strait Islander people","All areas","Criminal court defendants with a finalised court outcome (excluding transfers and traffic offences)","Principal offence (ANZSOC 2023)","Public order; health; and safety offences","","","Number","","","ABS (unpublished) Criminal Courts Australia","no.","783","na","2460","na","445","na","na","181","na",""
"SE10b.1","2019-20","Criminal court defendants","All ages","All people","Aboriginal and Torres Strait Islander people","All areas","Criminal court defendants with a finalised court outcome (excluding transfers and traffic offences)","Principal offence (ANZSOC 2023)","Offences against justice procedures and orders","","","Number","","","ABS (unpublished) Criminal Courts Australia","no.","1544","na","3367","na","456","na","na","935","na",""
"SE10b.1","2019-20","Criminal court defendants","All ages","All people","Aboriginal and Torres Strait Islander people","All areas","Criminal court defendants with a finalised court outcome (excluding transfers and traffic offences)","Principal offence (ANZSOC 2023)","Offences against government","","","Number","","","ABS (unpublished) Criminal Courts Australia","no.","6","na","54","na","11","na","na","10","na",""
"SE10b.1","2019-20","Criminal court defendants","All ages","All people","Aboriginal and Torres Strait Islander people","All areas","Criminal court defendants with a finalised court outcome (excluding transfers and traffic offences)","Principal offence (ANZSOC 2023)","Environmental offences","","","Number","","","ABS (unpublished) Criminal Courts Australia","no.","6","na","10","na","14","na","na","3","na",""
"SE10b.1","2019-20","Criminal court defendants","All ages","All people","Aboriginal and Torres Strait Islander people","All areas","Criminal court defendants with a finalised court outcome (excluding transfers and traffic offences)","Principal offence (ANZSOC 2023)","Miscellaneous offences","","","Number","","","ABS (unpublished) Criminal Courts Australia","no.","3","na","0","na","4","na","na","0","na",""
"SE10b.1","2019-20","Criminal court defendants","All ages","All people","Aboriginal and Torres Strait Islander people","All areas","Criminal court defendants with a finalised court outcome (excluding transfers and traffic offences)","Principal offence (ANZSOC 2023)","Total finalised (excluding transfer to other court levels)","","","Number","","","ABS (unpublished) Criminal Courts Australia","no.","12990","na","15551","na","3945","na","na","4212","na",""
"SE10b.1","2019-20","Criminal court defendants","All ages","All people","Non-Indigenous people","All areas","Criminal court defendants with a finalised court outcome (excluding transfers and traffic offences)","Principal offence (ANZSOC 2023)","Homicide","","","Number","","","ABS (unpublished) Criminal Courts Australia","no.","126","na","85","na","28","na","na","6","na",""
"SE10b.1","2019-20","Criminal court defendants","All ages","All people","Non-Indigenous people","All areas","Criminal court defendants with a finalised court outcome (excluding transfers and traffic offences)","Principal offence (ANZSOC 2023)","Assault","","","Number","","","ABS (unpublished) Criminal Courts Australia","no.","13734","na","4892","na","2913","na","na","261","na",""
"SE10b.1","2019-20","Criminal court defendants","All ages","All people","Non-Indigenous people","All areas","Criminal court defendants with a finalised court outcome (excluding transfers and traffic offences)","Principal offence (ANZSOC 2023)","Sexual offences","","","Number","","","ABS (unpublished) Criminal Courts Australia","no.","1701","na","1335","na","520","na","na","36","na",""
"SE10b.1","2019-20","Criminal court defendants","All ages","All people","Non-Indigenous people","All areas","Criminal court defendants with a finalised court outcome (excluding transfers and traffic offences)","Principal offence (ANZSOC 2023)","Harm or endanger persons","","","Number","","","ABS (unpublished) Criminal Courts Australia","no.","4272","na","923","na","141","na","na","33","na",""
"SE10b.1","2019-20","Criminal court defendants","All ages","All people","Non-Indigenous people","All areas","Criminal court defendants with a finalised court outcome (excluding transfers and traffic offences)","Principal offence (ANZSOC 2023)","Robbery; blackmail; and extortion","","","Number","","","ABS (unpublished) Criminal Courts Australia","no.","449","na","574","na","129","na","na","12","na",""
"SE10b.1","2019-20","Criminal court defendants","All ages","All people","Non-Indigenous people","All areas","Criminal court defendants with a finalised court outcome (excluding transfers and traffic offences)","Principal offence (ANZSOC 2023)","Burglary","","","Number","","","ABS (unpublished) Criminal Courts Australia","no.","1338","na","2223","na","733","na","na","22","na",""
"SE10b.1","2019-20","Criminal court defendants","All ages","All people","Non-Indigenous people","All areas","Criminal court defendants with a finalised court outcome (excluding transfers and traffic offences)","Principal offence (ANZSOC 2023)","Theft","","","Number","","","ABS (unpublished) Criminal Courts Australia","no.","5483","na","9292","na","1673","na","na","86","na",""
"SE10b.1","2019-20","Criminal court defendants","All ages","All people","Non-Indigenous people","All areas","Criminal court defendants with a finalised court outcome (excluding transfers and traffic offences)","Principal offence (ANZSOC 2023)","Fraud and related offences","","","Number","","","ABS (unpublished) Criminal Courts Australia","no.","1865","na","2278","na","252","na","na","30","na",""
"SE10b.1","2019-20","Criminal court defendants","All ages","All people","Non-Indigenous people","All areas","Criminal court defendants with a finalised court outcome (excluding transfers and traffic offences)","Principal offence (ANZSOC 2023)","Drug offences","","","Number","","","ABS (unpublished) Criminal Courts Australia","no.","10246","na","15307","na","2272","na","na","217","na",""
"SE10b.1","2019-20","Criminal court defendants","All ages","All people","Non-Indigenous people","All areas","Criminal court defendants with a finalised court outcome (excluding transfers and traffic offences)","Principal offence (ANZSOC 2023)","Weapons and explosives offences","","","Number","","","ABS (unpublished) Criminal Courts Australia","no.","2642","na","2879","na","1074","na","na","74","na",""
"SE10b.1","2019-20","Criminal court defendants","All ages","All people","Non-Indigenous people","All areas","Criminal court defendants with a finalised court outcome (excluding transfers and traffic offences)","Principal offence (ANZSOC 2023)","Property damage","","","Number","","","ABS (unpublished) Criminal Courts Australia","no.","2962","na","1770","na","571","na","na","47","na",""
"SE10b.1","2019-20","Criminal court defendants","All ages","All people","Non-Indigenous people","All areas","Criminal court defendants with a finalised court outcome (excluding transfers and traffic offences)","Principal offence (ANZSOC 2023)","Public order; health; and safety offences","","","Number","","","ABS (unpublished) Criminal Courts Australia","no.","3013","na","4309","na","751","na","na","53","na",""
"SE10b.1","2019-20","Criminal court defendants","All ages","All people","Non-Indigenous people","All areas","Criminal court defendants with a finalised court outcome (excluding transfers and traffic offences)","Principal offence (ANZSOC 2023)","Offences against justice procedures and orders","","","Number","","","ABS (unpublished) Criminal Courts Australia","no.","4575","na","9445","na","1136","na","na","120","na",""
"SE10b.1","2019-20","Criminal court defendants","All ages","All people","Non-Indigenous people","All areas","Criminal court defendants with a finalised court outcome (excluding transfers and traffic offences)","Principal offence (ANZSOC 2023)","Offences against government","","","Number","","","ABS (unpublished) Criminal Courts Australia","no.","43","na","167","na","31","na","na","7","na",""
"SE10b.1","2019-20","Criminal court defendants","All ages","All people","Non-Indigenous people","All areas","Criminal court defendants with a finalised court outcome (excluding transfers and traffic offences)","Principal offence (ANZSOC 2023)","Environmental offences","","","Number","","","ABS (unpublished) Criminal Courts Australia","no.","63","na","140","na","37","na","na","13","na",""
"SE10b.1","2019-20","Criminal court defendants","All ages","All people","Non-Indigenous people","All areas","Criminal court defendants with a finalised court outcome (excluding transfers and traffic offences)","Principal offence (ANZSOC 2023)","Miscellaneous offences","","","Number","","","ABS (unpublished) Criminal Courts Australia","no.","62","na","42","na","67","na","na","19","na",""
"SE10b.1","2019-20","Criminal court defendants","All ages","All people","Non-Indigenous people","All areas","Criminal court defendants with a finalised court outcome (excluding transfers and traffic offences)","Principal offence (ANZSOC 2023)","Total finalised (excluding transfer to other court levels)","","","Number","","","ABS (unpublished) Criminal Courts Australia","no.","52587","na","55663","na","12333","na","na","1035","na",""
"SE10b.1","2018-19","Criminal court defendants","All ages","All people","Aboriginal and Torres Strait Islander people","All areas","Criminal court defendants with a finalised court outcome (excluding transfers and traffic offences)","Principal offence (ANZSOC 2023)","Homicide","","","Number","","","ABS (unpublished) Criminal Courts Australia","no.","20","na","16","na","7","na","na","3","na",""
"SE10b.1","2018-19","Criminal court defendants","All ages","All people","Aboriginal and Torres Strait Islander people","All areas","Criminal court defendants with a finalised court outcome (excluding transfers and traffic offences)","Principal offence (ANZSOC 2023)","Assault","","","Number","","","ABS (unpublished) Criminal Courts Australia","no.","3896","na","2620","na","1271","na","na","1935","na",""
"SE10b.1","2018-19","Criminal court defendants","All ages","All people","Aboriginal and Torres Strait Islander people","All areas","Criminal court defendants with a finalised court outcome (excluding transfers and traffic offences)","Principal offence (ANZSOC 2023)","Sexual offences","","","Number","","","ABS (unpublished) Criminal Courts Australia","no.","249","na","221","na","62","na","na","62","na",""
"SE10b.1","2018-19","Criminal court defendants","All ages","All people","Aboriginal and Torres Strait Islander people","All areas","Criminal court defendants with a finalised court outcome (excluding transfers and traffic offences)","Principal offence (ANZSOC 2023)","Harm or endanger persons","","","Number","","","ABS (unpublished) Criminal Courts Australia","no.","1220","na","214","na","34","na","na","109","na",""
"SE10b.1","2018-19","Criminal court defendants","All ages","All people","Aboriginal and Torres Strait Islander people","All areas","Criminal court defendants with a finalised court outcome (excluding transfers and traffic offences)","Principal offence (ANZSOC 2023)","Robbery; blackmail; and extortion","","","Number","","","ABS (unpublished) Criminal Courts Australia","no.","162","na","187","na","60","na","na","29","na",""
"SE10b.1","2018-19","Criminal court defendants","All ages","All people","Aboriginal and Torres Strait Islander people","All areas","Criminal court defendants with a finalised court outcome (excluding transfers and traffic offences)","Principal offence (ANZSOC 2023)","Burglary","","","Number","","","ABS (unpublished) Criminal Courts Australia","no.","729","na","1040","na","279","na","na","310","na",""
"SE10b.1","2018-19","Criminal court defendants","All ages","All people","Aboriginal and Torres Strait Islander people","All areas","Criminal court defendants with a finalised court outcome (excluding transfers and traffic offences)","Principal offence (ANZSOC 2023)","Theft","","","Number","","","ABS (unpublished) Criminal Courts Australia","no.","1632","na","2484","na","560","na","na","272","na",""
"SE10b.1","2018-19","Criminal court defendants","All ages","All people","Aboriginal and Torres Strait Islander people","All areas","Criminal court defendants with a finalised court outcome (excluding transfers and traffic offences)","Principal offence (ANZSOC 2023)","Fraud and related offences","","","Number","","","ABS (unpublished) Criminal Courts Australia","no.","340","na","403","na","33","na","na","53","na",""
"SE10b.1","2018-19","Criminal court defendants","All ages","All people","Aboriginal and Torres Strait Islander people","All areas","Criminal court defendants with a finalised court outcome (excluding transfers and traffic offences)","Principal offence (ANZSOC 2023)","Drug offences","","","Number","","","ABS (unpublished) Criminal Courts Australia","no.","1259","na","2694","na","202","na","na","307","na",""
"SE10b.1","2018-19","Criminal court defendants","All ages","All people","Aboriginal and Torres Strait Islander people","All areas","Criminal court defendants with a finalised court outcome (excluding transfers and traffic offences)","Principal offence (ANZSOC 2023)","Weapons and explosives offences","","","Number","","","ABS (unpublished) Criminal Courts Australia","no.","482","na","456","na","216","na","na","182","na",""
"SE10b.1","2018-19","Criminal court defendants","All ages","All people","Aboriginal and Torres Strait Islander people","All areas","Criminal court defendants with a finalised court outcome (excluding transfers and traffic offences)","Principal offence (ANZSOC 2023)","Property damage","","","Number","","","ABS (unpublished) Criminal Courts Australia","no.","850","na","901","na","228","na","na","267","na",""
"SE10b.1","2018-19","Criminal court defendants","All ages","All people","Aboriginal and Torres Strait Islander people","All areas","Criminal court defendants with a finalised court outcome (excluding transfers and traffic offences)","Principal offence (ANZSOC 2023)","Public order; health; and safety offences","","","Number","","","ABS (unpublished) Criminal Courts Australia","no.","902","na","3405","na","523","na","na","227","na",""
"SE10b.1","2018-19","Criminal court defendants","All ages","All people","Aboriginal and Torres Strait Islander people","All areas","Criminal court defendants with a finalised court outcome (excluding transfers and traffic offences)","Principal offence (ANZSOC 2023)","Offences against justice procedures and orders","","","Number","","","ABS (unpublished) Criminal Courts Australia","no.","1430","na","4066","na","443","na","na","1106","na",""
"SE10b.1","2018-19","Criminal court defendants","All ages","All people","Aboriginal and Torres Strait Islander people","All areas","Criminal court defendants with a finalised court outcome (excluding transfers and traffic offences)","Principal offence (ANZSOC 2023)","Offences against government","","","Number","","","ABS (unpublished) Criminal Courts Australia","no.","5","na","50","na","11","na","na","13","na",""
"SE10b.1","2018-19","Criminal court defendants","All ages","All people","Aboriginal and Torres Strait Islander people","All areas","Criminal court defendants with a finalised court outcome (excluding transfers and traffic offences)","Principal offence (ANZSOC 2023)","Environmental offences","","","Number","","","ABS (unpublished) Criminal Courts Australia","no.","8","na","20","na","6","na","na","3","na",""
"SE10b.1","2018-19","Criminal court defendants","All ages","All people","Aboriginal and Torres Strait Islander people","All areas","Criminal court defendants with a finalised court outcome (excluding transfers and traffic offences)","Principal offence (ANZSOC 2023)","Miscellaneous offences","","","Number","","","ABS (unpublished) Criminal Courts Australia","no.","3","na","0","na","3","na","na","0","na",""
"SE10b.1","2018-19","Criminal court defendants","All ages","All people","Aboriginal and Torres Strait Islander people","All areas","Criminal court defendants with a finalised court outcome (excluding transfers and traffic offences)","Principal offence (ANZSOC 2023)","Total finalised (excluding transfer to other court levels)","","","Number","","","ABS (unpublished) Criminal Courts Australia","no.","13178","na","18776","na","3943","na","na","4885","na",""
"SE10b.1","2018-19","Criminal court defendants","All ages","All people","Non-Indigenous people","All areas","Criminal court defendants with a finalised court outcome (excluding transfers and traffic offences)","Principal offence (ANZSOC 2023)","Homicide","","","Number","","","ABS (unpublished) Criminal Courts Australia","no.","132","na","103","na","46","na","na","5","na",""
"SE10b.1","2018-19","Criminal court defendants","All ages","All people","Non-Indigenous people","All areas","Criminal court defendants with a finalised court outcome (excluding transfers and traffic offences)","Principal offence (ANZSOC 2023)","Assault","","","Number","","","ABS (unpublished) Criminal Courts Australia","no.","15677","na","6009","na","3456","na","na","310","na",""
"SE10b.1","2018-19","Criminal court defendants","All ages","All people","Non-Indigenous people","All areas","Criminal court defendants with a finalised court outcome (excluding transfers and traffic offences)","Principal offence (ANZSOC 2023)","Sexual offences","","","Number","","","ABS (unpublished) Criminal Courts Australia","no.","1696","na","1495","na","634","na","na","39","na",""
"SE10b.1","2018-19","Criminal court defendants","All ages","All people","Non-Indigenous people","All areas","Criminal court defendants with a finalised court outcome (excluding transfers and traffic offences)","Principal offence (ANZSOC 2023)","Harm or endanger persons","","","Number","","","ABS (unpublished) Criminal Courts Australia","no.","4400","na","1080","na","211","na","na","32","na",""
"SE10b.1","2018-19","Criminal court defendants","All ages","All people","Non-Indigenous people","All areas","Criminal court defendants with a finalised court outcome (excluding transfers and traffic offences)","Principal offence (ANZSOC 2023)","Robbery; blackmail; and extortion","","","Number","","","ABS (unpublished) Criminal Courts Australia","no.","456","na","577","na","129","na","na","6","na",""
"SE10b.1","2018-19","Criminal court defendants","All ages","All people","Non-Indigenous people","All areas","Criminal court defendants with a finalised court outcome (excluding transfers and traffic offences)","Principal offence (ANZSOC 2023)","Burglary","","","Number","","","ABS (unpublished) Criminal Courts Australia","no.","1378","na","2442","na","729","na","na","44","na",""
"SE10b.1","2018-19","Criminal court defendants","All ages","All people","Non-Indigenous people","All areas","Criminal court defendants with a finalised court outcome (excluding transfers and traffic offences)","Principal offence (ANZSOC 2023)","Theft","","","Number","","","ABS (unpublished) Criminal Courts Australia","no.","5823","na","11696","na","2019","na","na","95","na",""
"SE10b.1","2018-19","Criminal court defendants","All ages","All people","Non-Indigenous people","All areas","Criminal court defendants with a finalised court outcome (excluding transfers and traffic offences)","Principal offence (ANZSOC 2023)","Fraud and related offences","","","Number","","","ABS (unpublished) Criminal Courts Australia","no.","2178","na","2825","na","362","na","na","38","na",""
"SE10b.1","2018-19","Criminal court defendants","All ages","All people","Non-Indigenous people","All areas","Criminal court defendants with a finalised court outcome (excluding transfers and traffic offences)","Principal offence (ANZSOC 2023)","Drug offences","","","Number","","","ABS (unpublished) Criminal Courts Australia","no.","12407","na","18564","na","2188","na","na","281","na",""
"SE10b.1","2018-19","Criminal court defendants","All ages","All people","Non-Indigenous people","All areas","Criminal court defendants with a finalised court outcome (excluding transfers and traffic offences)","Principal offence (ANZSOC 2023)","Weapons and explosives offences","","","Number","","","ABS (unpublished) Criminal Courts Australia","no.","2493","na","3539","na","1148","na","na","62","na",""
"SE10b.1","2018-19","Criminal court defendants","All ages","All people","Non-Indigenous people","All areas","Criminal court defendants with a finalised court outcome (excluding transfers and traffic offences)","Principal offence (ANZSOC 2023)","Property damage","","","Number","","","ABS (unpublished) Criminal Courts Australia","no.","3410","na","2220","na","725","na","na","52","na",""
"SE10b.1","2018-19","Criminal court defendants","All ages","All people","Non-Indigenous people","All areas","Criminal court defendants with a finalised court outcome (excluding transfers and traffic offences)","Principal offence (ANZSOC 2023)","Public order; health; and safety offences","","","Number","","","ABS (unpublished) Criminal Courts Australia","no.","3316","na","5856","na","993","na","na","62","na",""
"SE10b.1","2018-19","Criminal court defendants","All ages","All people","Non-Indigenous people","All areas","Criminal court defendants with a finalised court outcome (excluding transfers and traffic offences)","Principal offence (ANZSOC 2023)","Offences against justice procedures and orders","","","Number","","","ABS (unpublished) Criminal Courts Australia","no.","4671","na","12060","na","1368","na","na","151","na",""
"SE10b.1","2018-19","Criminal court defendants","All ages","All people","Non-Indigenous people","All areas","Criminal court defendants with a finalised court outcome (excluding transfers and traffic offences)","Principal offence (ANZSOC 2023)","Offences against government","","","Number","","","ABS (unpublished) Criminal Courts Australia","no.","45","na","220","na","46","na","na","13","na",""
"SE10b.1","2018-19","Criminal court defendants","All ages","All people","Non-Indigenous people","All areas","Criminal court defendants with a finalised court outcome (excluding transfers and traffic offences)","Principal offence (ANZSOC 2023)","Environmental offences","","","Number","","","ABS (unpublished) Criminal Courts Australia","no.","49","na","142","na","25","na","na","19","na",""
"SE10b.1","2018-19","Criminal court defendants","All ages","All people","Non-Indigenous people","All areas","Criminal court defendants with a finalised court outcome (excluding transfers and traffic offences)","Principal offence (ANZSOC 2023)","Miscellaneous offences","","","Number","","","ABS (unpublished) Criminal Courts Australia","no.","97","na","76","na","146","na","na","13","na",""
"SE10b.1","2018-19","Criminal court defendants","All ages","All people","Non-Indigenous people","All areas","Criminal court defendants with a finalised court outcome (excluding transfers and traffic offences)","Principal offence (ANZSOC 2023)","Total finalised (excluding transfer to other court levels)","","","Number","","","ABS (unpublished) Criminal Courts Australia","no.","58211","na","68899","na","14212","na","na","1225","na",""
"SE10b.2","2024-25","Criminal court defendants","All ages","All people","Aboriginal and Torres Strait Islander people","All areas","Criminal court defendants with a finalised court outcome","Method of finalisation","Adjudicated outcomes","","","Proportion","","","Derived from ABS (unpublished) Criminal Courts Australia","%","85.7","na","84.4","na","70.6","90.5","72.5","86.1","83.9",""
"SE10b.2","2024-25","Criminal court defendants","All ages","All people","Aboriginal and Torres Strait Islander people","All areas","Criminal court defendants with a finalised court outcome","Method of finalisation","Adjudicated outcomes","Acquitted","Acquitted","Proportion","","","Derived from ABS (unpublished) Criminal Courts Australia","%","5.6","na","1.1","na","1.9","19.0","12.1","2.1","3.7",""
"SE10b.2","2024-25","Criminal court defendants","All ages","All people","Aboriginal and Torres Strait Islander people","All areas","Criminal court defendants with a finalised court outcome","Method of finalisation","Adjudicated outcomes","Guilty outcome","","Proportion","","","Derived from ABS (unpublished) Criminal Courts Australia","%","80.1","na","83.2","na","68.7","71.8","60.1","84.0","80.2",""
"SE10b.2","2024-25","Criminal court defendants","All ages","All people","Aboriginal and Torres Strait Islander people","All areas","Criminal court defendants with a finalised court outcome","Method of finalisation","Adjudicated outcomes","Guilty outcome","Guilty plea by defendant","Proportion","","","Derived from ABS (unpublished) Criminal Courts Australia","%","59.7","na","75.2","na","63.1","63.5","55.3","79.3","67.8",""
"SE10b.2","2024-25","Criminal court defendants","All ages","All people","Aboriginal and Torres Strait Islander people","All areas","Criminal court defendants with a finalised court outcome","Method of finalisation","Adjudicated outcomes","Guilty outcome","Guilty finding by court","Proportion","","","Derived from ABS (unpublished) Criminal Courts Australia","%","11.6","na","0.9","na","0.4","3.6","2.1","0.9","5.3",""
"SE10b.2","2024-25","Criminal court defendants","All ages","All people","Aboriginal and Torres Strait Islander people","All areas","Criminal court defendants with a finalised court outcome","Method of finalisation","Adjudicated outcomes","Guilty outcome","Guilty ex-parte","Proportion","","","Derived from ABS (unpublished) Criminal Courts Australia","%","8.6","na","7.1","na","4.9","0.5","1.8","0.3","6.4",""
"SE10b.2","2024-25","Criminal court defendants","All ages","All people","Aboriginal and Torres Strait Islander people","All areas","Criminal court defendants with a finalised court outcome","Method of finalisation","Adjudicated outcomes","Guilty outcome","Agreement of wrongdoing","Proportion","","","Derived from ABS (unpublished) Criminal Courts Australia","%","0.1","na","0","na","0.4","0","na","0","0.1",""
"SE10b.2","2024-25","Criminal court defendants","All ages","All people","Aboriginal and Torres Strait Islander people","All areas","Criminal court defendants with a finalised court outcome","Method of finalisation","Transfer to other court levels","Transfer to other court levels","Transfer to other court levels","Proportion","","","Derived from ABS (unpublished) Criminal Courts Australia","%","3.8","na","6.7","na","3.8","8.7","12.7","4.2","5.0",""
"SE10b.2","2024-25","Criminal court defendants","All ages","All people","Aboriginal and Torres Strait Islander people","All areas","Criminal court defendants with a finalised court outcome","Method of finalisation","Withdrawn by prosecution","Withdrawn by prosecution","Withdrawn by prosecution","Proportion","","","Derived from ABS (unpublished) Criminal Courts Australia","%","10.2","na","8.5","na","25.3","0.3","13.9","9.3","10.8",""
"SE10b.2","2024-25","Criminal court defendants","All ages","All people","Non-Indigenous people","All areas","Criminal court defendants with a finalised court outcome","Method of finalisation","Adjudicated outcomes","","","Proportion","","","Derived from ABS (unpublished) Criminal Courts Australia","%","85.0","na","77.1","na","62.3","88.8","73.0","78.7","79.8",""
"SE10b.2","2024-25","Criminal court defendants","All ages","All people","Non-Indigenous people","All areas","Criminal court defendants with a finalised court outcome","Method of finalisation","Adjudicated outcomes","Acquitted","Acquitted","Proportion","","","Derived from ABS (unpublished) Criminal Courts Australia","%","7.6","na","1.7","na","2.5","18.5","17.1","3.4","5.3",""
"SE10b.2","2024-25","Criminal court defendants","All ages","All people","Non-Indigenous people","All areas","Criminal court defendants with a finalised court outcome","Method of finalisation","Adjudicated outcomes","Guilty outcome","","Proportion","","","Derived from ABS (unpublished) Criminal Courts Australia","%","77.4","na","75.4","na","59.7","70.3","55.6","75.2","74.4",""
"SE10b.2","2024-25","Criminal court defendants","All ages","All people","Non-Indigenous people","All areas","Criminal court defendants with a finalised court outcome","Method of finalisation","Adjudicated outcomes","Guilty outcome","Guilty plea by defendant","Proportion","","","Derived from ABS (unpublished) Criminal Courts Australia","%","57.3","na","69.0","na","55.6","61.3","50.6","68.6","61.7",""
"SE10b.2","2024-25","Criminal court defendants","All ages","All people","Non-Indigenous people","All areas","Criminal court defendants with a finalised court outcome","Method of finalisation","Adjudicated outcomes","Guilty outcome","Guilty finding by court","Proportion","","","Derived from ABS (unpublished) Criminal Courts Australia","%","8.1","na","1.2","na","0.8","4.3","2.9","2.0","4.6",""
"SE10b.2","2024-25","Criminal court defendants","All ages","All people","Non-Indigenous people","All areas","Criminal court defendants with a finalised court outcome","Method of finalisation","Adjudicated outcomes","Guilty outcome","Guilty ex-parte","Proportion","","","Derived from ABS (unpublished) Criminal Courts Australia","%","12.0","na","5.2","na","2.9","0.5","2.3","0.8","8.0",""
"SE10b.2","2024-25","Criminal court defendants","All ages","All people","Non-Indigenous people","All areas","Criminal court defendants with a finalised court outcome","Method of finalisation","Adjudicated outcomes","Guilty outcome","Agreement of wrongdoing","Proportion","","","Derived from ABS (unpublished) Criminal Courts Australia","%","0","na","0","na","0.4","0","na","0","0",""
"SE10b.2","2024-25","Criminal court defendants","All ages","All people","Non-Indigenous people","All areas","Criminal court defendants with a finalised court outcome","Method of finalisation","Transfer to other court levels","Transfer to other court levels","Transfer to other court levels","Proportion","","","Derived from ABS (unpublished) Criminal Courts Australia","%","3.9","na","10.2","na","6.9","10.1","12.6","10.3","6.9",""
"SE10b.2","2024-25","Criminal court defendants","All ages","All people","Non-Indigenous people","All areas","Criminal court defendants with a finalised court outcome","Method of finalisation","Withdrawn by prosecution","Withdrawn by prosecution","Withdrawn by prosecution","Proportion","","","Derived from ABS (unpublished) Criminal Courts Australia","%","10.9","na","12.4","na","30.4","0.5","13.1","10.9","13.0",""
"SE10b.2","2024-25","Criminal court defendants","All ages","All people","Aboriginal and Torres Strait Islander people","All areas","Criminal court defendants with a finalised court outcome","Method of finalisation","Adjudicated outcomes","","","Number","","","ABS (unpublished) Criminal Courts Australia","no.","20767","na","16653","na","4171","1369","240","6456","49656",""
"SE10b.2","2024-25","Criminal court defendants","All ages","All people","Aboriginal and Torres Strait Islander people","All areas","Criminal court defendants with a finalised court outcome","Method of finalisation","Adjudicated outcomes","Acquitted","","Number","","","ABS (unpublished) Criminal Courts Australia","no.","1365","na","226","na","113","287","40","156","2187",""
"SE10b.2","2024-25","Criminal court defendants","All ages","All people","Aboriginal and Torres Strait Islander people","All areas","Criminal court defendants with a finalised court outcome","Method of finalisation","Adjudicated outcomes","Guilty outcome","","Number","","","ABS (unpublished) Criminal Courts Australia","no.","19396","na","16429","na","4061","1085","199","6300","47470",""
"SE10b.2","2024-25","Criminal court defendants","All ages","All people","Aboriginal and Torres Strait Islander people","All areas","Criminal court defendants with a finalised court outcome","Method of finalisation","Adjudicated outcomes","Guilty outcome","Guilty plea by defendant","Number","","","ABS (unpublished) Criminal Courts Australia","no.","14469","na","14839","na","3725","960","183","5942","40118",""
"SE10b.2","2024-25","Criminal court defendants","All ages","All people","Aboriginal and Torres Strait Islander people","All areas","Criminal court defendants with a finalised court outcome","Method of finalisation","Adjudicated outcomes","Guilty outcome","Guilty finding by court","Number","","","ABS (unpublished) Criminal Courts Australia","no.","2819","na","186","na","24","54","7","70","3160",""
"SE10b.2","2024-25","Criminal court defendants","All ages","All people","Aboriginal and Torres Strait Islander people","All areas","Criminal court defendants with a finalised court outcome","Method of finalisation","Adjudicated outcomes","Guilty outcome","Guilty ex-parte","Number","","","ABS (unpublished) Criminal Courts Australia","no.","2073","na","1396","na","288","8","6","26","3797",""
"SE10b.2","2024-25","Criminal court defendants","All ages","All people","Aboriginal and Torres Strait Islander people","All areas","Criminal court defendants with a finalised court outcome","Method of finalisation","Adjudicated outcomes","Guilty outcome","Agreement of wrongdoing","Number","","","ABS (unpublished) Criminal Courts Australia","no.","29","na","0","na","26","0","na","0","55",""
"SE10b.2","2024-25","Criminal court defendants","All ages","All people","Aboriginal and Torres Strait Islander people","All areas","Criminal court defendants with a finalised court outcome","Method of finalisation","Transfer to other court levels","","","Number","","","ABS (unpublished) Criminal Courts Australia","no.","932","na","1323","na","226","131","42","315","2969",""
"SE10b.2","2024-25","Criminal court defendants","All ages","All people","Aboriginal and Torres Strait Islander people","All areas","Criminal court defendants with a finalised court outcome","Method of finalisation","Withdrawn by prosecution","","","Number","","","ABS (unpublished) Criminal Courts Australia","no.","2459","na","1675","na","1493","5","46","698","6376",""
"SE10b.2","2024-25","Criminal court defendants","All ages","All people","Non-Indigenous people","All areas","Criminal court defendants with a finalised court outcome","Method of finalisation","Adjudicated outcomes","","","Number","","","ABS (unpublished) Criminal Courts Australia","no.","56765","na","40852","na","8236","3845","1318","878","111894",""
"SE10b.2","2024-25","Criminal court defendants","All ages","All people","Non-Indigenous people","All areas","Criminal court defendants with a finalised court outcome","Method of finalisation","Adjudicated outcomes","Acquitted","","Number","","","ABS (unpublished) Criminal Courts Australia","no.","5106","na","897","na","337","800","309","38","7487",""
"SE10b.2","2024-25","Criminal court defendants","All ages","All people","Non-Indigenous people","All areas","Criminal court defendants with a finalised court outcome","Method of finalisation","Adjudicated outcomes","Guilty outcome","","Number","","","ABS (unpublished) Criminal Courts Australia","no.","51663","na","39953","na","7896","3042","1005","838","104397",""
"SE10b.2","2024-25","Criminal court defendants","All ages","All people","Non-Indigenous people","All areas","Criminal court defendants with a finalised court outcome","Method of finalisation","Adjudicated outcomes","Guilty outcome","Guilty plea by defendant","Number","","","ABS (unpublished) Criminal Courts Australia","no.","38229","na","36586","na","7354","2654","914","765","86502",""
"SE10b.2","2024-25","Criminal court defendants","All ages","All people","Non-Indigenous people","All areas","Criminal court defendants with a finalised court outcome","Method of finalisation","Adjudicated outcomes","Guilty outcome","Guilty finding by court","Number","","","ABS (unpublished) Criminal Courts Australia","no.","5397","na","632","na","108","185","53","22","6397",""
"SE10b.2","2024-25","Criminal court defendants","All ages","All people","Non-Indigenous people","All areas","Criminal court defendants with a finalised court outcome","Method of finalisation","Adjudicated outcomes","Guilty outcome","Guilty ex-parte","Number","","","ABS (unpublished) Criminal Courts Australia","no.","7985","na","2734","na","385","21","41","9","11175",""
"SE10b.2","2024-25","Criminal court defendants","All ages","All people","Non-Indigenous people","All areas","Criminal court defendants with a finalised court outcome","Method of finalisation","Adjudicated outcomes","Guilty outcome","Agreement of wrongdoing","Number","","","ABS (unpublished) Criminal Courts Australia","no.","23","na","0","na","47","0","na","0","70",""
"SE10b.2","2024-25","Criminal court defendants","All ages","All people","Non-Indigenous people","All areas","Criminal court defendants with a finalised court outcome","Method of finalisation","Transfer to other court levels","","","Number","","","ABS (unpublished) Criminal Courts Australia","no.","2596","na","5388","na","910","438","228","115","9675",""
"SE10b.2","2024-25","Criminal court defendants","All ages","All people","Non-Indigenous people","All areas","Criminal court defendants with a finalised court outcome","Method of finalisation","Withdrawn by prosecution","","","Number","","","ABS (unpublished) Criminal Courts Australia","no.","7250","na","6565","na","4025","20","237","121","18218",""
"SE10b.2","2024-25","Criminal court defendants","All ages","All people","Aboriginal and Torres Strait Islander people","All areas","Total number of criminal court defendants with a finalised court outcome","","","","","Number","","","ABS (unpublished) Criminal Courts Australia","no.","24223","na","19737","na","5908","1512","331","7496","59207",""
"SE10b.2","2024-25","Criminal court defendants","All ages","All people","Non-Indigenous people","All areas","Total number of criminal court defendants with a finalised court outcome","","","","","Number","","","ABS (unpublished) Criminal Courts Australia","no.","66770","na","53008","na","13220","4329","1806","1115","140248",""
"SE10b.2","2024-25","Criminal court defendants","All ages","All people","Indigenous status not stated","All areas","Total number of criminal court defendants with a finalised court outcome","","","","","Number","","","ABS (unpublished) Criminal Courts Australia","no.","6129","na","1417","na","687","1043","40","270","9586",""
"SE10b.2","2023-24","Criminal court defendants","All ages","All people","Aboriginal and Torres Strait Islander people","All areas","Criminal court defendants with a finalised court outcome","Method of finalisation","Adjudicated outcomes","","","Proportion","","","Derived from ABS (unpublished) Criminal Courts Australia","%","86.4","na","86.0","na","69.7","87.7","75.3","85.9","84.7",""
"SE10b.2","2023-24","Criminal court defendants","All ages","All people","Aboriginal and Torres Strait Islander people","All areas","Criminal court defendants with a finalised court outcome","Method of finalisation","Adjudicated outcomes","Acquitted","Acquitted","Proportion","","","Derived from ABS (unpublished) Criminal Courts Australia","%","6.4","na","0.8","na","1.2","19.9","13.2","2.2","3.8",""
"SE10b.2","2023-24","Criminal court defendants","All ages","All people","Aboriginal and Torres Strait Islander people","All areas","Criminal court defendants with a finalised court outcome","Method of finalisation","Adjudicated outcomes","Guilty outcome","","Proportion","","","Derived from ABS (unpublished) Criminal Courts Australia","%","80.0","na","85.2","na","68.5","68.4","62.0","83.6","80.9",""
"SE10b.2","2023-24","Criminal court defendants","All ages","All people","Aboriginal and Torres Strait Islander people","All areas","Criminal court defendants with a finalised court outcome","Method of finalisation","Adjudicated outcomes","Guilty outcome","Guilty plea by defendant","Proportion","","","Derived from ABS (unpublished) Criminal Courts Australia","%","58.3","na","76.6","na","62.3","61.0","58.0","77.3","67.6",""
"SE10b.2","2023-24","Criminal court defendants","All ages","All people","Aboriginal and Torres Strait Islander people","All areas","Criminal court defendants with a finalised court outcome","Method of finalisation","Adjudicated outcomes","Guilty outcome","Guilty finding by court","Proportion","","","Derived from ABS (unpublished) Criminal Courts Australia","%","11.4","na","0.9","na","0.6","5.0","1.4","1.2","5.2",""
"SE10b.2","2023-24","Criminal court defendants","All ages","All people","Aboriginal and Torres Strait Islander people","All areas","Criminal court defendants with a finalised court outcome","Method of finalisation","Adjudicated outcomes","Guilty outcome","Guilty ex-parte","Proportion","","","Derived from ABS (unpublished) Criminal Courts Australia","%","10.2","na","7.6","na","5.1","0.6","3.4","1.3","7.6",""
"SE10b.2","2023-24","Criminal court defendants","All ages","All people","Aboriginal and Torres Strait Islander people","All areas","Criminal court defendants with a finalised court outcome","Method of finalisation","Adjudicated outcomes","Guilty outcome","Agreement of wrongdoing","Proportion","","","Derived from ABS (unpublished) Criminal Courts Australia","%","0.1","na","0","na","0.6","0","na","na","0.1",""
"SE10b.2","2023-24","Criminal court defendants","All ages","All people","Aboriginal and Torres Strait Islander people","All areas","Criminal court defendants with a finalised court outcome","Method of finalisation","Transfer to other court levels","Transfer to other court levels","Transfer to other court levels","Proportion","","","Derived from ABS (unpublished) Criminal Courts Australia","%","4.3","na","6.2","na","4.1","11.6","10.5","5.5","5.4",""
"SE10b.2","2023-24","Criminal court defendants","All ages","All people","Aboriginal and Torres Strait Islander people","All areas","Criminal court defendants with a finalised court outcome","Method of finalisation","Withdrawn by prosecution","Withdrawn by prosecution","Withdrawn by prosecution","Proportion","","","Derived from ABS (unpublished) Criminal Courts Australia","%","9.0","na","7.5","na","25.7","0.3","15.3","8.4","9.7",""
"SE10b.2","2023-24","Criminal court defendants","All ages","All people","Non-Indigenous people","All areas","Criminal court defendants with a finalised court outcome","Method of finalisation","Adjudicated outcomes","","","Proportion","","","Derived from ABS (unpublished) Criminal Courts Australia","%","86.2","na","79.0","na","60.5","88.4","na","71.7","80.9",""
"SE10b.2","2023-24","Criminal court defendants","All ages","All people","Non-Indigenous people","All areas","Criminal court defendants with a finalised court outcome","Method of finalisation","Adjudicated outcomes","Acquitted","Acquitted","Proportion","","","Derived from ABS (unpublished) Criminal Courts Australia","%","8.0","na","1.4","na","2.6","20.0","na","3.0","5.1",""
"SE10b.2","2023-24","Criminal court defendants","All ages","All people","Non-Indigenous people","All areas","Criminal court defendants with a finalised court outcome","Method of finalisation","Adjudicated outcomes","Guilty outcome","","Proportion","","","Derived from ABS (unpublished) Criminal Courts Australia","%","78.3","na","77.5","na","58.0","68.4","na","69.0","75.9",""
"SE10b.2","2023-24","Criminal court defendants","All ages","All people","Non-Indigenous people","All areas","Criminal court defendants with a finalised court outcome","Method of finalisation","Adjudicated outcomes","Guilty outcome","Guilty plea by defendant","Proportion","","","Derived from ABS (unpublished) Criminal Courts Australia","%","57.6","na","70.6","na","54.5","62.0","na","60.6","63.0",""
"SE10b.2","2023-24","Criminal court defendants","All ages","All people","Non-Indigenous people","All areas","Criminal court defendants with a finalised court outcome","Method of finalisation","Adjudicated outcomes","Guilty outcome","Guilty finding by court","Proportion","","","Derived from ABS (unpublished) Criminal Courts Australia","%","8.6","na","1.1","na","1.1","4.3","na","3.2","4.6",""
"SE10b.2","2023-24","Criminal court defendants","All ages","All people","Non-Indigenous people","All areas","Criminal court defendants with a finalised court outcome","Method of finalisation","Adjudicated outcomes","Guilty outcome","Guilty ex-parte","Proportion","","","Derived from ABS (unpublished) Criminal Courts Australia","%","12.0","na","5.8","na","2.1","0.7","na","0.6","8.1",""
"SE10b.2","2023-24","Criminal court defendants","All ages","All people","Non-Indigenous people","All areas","Criminal court defendants with a finalised court outcome","Method of finalisation","Adjudicated outcomes","Guilty outcome","Agreement of wrongdoing","Proportion","","","Derived from ABS (unpublished) Criminal Courts Australia","%","0.1","na","0","na","0.2","0","na","na","0",""
"SE10b.2","2023-24","Criminal court defendants","All ages","All people","Non-Indigenous people","All areas","Criminal court defendants with a finalised court outcome","Method of finalisation","Transfer to other court levels","Transfer to other court levels","Transfer to other court levels","Proportion","","","Derived from ABS (unpublished) Criminal Courts Australia","%","3.9","na","8.8","na","7.8","10.6","na","14.3","6.6",""
"SE10b.2","2023-24","Criminal court defendants","All ages","All people","Non-Indigenous people","All areas","Criminal court defendants with a finalised court outcome","Method of finalisation","Withdrawn by prosecution","Withdrawn by prosecution","Withdrawn by prosecution","Proportion","","","Derived from ABS (unpublished) Criminal Courts Australia","%","9.6","na","11.9","na","31.1","0.5","na","13.2","12.2",""
"SE10b.2","2023-24","Criminal court defendants","All ages","All people","Aboriginal and Torres Strait Islander people","All areas","Criminal court defendants with a finalised court outcome","Method of finalisation","Adjudicated outcomes","","","Number","","","ABS (unpublished) Criminal Courts Australia","no.","19228","na","18048","na","3407","1197","222","4991","47093",""
"SE10b.2","2023-24","Criminal court defendants","All ages","All people","Aboriginal and Torres Strait Islander people","All areas","Criminal court defendants with a finalised court outcome","Method of finalisation","Adjudicated outcomes","Acquitted","","Number","","","ABS (unpublished) Criminal Courts Australia","no.","1431","na","177","na","59","271","39","125","2102",""
"SE10b.2","2023-24","Criminal court defendants","All ages","All people","Aboriginal and Torres Strait Islander people","All areas","Criminal court defendants with a finalised court outcome","Method of finalisation","Adjudicated outcomes","Guilty outcome","","Number","","","ABS (unpublished) Criminal Courts Australia","no.","17798","na","17872","na","3349","933","183","4858","44993",""
"SE10b.2","2023-24","Criminal court defendants","All ages","All people","Aboriginal and Torres Strait Islander people","All areas","Criminal court defendants with a finalised court outcome","Method of finalisation","Adjudicated outcomes","Guilty outcome","Guilty plea by defendant","Number","","","ABS (unpublished) Criminal Courts Australia","no.","12969","na","16075","na","3044","833","171","4496","37588",""
"SE10b.2","2023-24","Criminal court defendants","All ages","All people","Aboriginal and Torres Strait Islander people","All areas","Criminal court defendants with a finalised court outcome","Method of finalisation","Adjudicated outcomes","Guilty outcome","Guilty finding by court","Number","","","ABS (unpublished) Criminal Courts Australia","no.","2540","na","199","na","27","68","4","68","2906",""
"SE10b.2","2023-24","Criminal court defendants","All ages","All people","Aboriginal and Torres Strait Islander people","All areas","Criminal court defendants with a finalised court outcome","Method of finalisation","Adjudicated outcomes","Guilty outcome","Guilty ex-parte","Number","","","ABS (unpublished) Criminal Courts Australia","no.","2259","na","1597","na","251","8","10","76","4201",""
"SE10b.2","2023-24","Criminal court defendants","All ages","All people","Aboriginal and Torres Strait Islander people","All areas","Criminal court defendants with a finalised court outcome","Method of finalisation","Adjudicated outcomes","Guilty outcome","Agreement of wrongdoing","Number","","","ABS (unpublished) Criminal Courts Australia","no.","21","na","0","na","30","0","na","na","51",""
"SE10b.2","2023-24","Criminal court defendants","All ages","All people","Aboriginal and Torres Strait Islander people","All areas","Criminal court defendants with a finalised court outcome","Method of finalisation","Transfer to other court levels","","","Number","","","ABS (unpublished) Criminal Courts Australia","no.","961","na","1304","na","202","158","31","322","2978",""
"SE10b.2","2023-24","Criminal court defendants","All ages","All people","Aboriginal and Torres Strait Islander people","All areas","Criminal court defendants with a finalised court outcome","Method of finalisation","Withdrawn by prosecution","","","Number","","","ABS (unpublished) Criminal Courts Australia","no.","2001","na","1581","na","1257","4","45","490","5378",""
"SE10b.2","2023-24","Criminal court defendants","All ages","All people","Non-Indigenous people","All areas","Criminal court defendants with a finalised court outcome","Method of finalisation","Adjudicated outcomes","","","Number","","","ABS (unpublished) Criminal Courts Australia","no.","55507","na","47323","na","7339","3573","na","623","114365",""
"SE10b.2","2023-24","Criminal court defendants","All ages","All people","Non-Indigenous people","All areas","Criminal court defendants with a finalised court outcome","Method of finalisation","Adjudicated outcomes","Acquitted","","Number","","","ABS (unpublished) Criminal Courts Australia","no.","5143","na","863","na","310","809","na","26","7151",""
"SE10b.2","2023-24","Criminal court defendants","All ages","All people","Non-Indigenous people","All areas","Criminal court defendants with a finalised court outcome","Method of finalisation","Adjudicated outcomes","Guilty outcome","","Number","","","ABS (unpublished) Criminal Courts Australia","no.","50364","na","46458","na","7036","2764","na","600","107222",""
"SE10b.2","2023-24","Criminal court defendants","All ages","All people","Non-Indigenous people","All areas","Criminal court defendants with a finalised court outcome","Method of finalisation","Adjudicated outcomes","Guilty outcome","Guilty plea by defendant","Number","","","ABS (unpublished) Criminal Courts Australia","no.","37061","na","42297","na","6616","2506","na","527","89007",""
"SE10b.2","2023-24","Criminal court defendants","All ages","All people","Non-Indigenous people","All areas","Criminal court defendants with a finalised court outcome","Method of finalisation","Adjudicated outcomes","Guilty outcome","Guilty finding by court","Number","","","ABS (unpublished) Criminal Courts Australia","no.","5508","na","673","na","131","173","na","28","6513",""
"SE10b.2","2023-24","Criminal court defendants","All ages","All people","Non-Indigenous people","All areas","Criminal court defendants with a finalised court outcome","Method of finalisation","Adjudicated outcomes","Guilty outcome","Guilty ex-parte","Number","","","ABS (unpublished) Criminal Courts Australia","no.","7735","na","3487","na","258","30","na","5","11515",""
"SE10b.2","2023-24","Criminal court defendants","All ages","All people","Non-Indigenous people","All areas","Criminal court defendants with a finalised court outcome","Method of finalisation","Adjudicated outcomes","Guilty outcome","Agreement of wrongdoing","Number","","","ABS (unpublished) Criminal Courts Australia","no.","36","na","0","na","27","0","na","na","63",""
"SE10b.2","2023-24","Criminal court defendants","All ages","All people","Non-Indigenous people","All areas","Criminal court defendants with a finalised court outcome","Method of finalisation","Transfer to other court levels","","","Number","","","ABS (unpublished) Criminal Courts Australia","no.","2520","na","5301","na","943","427","na","124","9315",""
"SE10b.2","2023-24","Criminal court defendants","All ages","All people","Non-Indigenous people","All areas","Criminal court defendants with a finalised court outcome","Method of finalisation","Withdrawn by prosecution","","","Number","","","ABS (unpublished) Criminal Courts Australia","no.","6186","na","7152","na","3772","21","na","115","17246",""
"SE10b.2","2023-24","Criminal court defendants","All ages","All people","Aboriginal and Torres Strait Islander people","All areas","Total number of criminal court defendants with a finalised court outcome","","","","","Number","","","ABS (unpublished) Criminal Courts Australia","no.","22249","na","20986","na","4887","1365","295","5813","55595",""
"SE10b.2","2023-24","Criminal court defendants","All ages","All people","Non-Indigenous people","All areas","Total number of criminal court defendants with a finalised court outcome","","","","","Number","","","ABS (unpublished) Criminal Courts Australia","no.","64359","na","59932","na","12129","4041","na","869","141330",""
"SE10b.2","2023-24","Criminal court defendants","All ages","All people","Indigenous status not stated","All areas","Total number of criminal court defendants with a finalised court outcome","","","","","Number","","","ABS (unpublished) Criminal Courts Australia","no.","6292","na","1492","na","752","1223","1948","416","12123",""
"SE10b.2","2022-23","Criminal court defendants","All ages","All people","Aboriginal and Torres Strait Islander people","All areas","Criminal court defendants with a finalised court outcome","Method of finalisation","Adjudicated outcomes","","","Proportion","","","Derived from ABS (unpublished) Criminal Courts Australia","%","87.0","na","85.2","na","64.5","88.6","70.5","86.9","84.3",""
"SE10b.2","2022-23","Criminal court defendants","All ages","All people","Aboriginal and Torres Strait Islander people","All areas","Criminal court defendants with a finalised court outcome","Method of finalisation","Adjudicated outcomes","Acquitted","Acquitted","Proportion","","","Derived from ABS (unpublished) Criminal Courts Australia","%","6.0","na","0.8","na","1.7","22.5","15.1","2.1","3.6",""
"SE10b.2","2022-23","Criminal court defendants","All ages","All people","Aboriginal and Torres Strait Islander people","All areas","Criminal court defendants with a finalised court outcome","Method of finalisation","Adjudicated outcomes","Guilty outcome","","Proportion","","","Derived from ABS (unpublished) Criminal Courts Australia","%","81.0","na","84.3","na","62.9","66.5","55.8","84.7","80.7",""
"SE10b.2","2022-23","Criminal court defendants","All ages","All people","Aboriginal and Torres Strait Islander people","All areas","Criminal court defendants with a finalised court outcome","Method of finalisation","Adjudicated outcomes","Guilty outcome","Guilty plea by defendant","Proportion","","","Derived from ABS (unpublished) Criminal Courts Australia","%","59.5","na","73.9","na","56.3","59.2","52.6","79.2","66.9",""
"SE10b.2","2022-23","Criminal court defendants","All ages","All people","Aboriginal and Torres Strait Islander people","All areas","Criminal court defendants with a finalised court outcome","Method of finalisation","Adjudicated outcomes","Guilty outcome","Guilty finding by court","Proportion","","","Derived from ABS (unpublished) Criminal Courts Australia","%","11.3","na","0.9","na","1.0","3.8","1.1","1.2","5.1",""
"SE10b.2","2022-23","Criminal court defendants","All ages","All people","Aboriginal and Torres Strait Islander people","All areas","Criminal court defendants with a finalised court outcome","Method of finalisation","Adjudicated outcomes","Guilty outcome","Guilty ex-parte","Proportion","","","Derived from ABS (unpublished) Criminal Courts Australia","%","10.0","na","9.6","na","5.5","0.6","1.1","0.3","8.2",""
"SE10b.2","2022-23","Criminal court defendants","All ages","All people","Aboriginal and Torres Strait Islander people","All areas","Criminal court defendants with a finalised court outcome","Method of finalisation","Adjudicated outcomes","Guilty outcome","Agreement of wrongdoing","Proportion","","","Derived from ABS (unpublished) Criminal Courts Australia","%","na","na","na","na","na","na","na","na","na",""
"SE10b.2","2022-23","Criminal court defendants","All ages","All people","Aboriginal and Torres Strait Islander people","All areas","Criminal court defendants with a finalised court outcome","Method of finalisation","Transfer to other court levels","Transfer to other court levels","Transfer to other court levels","Proportion","","","Derived from ABS (unpublished) Criminal Courts Australia","%","4.1","na","6.7","na","4.6","10.1","13.3","6.8","5.6",""
"SE10b.2","2022-23","Criminal court defendants","All ages","All people","Aboriginal and Torres Strait Islander people","All areas","Criminal court defendants with a finalised court outcome","Method of finalisation","Withdrawn by prosecution","Withdrawn by prosecution","Withdrawn by prosecution","Proportion","","","Derived from ABS (unpublished) Criminal Courts Australia","%","8.7","na","7.9","na","30.0","0.8","15.8","6.2","9.8",""
"SE10b.2","2022-23","Criminal court defendants","All ages","All people","Non-Indigenous people","All areas","Criminal court defendants with a finalised court outcome","Method of finalisation","Adjudicated outcomes","","","Proportion","","","Derived from ABS (unpublished) Criminal Courts Australia","%","87.0","na","79.4","na","59.1","89.1","na","73.4","81.6",""
"SE10b.2","2022-23","Criminal court defendants","All ages","All people","Non-Indigenous people","All areas","Criminal court defendants with a finalised court outcome","Method of finalisation","Adjudicated outcomes","Acquitted","Acquitted","Proportion","","","Derived from ABS (unpublished) Criminal Courts Australia","%","7.6","na","1.4","na","2.7","17.8","na","3.6","4.9",""
"SE10b.2","2022-23","Criminal court defendants","All ages","All people","Non-Indigenous people","All areas","Criminal court defendants with a finalised court outcome","Method of finalisation","Adjudicated outcomes","Guilty outcome","","Proportion","","","Derived from ABS (unpublished) Criminal Courts Australia","%","79.4","na","78.0","na","56.4","71.4","na","69.7","76.7",""
"SE10b.2","2022-23","Criminal court defendants","All ages","All people","Non-Indigenous people","All areas","Criminal court defendants with a finalised court outcome","Method of finalisation","Adjudicated outcomes","Guilty outcome","Guilty plea by defendant","Proportion","","","Derived from ABS (unpublished) Criminal Courts Australia","%","57.9","na","70.6","na","52.4","63.8","na","60.9","63.0",""
"SE10b.2","2022-23","Criminal court defendants","All ages","All people","Non-Indigenous people","All areas","Criminal court defendants with a finalised court outcome","Method of finalisation","Adjudicated outcomes","Guilty outcome","Guilty finding by court","Proportion","","","Derived from ABS (unpublished) Criminal Courts Australia","%","8.6","na","1.1","na","1.3","3.9","na","4.3","4.8",""
"SE10b.2","2022-23","Criminal court defendants","All ages","All people","Non-Indigenous people","All areas","Criminal court defendants with a finalised court outcome","Method of finalisation","Adjudicated outcomes","Guilty outcome","Guilty ex-parte","Proportion","","","Derived from ABS (unpublished) Criminal Courts Australia","%","12.7","na","6.4","na","2.7","1.2","na","0.7","8.8",""
"SE10b.2","2022-23","Criminal court defendants","All ages","All people","Non-Indigenous people","All areas","Criminal court defendants with a finalised court outcome","Method of finalisation","Adjudicated outcomes","Guilty outcome","Agreement of wrongdoing","Proportion","","","Derived from ABS (unpublished) Criminal Courts Australia","%","na","na","na","na","na","na","na","na","na",""
"SE10b.2","2022-23","Criminal court defendants","All ages","All people","Non-Indigenous people","All areas","Criminal court defendants with a finalised court outcome","Method of finalisation","Transfer to other court levels","Transfer to other court levels","Transfer to other court levels","Proportion","","","Derived from ABS (unpublished) Criminal Courts Australia","%","3.7","na","9.2","na","8.1","9.6","na","13.1","6.6",""
"SE10b.2","2022-23","Criminal court defendants","All ages","All people","Non-Indigenous people","All areas","Criminal court defendants with a finalised court outcome","Method of finalisation","Withdrawn by prosecution","Withdrawn by prosecution","Withdrawn by prosecution","Proportion","","","Derived from ABS (unpublished) Criminal Courts Australia","%","9.0","na","11.1","na","32.0","0.6","na","12.5","11.5",""
"SE10b.2","2022-23","Criminal court defendants","All ages","All people","Aboriginal and Torres Strait Islander people","All areas","Criminal court defendants with a finalised court outcome","Method of finalisation","Adjudicated outcomes","","","Number","","","ABS (unpublished) Criminal Courts Australia","no.","18406","na","17769","na","3003","1002","201","4967","45348",""
"SE10b.2","2022-23","Criminal court defendants","All ages","All people","Aboriginal and Torres Strait Islander people","All areas","Criminal court defendants with a finalised court outcome","Method of finalisation","Adjudicated outcomes","Acquitted","","Number","","","ABS (unpublished) Criminal Courts Australia","no.","1270","na","172","na","77","255","43","119","1936",""
"SE10b.2","2022-23","Criminal court defendants","All ages","All people","Aboriginal and Torres Strait Islander people","All areas","Criminal court defendants with a finalised court outcome","Method of finalisation","Adjudicated outcomes","Guilty outcome","","Number","","","ABS (unpublished) Criminal Courts Australia","no.","17140","na","17598","na","2928","752","159","4846","43423",""
"SE10b.2","2022-23","Criminal court defendants","All ages","All people","Aboriginal and Torres Strait Islander people","All areas","Criminal court defendants with a finalised court outcome","Method of finalisation","Adjudicated outcomes","Guilty outcome","Guilty plea by defendant","Number","","","ABS (unpublished) Criminal Courts Australia","no.","12601","na","15416","na","2619","670","150","4531","35987",""
"SE10b.2","2022-23","Criminal court defendants","All ages","All people","Aboriginal and Torres Strait Islander people","All areas","Criminal court defendants with a finalised court outcome","Method of finalisation","Adjudicated outcomes","Guilty outcome","Guilty finding by court","Number","","","ABS (unpublished) Criminal Courts Australia","no.","2402","na","181","na","46","43","3","67","2742",""
"SE10b.2","2022-23","Criminal court defendants","All ages","All people","Aboriginal and Torres Strait Islander people","All areas","Criminal court defendants with a finalised court outcome","Method of finalisation","Adjudicated outcomes","Guilty outcome","Guilty ex-parte","Number","","","ABS (unpublished) Criminal Courts Australia","no.","2111","na","1996","na","258","7","3","20","4395",""
"SE10b.2","2022-23","Criminal court defendants","All ages","All people","Aboriginal and Torres Strait Islander people","All areas","Criminal court defendants with a finalised court outcome","Method of finalisation","Adjudicated outcomes","Guilty outcome","Agreement of wrongdoing","Number","","","ABS (unpublished) Criminal Courts Australia","no.","na","na","na","na","na","na","na","na","na",""
"SE10b.2","2022-23","Criminal court defendants","All ages","All people","Aboriginal and Torres Strait Islander people","All areas","Criminal court defendants with a finalised court outcome","Method of finalisation","Transfer to other court levels","","","Number","","","ABS (unpublished) Criminal Courts Australia","no.","876","na","1389","na","216","114","38","389","3022",""
"SE10b.2","2022-23","Criminal court defendants","All ages","All people","Aboriginal and Torres Strait Islander people","All areas","Criminal court defendants with a finalised court outcome","Method of finalisation","Withdrawn by prosecution","","","Number","","","ABS (unpublished) Criminal Courts Australia","no.","1843","na","1642","na","1397","9","45","356","5292",""
"SE10b.2","2022-23","Criminal court defendants","All ages","All people","Non-Indigenous people","All areas","Criminal court defendants with a finalised court outcome","Method of finalisation","Adjudicated outcomes","","","Number","","","ABS (unpublished) Criminal Courts Australia","no.","59327","na","48729","na","6976","3483","na","629","119144",""
"SE10b.2","2022-23","Criminal court defendants","All ages","All people","Non-Indigenous people","All areas","Criminal court defendants with a finalised court outcome","Method of finalisation","Adjudicated outcomes","Acquitted","","Number","","","ABS (unpublished) Criminal Courts Australia","no.","5212","na","845","na","317","697","na","31","7102",""
"SE10b.2","2022-23","Criminal court defendants","All ages","All people","Non-Indigenous people","All areas","Criminal court defendants with a finalised court outcome","Method of finalisation","Adjudicated outcomes","Guilty outcome","","Number","","","ABS (unpublished) Criminal Courts Australia","no.","54113","na","47881","na","6658","2792","na","597","112041",""
"SE10b.2","2022-23","Criminal court defendants","All ages","All people","Non-Indigenous people","All areas","Criminal court defendants with a finalised court outcome","Method of finalisation","Adjudicated outcomes","Guilty outcome","Guilty plea by defendant","Number","","","ABS (unpublished) Criminal Courts Australia","no.","39501","na","43286","na","6190","2495","na","522","91994",""
"SE10b.2","2022-23","Criminal court defendants","All ages","All people","Non-Indigenous people","All areas","Criminal court defendants with a finalised court outcome","Method of finalisation","Adjudicated outcomes","Guilty outcome","Guilty finding by court","Number","","","ABS (unpublished) Criminal Courts Australia","no.","5896","na","705","na","151","151","na","37","6940",""
"SE10b.2","2022-23","Criminal court defendants","All ages","All people","Non-Indigenous people","All areas","Criminal court defendants with a finalised court outcome","Method of finalisation","Adjudicated outcomes","Guilty outcome","Guilty ex-parte","Number","","","ABS (unpublished) Criminal Courts Australia","no.","8664","na","3897","na","316","45","na","6","12928",""
"SE10b.2","2022-23","Criminal court defendants","All ages","All people","Non-Indigenous people","All areas","Criminal court defendants with a finalised court outcome","Method of finalisation","Adjudicated outcomes","Guilty outcome","Agreement of wrongdoing","Number","","","ABS (unpublished) Criminal Courts Australia","no.","na","na","na","na","na","na","na","na","na",""
"SE10b.2","2022-23","Criminal court defendants","All ages","All people","Non-Indigenous people","All areas","Criminal court defendants with a finalised court outcome","Method of finalisation","Transfer to other court levels","","","Number","","","ABS (unpublished) Criminal Courts Australia","no.","2540","na","5671","na","952","377","na","112","9652",""
"SE10b.2","2022-23","Criminal court defendants","All ages","All people","Non-Indigenous people","All areas","Criminal court defendants with a finalised court outcome","Method of finalisation","Withdrawn by prosecution","","","Number","","","ABS (unpublished) Criminal Courts Australia","no.","6133","na","6821","na","3779","23","na","107","16863",""
"SE10b.2","2022-23","Criminal court defendants","All ages","All people","Aboriginal and Torres Strait Islander people","All areas","Total number of criminal court defendants with a finalised court outcome","","","","","Number","","","ABS (unpublished) Criminal Courts Australia","no.","21163","na","20866","na","4656","1131","285","5719","53820",""
"SE10b.2","2022-23","Criminal court defendants","All ages","All people","Non-Indigenous people","All areas","Total number of criminal court defendants with a finalised court outcome","","","","","Number","","","ABS (unpublished) Criminal Courts Australia","no.","68167","na","61355","na","11805","3910","na","857","146094",""
"SE10b.2","2022-23","Criminal court defendants","All ages","All people","Indigenous status not stated","All areas","Total number of criminal court defendants with a finalised court outcome","","","","","Number","","","ABS (unpublished) Criminal Courts Australia","no.","7808","na","1396","na","1239","1116","1733","141","13433",""
"SE10b.2","2021-22","Criminal court defendants","All ages","All people","Aboriginal and Torres Strait Islander people","All areas","Criminal court defendants with a finalised court outcome","Method of finalisation","Adjudicated outcomes","","","Proportion","","","Derived from ABS (unpublished) Criminal Courts Australia","%","88.4","na","85.3","na","59.4","90.7","82.7","87.0","84.1",""
"SE10b.2","2021-22","Criminal court defendants","All ages","All people","Aboriginal and Torres Strait Islander people","All areas","Criminal court defendants with a finalised court outcome","Method of finalisation","Adjudicated outcomes","Acquitted","Acquitted","Proportion","","","Derived from ABS (unpublished) Criminal Courts Australia","%","5.3","na","0.9","na","1.2","26.4","17.0","1.9","3.3",""
"SE10b.2","2021-22","Criminal court defendants","All ages","All people","Aboriginal and Torres Strait Islander people","All areas","Criminal court defendants with a finalised court outcome","Method of finalisation","Adjudicated outcomes","Guilty outcome","","Proportion","","","Derived from ABS (unpublished) Criminal Courts Australia","%","83.2","na","84.4","na","58.3","64.5","65.1","85.2","80.8",""
"SE10b.2","2021-22","Criminal court defendants","All ages","All people","Aboriginal and Torres Strait Islander people","All areas","Criminal court defendants with a finalised court outcome","Method of finalisation","Adjudicated outcomes","Guilty outcome","Guilty plea by defendant","Proportion","","","Derived from ABS (unpublished) Criminal Courts Australia","%","60.7","na","74.0","na","53.8","58.9","53.4","79.2","67.4",""
"SE10b.2","2021-22","Criminal court defendants","All ages","All people","Aboriginal and Torres Strait Islander people","All areas","Criminal court defendants with a finalised court outcome","Method of finalisation","Adjudicated outcomes","Guilty outcome","Guilty finding by court","Proportion","","","Derived from ABS (unpublished) Criminal Courts Australia","%","10.8","na","0.8","na","0.4","2.7","2.2","1.6","4.4",""
"SE10b.2","2021-22","Criminal court defendants","All ages","All people","Aboriginal and Torres Strait Islander people","All areas","Criminal court defendants with a finalised court outcome","Method of finalisation","Adjudicated outcomes","Guilty outcome","Guilty ex-parte","Proportion","","","Derived from ABS (unpublished) Criminal Courts Australia","%","11.6","na","9.5","na","3.8","2.3","11.7","0.7","8.6",""
"SE10b.2","2021-22","Criminal court defendants","All ages","All people","Aboriginal and Torres Strait Islander people","All areas","Criminal court defendants with a finalised court outcome","Method of finalisation","Adjudicated outcomes","Guilty outcome","Agreement of wrongdoing","Proportion","","","Derived from ABS (unpublished) Criminal Courts Australia","%","na","na","na","na","na","na","na","na","na",""
"SE10b.2","2021-22","Criminal court defendants","All ages","All people","Aboriginal and Torres Strait Islander people","All areas","Criminal court defendants with a finalised court outcome","Method of finalisation","Transfer to other court levels","Transfer to other court levels","Transfer to other court levels","Proportion","","","Derived from ABS (unpublished) Criminal Courts Australia","%","4.4","na","6.7","na","5.3","7.3","7.8","7.0","5.8",""
"SE10b.2","2021-22","Criminal court defendants","All ages","All people","Aboriginal and Torres Strait Islander people","All areas","Criminal court defendants with a finalised court outcome","Method of finalisation","Withdrawn by prosecution","Withdrawn by prosecution","Withdrawn by prosecution","Proportion","","","Derived from ABS (unpublished) Criminal Courts Australia","%","6.9","na","7.8","na","34.8","1.6","10.1","6.1","9.8",""
"SE10b.2","2021-22","Criminal court defendants","All ages","All people","Non-Indigenous people","All areas","Criminal court defendants with a finalised court outcome","Method of finalisation","Adjudicated outcomes","","","Proportion","","","Derived from ABS (unpublished) Criminal Courts Australia","%","88.2","na","78.8","na","57.1","90.4","na","75.1","80.9",""
"SE10b.2","2021-22","Criminal court defendants","All ages","All people","Non-Indigenous people","All areas","Criminal court defendants with a finalised court outcome","Method of finalisation","Adjudicated outcomes","Acquitted","Acquitted","Proportion","","","Derived from ABS (unpublished) Criminal Courts Australia","%","6.3","na","1.2","na","1.7","24.2","na","3.2","4.1",""
"SE10b.2","2021-22","Criminal court defendants","All ages","All people","Non-Indigenous people","All areas","Criminal court defendants with a finalised court outcome","Method of finalisation","Adjudicated outcomes","Guilty outcome","","Proportion","","","Derived from ABS (unpublished) Criminal Courts Australia","%","81.9","na","77.5","na","55.4","66.2","na","71.8","76.8",""
"SE10b.2","2021-22","Criminal court defendants","All ages","All people","Non-Indigenous people","All areas","Criminal court defendants with a finalised court outcome","Method of finalisation","Adjudicated outcomes","Guilty outcome","Guilty plea by defendant","Proportion","","","Derived from ABS (unpublished) Criminal Courts Australia","%","58.6","na","69.8","na","51.8","60.9","na","62.0","63.1",""
"SE10b.2","2021-22","Criminal court defendants","All ages","All people","Non-Indigenous people","All areas","Criminal court defendants with a finalised court outcome","Method of finalisation","Adjudicated outcomes","Guilty outcome","Guilty finding by court","Proportion","","","Derived from ABS (unpublished) Criminal Courts Australia","%","8.0","na","1.0","na","0.8","3.5","na","5.3","4.0",""
"SE10b.2","2021-22","Criminal court defendants","All ages","All people","Non-Indigenous people","All areas","Criminal court defendants with a finalised court outcome","Method of finalisation","Adjudicated outcomes","Guilty outcome","Guilty ex-parte","Proportion","","","Derived from ABS (unpublished) Criminal Courts Australia","%","15.2","na","6.7","na","2.8","1.2","na","1.6","9.7",""
"SE10b.2","2021-22","Criminal court defendants","All ages","All people","Non-Indigenous people","All areas","Criminal court defendants with a finalised court outcome","Method of finalisation","Adjudicated outcomes","Guilty outcome","Agreement of wrongdoing","Proportion","","","Derived from ABS (unpublished) Criminal Courts Australia","%","na","na","na","na","na","na","na","na","na",""
"SE10b.2","2021-22","Criminal court defendants","All ages","All people","Non-Indigenous people","All areas","Criminal court defendants with a finalised court outcome","Method of finalisation","Transfer to other court levels","Transfer to other court levels","Transfer to other court levels","Proportion","","","Derived from ABS (unpublished) Criminal Courts Australia","%","4.5","na","9.8","na","8.5","8.2","na","16.5","7.5",""
"SE10b.2","2021-22","Criminal court defendants","All ages","All people","Non-Indigenous people","All areas","Criminal court defendants with a finalised court outcome","Method of finalisation","Withdrawn by prosecution","Withdrawn by prosecution","Withdrawn by prosecution","Proportion","","","Derived from ABS (unpublished) Criminal Courts Australia","%","6.9","na","11.2","na","34.1","0.9","na","8.7","11.3",""
"SE10b.2","2021-22","Criminal court defendants","All ages","All people","Aboriginal and Torres Strait Islander people","All areas","Criminal court defendants with a finalised court outcome","Method of finalisation","Adjudicated outcomes","","","Number","","","ABS (unpublished) Criminal Courts Australia","no.","14136","na","16294","na","2693","1076","296","4193","38688",""
"SE10b.2","2021-22","Criminal court defendants","All ages","All people","Aboriginal and Torres Strait Islander people","All areas","Criminal court defendants with a finalised court outcome","Method of finalisation","Adjudicated outcomes","Acquitted","","Number","","","ABS (unpublished) Criminal Courts Australia","no.","840","na","167","na","55","313","61","92","1528",""
"SE10b.2","2021-22","Criminal court defendants","All ages","All people","Aboriginal and Torres Strait Islander people","All areas","Criminal court defendants with a finalised court outcome","Method of finalisation","Adjudicated outcomes","Guilty outcome","","Number","","","ABS (unpublished) Criminal Courts Australia","no.","13297","na","16131","na","2642","765","233","4104","37172",""
"SE10b.2","2021-22","Criminal court defendants","All ages","All people","Aboriginal and Torres Strait Islander people","All areas","Criminal court defendants with a finalised court outcome","Method of finalisation","Adjudicated outcomes","Guilty outcome","Guilty plea by defendant","Number","","","ABS (unpublished) Criminal Courts Australia","no.","9705","na","14150","na","2441","698","191","3819","31004",""
"SE10b.2","2021-22","Criminal court defendants","All ages","All people","Aboriginal and Torres Strait Islander people","All areas","Criminal court defendants with a finalised court outcome","Method of finalisation","Adjudicated outcomes","Guilty outcome","Guilty finding by court","Number","","","ABS (unpublished) Criminal Courts Australia","no.","1720","na","153","na","17","32","8","76","2006",""
"SE10b.2","2021-22","Criminal court defendants","All ages","All people","Aboriginal and Torres Strait Islander people","All areas","Criminal court defendants with a finalised court outcome","Method of finalisation","Adjudicated outcomes","Guilty outcome","Guilty ex-parte","Number","","","ABS (unpublished) Criminal Courts Australia","no.","1848","na","1824","na","172","27","42","34","3947",""
"SE10b.2","2021-22","Criminal court defendants","All ages","All people","Aboriginal and Torres Strait Islander people","All areas","Criminal court defendants with a finalised court outcome","Method of finalisation","Adjudicated outcomes","Guilty outcome","Agreement of wrongdoing","Number","","","ABS (unpublished) Criminal Courts Australia","no.","na","na","na","na","na","na","na","na","na",""
"SE10b.2","2021-22","Criminal court defendants","All ages","All people","Aboriginal and Torres Strait Islander people","All areas","Criminal court defendants with a finalised court outcome","Method of finalisation","Transfer to other court levels","","","Number","","","ABS (unpublished) Criminal Courts Australia","no.","700","na","1274","na","239","86","28","337","2664",""
"SE10b.2","2021-22","Criminal court defendants","All ages","All people","Aboriginal and Torres Strait Islander people","All areas","Criminal court defendants with a finalised court outcome","Method of finalisation","Withdrawn by prosecution","","","Number","","","ABS (unpublished) Criminal Courts Australia","no.","1098","na","1496","na","1580","19","36","293","4522",""
"SE10b.2","2021-22","Criminal court defendants","All ages","All people","Non-Indigenous people","All areas","Criminal court defendants with a finalised court outcome","Method of finalisation","Adjudicated outcomes","","","Number","","","ABS (unpublished) Criminal Courts Australia","no.","50517","na","48568","na","7619","3731","na","648","111083",""
"SE10b.2","2021-22","Criminal court defendants","All ages","All people","Non-Indigenous people","All areas","Criminal court defendants with a finalised court outcome","Method of finalisation","Adjudicated outcomes","Acquitted","","Number","","","ABS (unpublished) Criminal Courts Australia","no.","3633","na","770","na","227","1000","na","28","5658",""
"SE10b.2","2021-22","Criminal court defendants","All ages","All people","Non-Indigenous people","All areas","Criminal court defendants with a finalised court outcome","Method of finalisation","Adjudicated outcomes","Guilty outcome","","Number","","","ABS (unpublished) Criminal Courts Australia","no.","46886","na","47796","na","7386","2734","na","620","105422",""
"SE10b.2","2021-22","Criminal court defendants","All ages","All people","Non-Indigenous people","All areas","Criminal court defendants with a finalised court outcome","Method of finalisation","Adjudicated outcomes","Guilty outcome","Guilty plea by defendant","Number","","","ABS (unpublished) Criminal Courts Australia","no.","33578","na","43018","na","6905","2513","na","535","86549",""
"SE10b.2","2021-22","Criminal court defendants","All ages","All people","Non-Indigenous people","All areas","Criminal court defendants with a finalised court outcome","Method of finalisation","Adjudicated outcomes","Guilty outcome","Guilty finding by court","Number","","","ABS (unpublished) Criminal Courts Australia","no.","4567","na","643","na","112","144","na","46","5512",""
"SE10b.2","2021-22","Criminal court defendants","All ages","All people","Non-Indigenous people","All areas","Criminal court defendants with a finalised court outcome","Method of finalisation","Adjudicated outcomes","Guilty outcome","Guilty ex-parte","Number","","","ABS (unpublished) Criminal Courts Australia","no.","8686","na","4139","na","374","48","na","14","13261",""
"SE10b.2","2021-22","Criminal court defendants","All ages","All people","Non-Indigenous people","All areas","Criminal court defendants with a finalised court outcome","Method of finalisation","Adjudicated outcomes","Guilty outcome","Agreement of wrongdoing","Number","","","ABS (unpublished) Criminal Courts Australia","no.","na","na","na","na","na","na","na","na","na",""
"SE10b.2","2021-22","Criminal court defendants","All ages","All people","Non-Indigenous people","All areas","Criminal court defendants with a finalised court outcome","Method of finalisation","Transfer to other court levels","","","Number","","","ABS (unpublished) Criminal Courts Australia","no.","2600","na","6025","na","1131","337","na","142","10235",""
"SE10b.2","2021-22","Criminal court defendants","All ages","All people","Non-Indigenous people","All areas","Criminal court defendants with a finalised court outcome","Method of finalisation","Withdrawn by prosecution","","","Number","","","ABS (unpublished) Criminal Courts Australia","no.","3971","na","6935","na","4552","37","na","75","15570",""
"SE10b.2","2021-22","Criminal court defendants","All ages","All people","Aboriginal and Torres Strait Islander people","All areas","Total number of criminal court defendants with a finalised court outcome","","","","","Number","","","ABS (unpublished) Criminal Courts Australia","no.","15985","na","19109","na","4534","1186","358","4819","45991",""
"SE10b.2","2021-22","Criminal court defendants","All ages","All people","Non-Indigenous people","All areas","Total number of criminal court defendants with a finalised court outcome","","","","","Number","","","ABS (unpublished) Criminal Courts Australia","no.","57255","na","61658","na","13341","4128","na","863","137245",""
"SE10b.2","2021-22","Criminal court defendants","All ages","All people","Indigenous status not stated","All areas","Total number of criminal court defendants with a finalised court outcome","","","","","Number","","","ABS (unpublished) Criminal Courts Australia","no.","12717","na","1567","na","1768","1108","3797","106","21063",""
"SE10b.2","2020-21","Criminal court defendants","All ages","All people","Aboriginal and Torres Strait Islander people","All areas","Criminal court defendants with a finalised court outcome","Method of finalisation","Adjudicated outcomes","","","Proportion","","","Derived from ABS (unpublished) Criminal Courts Australia","%","87.7","na","85.3","na","63.0","na","na","87.1","na",""
"SE10b.2","2020-21","Criminal court defendants","All ages","All people","Aboriginal and Torres Strait Islander people","All areas","Criminal court defendants with a finalised court outcome","Method of finalisation","Adjudicated outcomes","Acquitted","Acquitted","Proportion","","","Derived from ABS (unpublished) Criminal Courts Australia","%","5.5","na","0.9","na","2.0","na","na","3.0","na",""
"SE10b.2","2020-21","Criminal court defendants","All ages","All people","Aboriginal and Torres Strait Islander people","All areas","Criminal court defendants with a finalised court outcome","Method of finalisation","Adjudicated outcomes","Guilty outcome","","Proportion","","","Derived from ABS (unpublished) Criminal Courts Australia","%","82.2","na","84.4","na","61.2","na","na","84.1","na",""
"SE10b.2","2020-21","Criminal court defendants","All ages","All people","Aboriginal and Torres Strait Islander people","All areas","Criminal court defendants with a finalised court outcome","Method of finalisation","Adjudicated outcomes","Guilty outcome","Guilty plea by defendant","Proportion","","","Derived from ABS (unpublished) Criminal Courts Australia","%","59.5","na","71.6","na","54.4","na","na","78.9","na",""
"SE10b.2","2020-21","Criminal court defendants","All ages","All people","Aboriginal and Torres Strait Islander people","All areas","Criminal court defendants with a finalised court outcome","Method of finalisation","Adjudicated outcomes","Guilty outcome","Guilty finding by court","Proportion","","","Derived from ABS (unpublished) Criminal Courts Australia","%","13.3","na","0.8","na","0.6","na","na","1.9","na",""
"SE10b.2","2020-21","Criminal court defendants","All ages","All people","Aboriginal and Torres Strait Islander people","All areas","Criminal court defendants with a finalised court outcome","Method of finalisation","Adjudicated outcomes","Guilty outcome","Guilty ex-parte","Proportion","","","Derived from ABS (unpublished) Criminal Courts Australia","%","9.2","na","12.0","na","6.3","na","na","0.8","na",""
"SE10b.2","2020-21","Criminal court defendants","All ages","All people","Aboriginal and Torres Strait Islander people","All areas","Criminal court defendants with a finalised court outcome","Method of finalisation","Adjudicated outcomes","Guilty outcome","Agreement of wrongdoing","Proportion","","","Derived from ABS (unpublished) Criminal Courts Australia","%","na","na","na","na","na","na","na","na","na",""
"SE10b.2","2020-21","Criminal court defendants","All ages","All people","Aboriginal and Torres Strait Islander people","All areas","Criminal court defendants with a finalised court outcome","Method of finalisation","Transfer to other court levels","Transfer to other court levels","Transfer to other court levels","Proportion","","","Derived from ABS (unpublished) Criminal Courts Australia","%","4.9","na","6.4","na","5.4","na","na","5.0","na",""
"SE10b.2","2020-21","Criminal court defendants","All ages","All people","Aboriginal and Torres Strait Islander people","All areas","Criminal court defendants with a finalised court outcome","Method of finalisation","Withdrawn by prosecution","Withdrawn by prosecution","Withdrawn by prosecution","Proportion","","","Derived from ABS (unpublished) Criminal Courts Australia","%","7.1","na","8.1","na","31.0","na","na","7.8","na",""
"SE10b.2","2020-21","Criminal court defendants","All ages","All people","Non-Indigenous people","All areas","Criminal court defendants with a finalised court outcome","Method of finalisation","Adjudicated outcomes","","","Proportion","","","Derived from ABS (unpublished) Criminal Courts Australia","%","87.6","na","80.4","na","60.0","na","na","73.7","na",""
"SE10b.2","2020-21","Criminal court defendants","All ages","All people","Non-Indigenous people","All areas","Criminal court defendants with a finalised court outcome","Method of finalisation","Adjudicated outcomes","Acquitted","Acquitted","Proportion","","","Derived from ABS (unpublished) Criminal Courts Australia","%","6.8","na","1.1","na","2.4","na","na","3.2","na",""
"SE10b.2","2020-21","Criminal court defendants","All ages","All people","Non-Indigenous people","All areas","Criminal court defendants with a finalised court outcome","Method of finalisation","Adjudicated outcomes","Guilty outcome","","Proportion","","","Derived from ABS (unpublished) Criminal Courts Australia","%","80.8","na","79.3","na","57.7","na","na","70.6","na",""
"SE10b.2","2020-21","Criminal court defendants","All ages","All people","Non-Indigenous people","All areas","Criminal court defendants with a finalised court outcome","Method of finalisation","Adjudicated outcomes","Guilty outcome","Guilty plea by defendant","Proportion","","","Derived from ABS (unpublished) Criminal Courts Australia","%","57.9","na","69.9","na","53.5","na","na","62.1","na",""
"SE10b.2","2020-21","Criminal court defendants","All ages","All people","Non-Indigenous people","All areas","Criminal court defendants with a finalised court outcome","Method of finalisation","Adjudicated outcomes","Guilty outcome","Guilty finding by court","Proportion","","","Derived from ABS (unpublished) Criminal Courts Australia","%","10.1","na","1.0","na","0.7","na","na","3.5","na",""
"SE10b.2","2020-21","Criminal court defendants","All ages","All people","Non-Indigenous people","All areas","Criminal court defendants with a finalised court outcome","Method of finalisation","Adjudicated outcomes","Guilty outcome","Guilty ex-parte","Proportion","","","Derived from ABS (unpublished) Criminal Courts Australia","%","12.8","na","8.3","na","3.5","na","na","1.1","na",""
"SE10b.2","2020-21","Criminal court defendants","All ages","All people","Non-Indigenous people","All areas","Criminal court defendants with a finalised court outcome","Method of finalisation","Adjudicated outcomes","Guilty outcome","Agreement of wrongdoing","Proportion","","","Derived from ABS (unpublished) Criminal Courts Australia","%","na","na","na","na","na","na","na","na","na",""
"SE10b.2","2020-21","Criminal court defendants","All ages","All people","Non-Indigenous people","All areas","Criminal court defendants with a finalised court outcome","Method of finalisation","Transfer to other court levels","Transfer to other court levels","Transfer to other court levels","Proportion","","","Derived from ABS (unpublished) Criminal Courts Australia","%","4.8","na","8.9","na","8.2","na","na","11.1","na",""
"SE10b.2","2020-21","Criminal court defendants","All ages","All people","Non-Indigenous people","All areas","Criminal court defendants with a finalised court outcome","Method of finalisation","Withdrawn by prosecution","Withdrawn by prosecution","Withdrawn by prosecution","Proportion","","","Derived from ABS (unpublished) Criminal Courts Australia","%","7.4","na","10.5","na","31.3","na","na","14.6","na",""
"SE10b.2","2020-21","Criminal court defendants","All ages","All people","Aboriginal and Torres Strait Islander people","All areas","Criminal court defendants with a finalised court outcome","Method of finalisation","Adjudicated outcomes","","","Number","","","ABS (unpublished) Criminal Courts Australia","no.","14303","na","18246","na","3036","na","na","4491","na",""
"SE10b.2","2020-21","Criminal court defendants","All ages","All people","Aboriginal and Torres Strait Islander people","All areas","Criminal court defendants with a finalised court outcome","Method of finalisation","Adjudicated outcomes","Acquitted","","Number","","","ABS (unpublished) Criminal Courts Australia","no.","902","na","188","na","94","na","na","157","na",""
"SE10b.2","2020-21","Criminal court defendants","All ages","All people","Aboriginal and Torres Strait Islander people","All areas","Criminal court defendants with a finalised court outcome","Method of finalisation","Adjudicated outcomes","Guilty outcome","","Number","","","ABS (unpublished) Criminal Courts Australia","no.","13407","na","18064","na","2947","na","na","4335","na",""
"SE10b.2","2020-21","Criminal court defendants","All ages","All people","Aboriginal and Torres Strait Islander people","All areas","Criminal court defendants with a finalised court outcome","Method of finalisation","Adjudicated outcomes","Guilty outcome","Guilty plea by defendant","Number","","","ABS (unpublished) Criminal Courts Australia","no.","9708","na","15312","na","2620","na","na","4069","na",""
"SE10b.2","2020-21","Criminal court defendants","All ages","All people","Aboriginal and Torres Strait Islander people","All areas","Criminal court defendants with a finalised court outcome","Method of finalisation","Adjudicated outcomes","Guilty outcome","Guilty finding by court","Number","","","ABS (unpublished) Criminal Courts Australia","no.","2172","na","170","na","27","na","na","96","na",""
"SE10b.2","2020-21","Criminal court defendants","All ages","All people","Aboriginal and Torres Strait Islander people","All areas","Criminal court defendants with a finalised court outcome","Method of finalisation","Adjudicated outcomes","Guilty outcome","Guilty ex-parte","Number","","","ABS (unpublished) Criminal Courts Australia","no.","1502","na","2577","na","302","na","na","41","na",""
"SE10b.2","2020-21","Criminal court defendants","All ages","All people","Aboriginal and Torres Strait Islander people","All areas","Criminal court defendants with a finalised court outcome","Method of finalisation","Adjudicated outcomes","Guilty outcome","Agreement of wrongdoing","Number","","","ABS (unpublished) Criminal Courts Australia","no.","na","na","na","na","na","na","na","na","na",""
"SE10b.2","2020-21","Criminal court defendants","All ages","All people","Aboriginal and Torres Strait Islander people","All areas","Criminal court defendants with a finalised court outcome","Method of finalisation","Transfer to other court levels","","","Number","","","ABS (unpublished) Criminal Courts Australia","no.","803","na","1370","na","258","na","na","257","na",""
"SE10b.2","2020-21","Criminal court defendants","All ages","All people","Aboriginal and Torres Strait Islander people","All areas","Criminal court defendants with a finalised court outcome","Method of finalisation","Withdrawn by prosecution","","","Number","","","ABS (unpublished) Criminal Courts Australia","no.","1155","na","1726","na","1495","na","na","403","na",""
"SE10b.2","2020-21","Criminal court defendants","All ages","All people","Non-Indigenous people","All areas","Criminal court defendants with a finalised court outcome","Method of finalisation","Adjudicated outcomes","","","Number","","","ABS (unpublished) Criminal Courts Australia","no.","56117","na","58832","na","8705","na","na","790","na",""
"SE10b.2","2020-21","Criminal court defendants","All ages","All people","Non-Indigenous people","All areas","Criminal court defendants with a finalised court outcome","Method of finalisation","Adjudicated outcomes","Acquitted","","Number","","","ABS (unpublished) Criminal Courts Australia","no.","4343","na","829","na","343","na","na","34","na",""
"SE10b.2","2020-21","Criminal court defendants","All ages","All people","Non-Indigenous people","All areas","Criminal court defendants with a finalised court outcome","Method of finalisation","Adjudicated outcomes","Guilty outcome","","Number","","","ABS (unpublished) Criminal Courts Australia","no.","51774","na","58008","na","8363","na","na","757","na",""
"SE10b.2","2020-21","Criminal court defendants","All ages","All people","Non-Indigenous people","All areas","Criminal court defendants with a finalised court outcome","Method of finalisation","Adjudicated outcomes","Guilty outcome","Guilty plea by defendant","Number","","","ABS (unpublished) Criminal Courts Australia","no.","37061","na","51161","na","7752","na","na","666","na",""
"SE10b.2","2020-21","Criminal court defendants","All ages","All people","Non-Indigenous people","All areas","Criminal court defendants with a finalised court outcome","Method of finalisation","Adjudicated outcomes","Guilty outcome","Guilty finding by court","Number","","","ABS (unpublished) Criminal Courts Australia","no.","6467","na","753","na","97","na","na","37","na",""
"SE10b.2","2020-21","Criminal court defendants","All ages","All people","Non-Indigenous people","All areas","Criminal court defendants with a finalised court outcome","Method of finalisation","Adjudicated outcomes","Guilty outcome","Guilty ex-parte","Number","","","ABS (unpublished) Criminal Courts Australia","no.","8205","na","6096","na","511","na","na","12","na",""
"SE10b.2","2020-21","Criminal court defendants","All ages","All people","Non-Indigenous people","All areas","Criminal court defendants with a finalised court outcome","Method of finalisation","Adjudicated outcomes","Guilty outcome","Agreement of wrongdoing","Number","","","ABS (unpublished) Criminal Courts Australia","no.","na","na","na","na","na","na","na","na","na",""
"SE10b.2","2020-21","Criminal court defendants","All ages","All people","Non-Indigenous people","All areas","Criminal court defendants with a finalised court outcome","Method of finalisation","Transfer to other court levels","","","Number","","","ABS (unpublished) Criminal Courts Australia","no.","3069","na","6524","na","1188","na","na","119","na",""
"SE10b.2","2020-21","Criminal court defendants","All ages","All people","Non-Indigenous people","All areas","Criminal court defendants with a finalised court outcome","Method of finalisation","Withdrawn by prosecution","","","Number","","","ABS (unpublished) Criminal Courts Australia","no.","4708","na","7669","na","4544","na","na","157","na",""
"SE10b.2","2020-21","Criminal court defendants","All ages","All people","Aboriginal and Torres Strait Islander people","All areas","Total number of criminal court defendants with a finalised court outcome","","","","","Number","","","ABS (unpublished) Criminal Courts Australia","no.","16306","na","21399","na","4816","na","na","5154","na",""
"SE10b.2","2020-21","Criminal court defendants","All ages","All people","Non-Indigenous people","All areas","Total number of criminal court defendants with a finalised court outcome","","","","","Number","","","ABS (unpublished) Criminal Courts Australia","no.","64045","na","73173","na","14497","na","na","1072","na",""
"SE10b.2","2020-21","Criminal court defendants","All ages","All people","Indigenous status not stated","All areas","Total number of criminal court defendants with a finalised court outcome","","","","","Number","","","ABS (unpublished) Criminal Courts Australia","no.","13363","na","1867","na","1670","na","na","141","na",""
"SE10b.2","2019-20","Criminal court defendants","All ages","All people","Aboriginal and Torres Strait Islander people","All areas","Criminal court defendants with a finalised court outcome","Method of finalisation","Adjudicated outcomes","","","Proportion","","","Derived from ABS (unpublished) Criminal Courts Australia","%","88.5","na","83.9","na","67.3","na","na","87.4","na",""
"SE10b.2","2019-20","Criminal court defendants","All ages","All people","Aboriginal and Torres Strait Islander people","All areas","Criminal court defendants with a finalised court outcome","Method of finalisation","Adjudicated outcomes","Acquitted","Acquitted","Proportion","","","Derived from ABS (unpublished) Criminal Courts Australia","%","5.3","na","0.9","na","1.9","na","na","2.2","na",""
"SE10b.2","2019-20","Criminal court defendants","All ages","All people","Aboriginal and Torres Strait Islander people","All areas","Criminal court defendants with a finalised court outcome","Method of finalisation","Adjudicated outcomes","Guilty outcome","","Proportion","","","Derived from ABS (unpublished) Criminal Courts Australia","%","83.1","na","83.0","na","65.4","na","na","85.2","na",""
"SE10b.2","2019-20","Criminal court defendants","All ages","All people","Aboriginal and Torres Strait Islander people","All areas","Criminal court defendants with a finalised court outcome","Method of finalisation","Adjudicated outcomes","Guilty outcome","Guilty plea by defendant","Proportion","","","Derived from ABS (unpublished) Criminal Courts Australia","%","59.7","na","70.6","na","58.5","na","na","80.9","na",""
"SE10b.2","2019-20","Criminal court defendants","All ages","All people","Aboriginal and Torres Strait Islander people","All areas","Criminal court defendants with a finalised court outcome","Method of finalisation","Adjudicated outcomes","Guilty outcome","Guilty finding by court","Proportion","","","Derived from ABS (unpublished) Criminal Courts Australia","%","14.4","na","0.8","na","0.6","na","na","1.4","na",""
"SE10b.2","2019-20","Criminal court defendants","All ages","All people","Aboriginal and Torres Strait Islander people","All areas","Criminal court defendants with a finalised court outcome","Method of finalisation","Adjudicated outcomes","Guilty outcome","Guilty ex-parte","Proportion","","","Derived from ABS (unpublished) Criminal Courts Australia","%","8.6","na","11.5","na","6.4","na","na","0.7","na",""
"SE10b.2","2019-20","Criminal court defendants","All ages","All people","Aboriginal and Torres Strait Islander people","All areas","Criminal court defendants with a finalised court outcome","Method of finalisation","Adjudicated outcomes","Guilty outcome","Agreement of wrongdoing","Proportion","","","Derived from ABS (unpublished) Criminal Courts Australia","%","na","na","na","na","na","na","na","na","na",""
"SE10b.2","2019-20","Criminal court defendants","All ages","All people","Aboriginal and Torres Strait Islander people","All areas","Criminal court defendants with a finalised court outcome","Method of finalisation","Transfer to other court levels","Transfer to other court levels","Transfer to other court levels","Proportion","","","Derived from ABS (unpublished) Criminal Courts Australia","%","5.0","na","7.4","na","3.9","na","na","5.3","na",""
"SE10b.2","2019-20","Criminal court defendants","All ages","All people","Aboriginal and Torres Strait Islander people","All areas","Criminal court defendants with a finalised court outcome","Method of finalisation","Withdrawn by prosecution","Withdrawn by prosecution","Withdrawn by prosecution","Proportion","","","Derived from ABS (unpublished) Criminal Courts Australia","%","6.3","na","8.5","na","28.6","na","na","7.2","na",""
"SE10b.2","2019-20","Criminal court defendants","All ages","All people","Non-Indigenous people","All areas","Criminal court defendants with a finalised court outcome","Method of finalisation","Adjudicated outcomes","","","Proportion","","","Derived from ABS (unpublished) Criminal Courts Australia","%","88.5","na","79.7","na","63.4","na","na","80.6","na",""
"SE10b.2","2019-20","Criminal court defendants","All ages","All people","Non-Indigenous people","All areas","Criminal court defendants with a finalised court outcome","Method of finalisation","Adjudicated outcomes","Acquitted","Acquitted","Proportion","","","Derived from ABS (unpublished) Criminal Courts Australia","%","6.3","na","1.1","na","2.5","na","na","2.4","na",""
"SE10b.2","2019-20","Criminal court defendants","All ages","All people","Non-Indigenous people","All areas","Criminal court defendants with a finalised court outcome","Method of finalisation","Adjudicated outcomes","Guilty outcome","","Proportion","","","Derived from ABS (unpublished) Criminal Courts Australia","%","82.1","na","78.6","na","60.9","na","na","77.8","na",""
"SE10b.2","2019-20","Criminal court defendants","All ages","All people","Non-Indigenous people","All areas","Criminal court defendants with a finalised court outcome","Method of finalisation","Adjudicated outcomes","Guilty outcome","Guilty plea by defendant","Proportion","","","Derived from ABS (unpublished) Criminal Courts Australia","%","58.8","na","69.0","na","56.2","na","na","70.6","na",""
"SE10b.2","2019-20","Criminal court defendants","All ages","All people","Non-Indigenous people","All areas","Criminal court defendants with a finalised court outcome","Method of finalisation","Adjudicated outcomes","Guilty outcome","Guilty finding by court","Proportion","","","Derived from ABS (unpublished) Criminal Courts Australia","%","10.8","na","1.0","na","0.9","na","na","4.3","na",""
"SE10b.2","2019-20","Criminal court defendants","All ages","All people","Non-Indigenous people","All areas","Criminal court defendants with a finalised court outcome","Method of finalisation","Adjudicated outcomes","Guilty outcome","Guilty ex-parte","Proportion","","","Derived from ABS (unpublished) Criminal Courts Australia","%","12.3","na","8.6","na","3.7","na","na","1.3","na",""
"SE10b.2","2019-20","Criminal court defendants","All ages","All people","Non-Indigenous people","All areas","Criminal court defendants with a finalised court outcome","Method of finalisation","Adjudicated outcomes","Guilty outcome","Agreement of wrongdoing","Proportion","","","Derived from ABS (unpublished) Criminal Courts Australia","%","na","na","na","na","na","na","na","na","na",""
"SE10b.2","2019-20","Criminal court defendants","All ages","All people","Non-Indigenous people","All areas","Criminal court defendants with a finalised court outcome","Method of finalisation","Transfer to other court levels","Transfer to other court levels","Transfer to other court levels","Proportion","","","Derived from ABS (unpublished) Criminal Courts Australia","%","5.2","na","9.7","na","7.4","na","na","11.8","na",""
"SE10b.2","2019-20","Criminal court defendants","All ages","All people","Non-Indigenous people","All areas","Criminal court defendants with a finalised court outcome","Method of finalisation","Withdrawn by prosecution","Withdrawn by prosecution","Withdrawn by prosecution","Proportion","","","Derived from ABS (unpublished) Criminal Courts Australia","%","6.0","na","10.4","na","28.6","na","na","8.1","na",""
"SE10b.2","2019-20","Criminal court defendants","All ages","All people","Aboriginal and Torres Strait Islander people","All areas","Criminal court defendants with a finalised court outcome","Method of finalisation","Adjudicated outcomes","","","Number","","","ABS (unpublished) Criminal Courts Australia","no.","12099","na","14084","na","2756","na","na","3887","na",""
"SE10b.2","2019-20","Criminal court defendants","All ages","All people","Aboriginal and Torres Strait Islander people","All areas","Criminal court defendants with a finalised court outcome","Method of finalisation","Adjudicated outcomes","Acquitted","","Number","","","ABS (unpublished) Criminal Courts Australia","no.","726","na","150","na","78","na","na","99","na",""
"SE10b.2","2019-20","Criminal court defendants","All ages","All people","Aboriginal and Torres Strait Islander people","All areas","Criminal court defendants with a finalised court outcome","Method of finalisation","Adjudicated outcomes","Guilty outcome","","Number","","","ABS (unpublished) Criminal Courts Australia","no.","11370","na","13930","na","2681","na","na","3786","na",""
"SE10b.2","2019-20","Criminal court defendants","All ages","All people","Aboriginal and Torres Strait Islander people","All areas","Criminal court defendants with a finalised court outcome","Method of finalisation","Adjudicated outcomes","Guilty outcome","Guilty plea by defendant","Number","","","ABS (unpublished) Criminal Courts Australia","no.","8165","na","11853","na","2397","na","na","3597","na",""
"SE10b.2","2019-20","Criminal court defendants","All ages","All people","Aboriginal and Torres Strait Islander people","All areas","Criminal court defendants with a finalised court outcome","Method of finalisation","Adjudicated outcomes","Guilty outcome","Guilty finding by court","Number","","","ABS (unpublished) Criminal Courts Australia","no.","1972","na","137","na","24","na","na","62","na",""
"SE10b.2","2019-20","Criminal court defendants","All ages","All people","Aboriginal and Torres Strait Islander people","All areas","Criminal court defendants with a finalised court outcome","Method of finalisation","Adjudicated outcomes","Guilty outcome","Guilty ex-parte","Number","","","ABS (unpublished) Criminal Courts Australia","no.","1172","na","1938","na","263","na","na","30","na",""
"SE10b.2","2019-20","Criminal court defendants","All ages","All people","Aboriginal and Torres Strait Islander people","All areas","Criminal court defendants with a finalised court outcome","Method of finalisation","Adjudicated outcomes","Guilty outcome","Agreement of wrongdoing","Number","","","ABS (unpublished) Criminal Courts Australia","no.","na","na","na","na","na","na","na","na","na",""
"SE10b.2","2019-20","Criminal court defendants","All ages","All people","Aboriginal and Torres Strait Islander people","All areas","Criminal court defendants with a finalised court outcome","Method of finalisation","Transfer to other court levels","","","Number","","","ABS (unpublished) Criminal Courts Australia","no.","688","na","1242","na","158","na","na","236","na",""
"SE10b.2","2019-20","Criminal court defendants","All ages","All people","Aboriginal and Torres Strait Islander people","All areas","Criminal court defendants with a finalised court outcome","Method of finalisation","Withdrawn by prosecution","","","Number","","","ABS (unpublished) Criminal Courts Australia","no.","856","na","1428","na","1173","na","na","322","na",""
"SE10b.2","2019-20","Criminal court defendants","All ages","All people","Non-Indigenous people","All areas","Criminal court defendants with a finalised court outcome","Method of finalisation","Adjudicated outcomes","","","Number","","","ABS (unpublished) Criminal Courts Australia","no.","49066","na","49138","na","8442","na","na","945","na",""
"SE10b.2","2019-20","Criminal court defendants","All ages","All people","Non-Indigenous people","All areas","Criminal court defendants with a finalised court outcome","Method of finalisation","Adjudicated outcomes","Acquitted","","Number","","","ABS (unpublished) Criminal Courts Australia","no.","3496","na","692","na","332","na","na","28","na",""
"SE10b.2","2019-20","Criminal court defendants","All ages","All people","Non-Indigenous people","All areas","Criminal court defendants with a finalised court outcome","Method of finalisation","Adjudicated outcomes","Guilty outcome","","Number","","","ABS (unpublished) Criminal Courts Australia","no.","45565","na","48449","na","8116","na","na","912","na",""
"SE10b.2","2019-20","Criminal court defendants","All ages","All people","Non-Indigenous people","All areas","Criminal court defendants with a finalised court outcome","Method of finalisation","Adjudicated outcomes","Guilty outcome","Guilty plea by defendant","Number","","","ABS (unpublished) Criminal Courts Australia","no.","32634","na","42554","na","7494","na","na","828","na",""
"SE10b.2","2019-20","Criminal court defendants","All ages","All people","Non-Indigenous people","All areas","Criminal court defendants with a finalised court outcome","Method of finalisation","Adjudicated outcomes","Guilty outcome","Guilty finding by court","Number","","","ABS (unpublished) Criminal Courts Australia","no.","5971","na","614","na","125","na","na","50","na",""
"SE10b.2","2019-20","Criminal court defendants","All ages","All people","Non-Indigenous people","All areas","Criminal court defendants with a finalised court outcome","Method of finalisation","Adjudicated outcomes","Guilty outcome","Guilty ex-parte","Number","","","ABS (unpublished) Criminal Courts Australia","no.","6804","na","5287","na","496","na","na","15","na",""
"SE10b.2","2019-20","Criminal court defendants","All ages","All people","Non-Indigenous people","All areas","Criminal court defendants with a finalised court outcome","Method of finalisation","Adjudicated outcomes","Guilty outcome","Agreement of wrongdoing","Number","","","ABS (unpublished) Criminal Courts Australia","no.","na","na","na","na","na","na","na","na","na",""
"SE10b.2","2019-20","Criminal court defendants","All ages","All people","Non-Indigenous people","All areas","Criminal court defendants with a finalised court outcome","Method of finalisation","Transfer to other court levels","","","Number","","","ABS (unpublished) Criminal Courts Australia","no.","2883","na","5982","na","992","na","na","138","na",""
"SE10b.2","2019-20","Criminal court defendants","All ages","All people","Non-Indigenous people","All areas","Criminal court defendants with a finalised court outcome","Method of finalisation","Withdrawn by prosecution","","","Number","","","ABS (unpublished) Criminal Courts Australia","no.","3354","na","6391","na","3810","na","na","95","na",""
"SE10b.2","2019-20","Criminal court defendants","All ages","All people","Aboriginal and Torres Strait Islander people","All areas","Total number of criminal court defendants with a finalised court outcome","","","","","Number","","","ABS (unpublished) Criminal Courts Australia","no.","13675","na","16792","na","4098","na","na","4445","na",""
"SE10b.2","2019-20","Criminal court defendants","All ages","All people","Non-Indigenous people","All areas","Total number of criminal court defendants with a finalised court outcome","","","","","Number","","","ABS (unpublished) Criminal Courts Australia","no.","55473","na","61647","na","13323","na","na","1172","na",""
"SE10b.2","2019-20","Criminal court defendants","All ages","All people","Indigenous status not stated","All areas","Total number of criminal court defendants with a finalised court outcome","","","","","Number","","","ABS (unpublished) Criminal Courts Australia","no.","10650","na","1410","na","1241","na","na","141","na",""
"SE10b.2","2018-19","Criminal court defendants","All ages","All people","Aboriginal and Torres Strait Islander people","All areas","Criminal court defendants with a finalised court outcome","Method of finalisation","Adjudicated outcomes","","","Proportion","","","Derived from ABS (unpublished) Criminal Courts Australia","%","88.4","na","85.7","na","68.3","na","na","89.5","na",""
"SE10b.2","2018-19","Criminal court defendants","All ages","All people","Aboriginal and Torres Strait Islander people","All areas","Criminal court defendants with a finalised court outcome","Method of finalisation","Adjudicated outcomes","Acquitted","Acquitted","Proportion","","","Derived from ABS (unpublished) Criminal Courts Australia","%","6.4","na","0.7","na","0.6","na","na","2.3","na",""
"SE10b.2","2018-19","Criminal court defendants","All ages","All people","Aboriginal and Torres Strait Islander people","All areas","Criminal court defendants with a finalised court outcome","Method of finalisation","Adjudicated outcomes","Guilty outcome","","Proportion","","","Derived from ABS (unpublished) Criminal Courts Australia","%","82.0","na","85.0","na","67.7","na","na","87.2","na",""
"SE10b.2","2018-19","Criminal court defendants","All ages","All people","Aboriginal and Torres Strait Islander people","All areas","Criminal court defendants with a finalised court outcome","Method of finalisation","Adjudicated outcomes","Guilty outcome","Guilty plea by defendant","Proportion","","","Derived from ABS (unpublished) Criminal Courts Australia","%","59.7","na","71.6","na","61.0","na","na","82.4","na",""
"SE10b.2","2018-19","Criminal court defendants","All ages","All people","Aboriginal and Torres Strait Islander people","All areas","Criminal court defendants with a finalised court outcome","Method of finalisation","Adjudicated outcomes","Guilty outcome","Guilty finding by court","Proportion","","","Derived from ABS (unpublished) Criminal Courts Australia","%","15.4","na","0.8","na","0.5","na","na","3.8","na",""
"SE10b.2","2018-19","Criminal court defendants","All ages","All people","Aboriginal and Torres Strait Islander people","All areas","Criminal court defendants with a finalised court outcome","Method of finalisation","Adjudicated outcomes","Guilty outcome","Guilty ex-parte","Proportion","","","Derived from ABS (unpublished) Criminal Courts Australia","%","6.9","na","12.6","na","6.0","na","na","0.9","na",""
"SE10b.2","2018-19","Criminal court defendants","All ages","All people","Aboriginal and Torres Strait Islander people","All areas","Criminal court defendants with a finalised court outcome","Method of finalisation","Adjudicated outcomes","Guilty outcome","Agreement of wrongdoing","Proportion","","","Derived from ABS (unpublished) Criminal Courts Australia","%","na","na","na","na","na","na","na","na","na",""
"SE10b.2","2018-19","Criminal court defendants","All ages","All people","Aboriginal and Torres Strait Islander people","All areas","Criminal court defendants with a finalised court outcome","Method of finalisation","Transfer to other court levels","Transfer to other court levels","Transfer to other court levels","Proportion","","","Derived from ABS (unpublished) Criminal Courts Australia","%","4.5","na","6.2","na","3.0","na","na","3.8","na",""
"SE10b.2","2018-19","Criminal court defendants","All ages","All people","Aboriginal and Torres Strait Islander people","All areas","Criminal court defendants with a finalised court outcome","Method of finalisation","Withdrawn by prosecution","Withdrawn by prosecution","Withdrawn by prosecution","Proportion","","","Derived from ABS (unpublished) Criminal Courts Australia","%","6.8","na","7.9","na","28.5","na","na","6.7","na",""
"SE10b.2","2018-19","Criminal court defendants","All ages","All people","Non-Indigenous people","All areas","Criminal court defendants with a finalised court outcome","Method of finalisation","Adjudicated outcomes","","","Proportion","","","Derived from ABS (unpublished) Criminal Courts Australia","%","88.2","na","81.2","na","63.1","na","na","82.3","na",""
"SE10b.2","2018-19","Criminal court defendants","All ages","All people","Non-Indigenous people","All areas","Criminal court defendants with a finalised court outcome","Method of finalisation","Adjudicated outcomes","Acquitted","Acquitted","Proportion","","","Derived from ABS (unpublished) Criminal Courts Australia","%","6.9","na","1.1","na","1.2","na","na","3.0","na",""
"SE10b.2","2018-19","Criminal court defendants","All ages","All people","Non-Indigenous people","All areas","Criminal court defendants with a finalised court outcome","Method of finalisation","Adjudicated outcomes","Guilty outcome","","Proportion","","","Derived from ABS (unpublished) Criminal Courts Australia","%","81.3","na","80.0","na","61.9","na","na","79.4","na",""
"SE10b.2","2018-19","Criminal court defendants","All ages","All people","Non-Indigenous people","All areas","Criminal court defendants with a finalised court outcome","Method of finalisation","Adjudicated outcomes","Guilty outcome","Guilty plea by defendant","Proportion","","","Derived from ABS (unpublished) Criminal Courts Australia","%","59.4","na","69.9","na","57.2","na","na","71.3","na",""
"SE10b.2","2018-19","Criminal court defendants","All ages","All people","Non-Indigenous people","All areas","Criminal court defendants with a finalised court outcome","Method of finalisation","Adjudicated outcomes","Guilty outcome","Guilty finding by court","Proportion","","","Derived from ABS (unpublished) Criminal Courts Australia","%","11.1","na","1.0","na","1.1","na","na","7.1","na",""
"SE10b.2","2018-19","Criminal court defendants","All ages","All people","Non-Indigenous people","All areas","Criminal court defendants with a finalised court outcome","Method of finalisation","Adjudicated outcomes","Guilty outcome","Guilty ex-parte","Proportion","","","Derived from ABS (unpublished) Criminal Courts Australia","%","10.7","na","9.1","na","3.6","na","na","1.3","na",""
"SE10b.2","2018-19","Criminal court defendants","All ages","All people","Non-Indigenous people","All areas","Criminal court defendants with a finalised court outcome","Method of finalisation","Adjudicated outcomes","Guilty outcome","Agreement of wrongdoing","Proportion","","","Derived from ABS (unpublished) Criminal Courts Australia","%","na","na","na","na","na","na","na","na","na",""
"SE10b.2","2018-19","Criminal court defendants","All ages","All people","Non-Indigenous people","All areas","Criminal court defendants with a finalised court outcome","Method of finalisation","Transfer to other court levels","Transfer to other court levels","Transfer to other court levels","Proportion","","","Derived from ABS (unpublished) Criminal Courts Australia","%","5.5","na","9.0","na","5.4","na","na","9.3","na",""
"SE10b.2","2018-19","Criminal court defendants","All ages","All people","Non-Indigenous people","All areas","Criminal court defendants with a finalised court outcome","Method of finalisation","Withdrawn by prosecution","Withdrawn by prosecution","Withdrawn by prosecution","Proportion","","","Derived from ABS (unpublished) Criminal Courts Australia","%","6.1","na","9.7","na","31.1","na","na","8.1","na",""
"SE10b.2","2018-19","Criminal court defendants","All ages","All people","Aboriginal and Torres Strait Islander people","All areas","Criminal court defendants with a finalised court outcome","Method of finalisation","Adjudicated outcomes","","","Number","","","ABS (unpublished) Criminal Courts Australia","no.","12206","na","17159","na","2773","na","na","4546","na",""
"SE10b.2","2018-19","Criminal court defendants","All ages","All people","Aboriginal and Torres Strait Islander people","All areas","Criminal court defendants with a finalised court outcome","Method of finalisation","Adjudicated outcomes","Acquitted","","Number","","","ABS (unpublished) Criminal Courts Australia","no.","881","na","145","na","26","na","na","115","na",""
"SE10b.2","2018-19","Criminal court defendants","All ages","All people","Aboriginal and Torres Strait Islander people","All areas","Criminal court defendants with a finalised court outcome","Method of finalisation","Adjudicated outcomes","Guilty outcome","","Number","","","ABS (unpublished) Criminal Courts Australia","no.","11317","na","17017","na","2748","na","na","4432","na",""
"SE10b.2","2018-19","Criminal court defendants","All ages","All people","Aboriginal and Torres Strait Islander people","All areas","Criminal court defendants with a finalised court outcome","Method of finalisation","Adjudicated outcomes","Guilty outcome","Guilty plea by defendant","Number","","","ABS (unpublished) Criminal Courts Australia","no.","8235","na","14335","na","2476","na","na","4189","na",""
"SE10b.2","2018-19","Criminal court defendants","All ages","All people","Aboriginal and Torres Strait Islander people","All areas","Criminal court defendants with a finalised court outcome","Method of finalisation","Adjudicated outcomes","Guilty outcome","Guilty finding by court","Number","","","ABS (unpublished) Criminal Courts Australia","no.","2121","na","168","na","22","na","na","193","na",""
"SE10b.2","2018-19","Criminal court defendants","All ages","All people","Aboriginal and Torres Strait Islander people","All areas","Criminal court defendants with a finalised court outcome","Method of finalisation","Adjudicated outcomes","Guilty outcome","Guilty ex-parte","Number","","","ABS (unpublished) Criminal Courts Australia","no.","946","na","2516","na","244","na","na","48","na",""
"SE10b.2","2018-19","Criminal court defendants","All ages","All people","Aboriginal and Torres Strait Islander people","All areas","Criminal court defendants with a finalised court outcome","Method of finalisation","Adjudicated outcomes","Guilty outcome","Agreement of wrongdoing","Number","","","ABS (unpublished) Criminal Courts Australia","no.","na","na","na","na","na","na","na","na","na",""
"SE10b.2","2018-19","Criminal court defendants","All ages","All people","Aboriginal and Torres Strait Islander people","All areas","Criminal court defendants with a finalised court outcome","Method of finalisation","Transfer to other court levels","","","Number","","","ABS (unpublished) Criminal Courts Australia","no.","626","na","1238","na","121","na","na","194","na",""
"SE10b.2","2018-19","Criminal court defendants","All ages","All people","Aboriginal and Torres Strait Islander people","All areas","Criminal court defendants with a finalised court outcome","Method of finalisation","Withdrawn by prosecution","","","Number","","","ABS (unpublished) Criminal Courts Australia","no.","943","na","1581","na","1158","na","na","343","na",""
"SE10b.2","2018-19","Criminal court defendants","All ages","All people","Non-Indigenous people","All areas","Criminal court defendants with a finalised court outcome","Method of finalisation","Adjudicated outcomes","","","Number","","","ABS (unpublished) Criminal Courts Australia","no.","54289","na","61423","na","9483","na","na","1114","na",""
"SE10b.2","2018-19","Criminal court defendants","All ages","All people","Non-Indigenous people","All areas","Criminal court defendants with a finalised court outcome","Method of finalisation","Adjudicated outcomes","Acquitted","","Number","","","ABS (unpublished) Criminal Courts Australia","no.","4222","na","863","na","185","na","na","40","na",""
"SE10b.2","2018-19","Criminal court defendants","All ages","All people","Non-Indigenous people","All areas","Criminal court defendants with a finalised court outcome","Method of finalisation","Adjudicated outcomes","Guilty outcome","","Number","","","ABS (unpublished) Criminal Courts Australia","no.","50070","na","60562","na","9295","na","na","1075","na",""
"SE10b.2","2018-19","Criminal court defendants","All ages","All people","Non-Indigenous people","All areas","Criminal court defendants with a finalised court outcome","Method of finalisation","Adjudicated outcomes","Guilty outcome","Guilty plea by defendant","Number","","","ABS (unpublished) Criminal Courts Australia","no.","36595","na","52920","na","8600","na","na","965","na",""
"SE10b.2","2018-19","Criminal court defendants","All ages","All people","Non-Indigenous people","All areas","Criminal court defendants with a finalised court outcome","Method of finalisation","Adjudicated outcomes","Guilty outcome","Guilty finding by court","Number","","","ABS (unpublished) Criminal Courts Australia","no.","6817","na","750","na","168","na","na","96","na",""
"SE10b.2","2018-19","Criminal court defendants","All ages","All people","Non-Indigenous people","All areas","Criminal court defendants with a finalised court outcome","Method of finalisation","Adjudicated outcomes","Guilty outcome","Guilty ex-parte","Number","","","ABS (unpublished) Criminal Courts Australia","no.","6609","na","6892","na","535","na","na","17","na",""
"SE10b.2","2018-19","Criminal court defendants","All ages","All people","Non-Indigenous people","All areas","Criminal court defendants with a finalised court outcome","Method of finalisation","Adjudicated outcomes","Guilty outcome","Agreement of wrongdoing","Number","","","ABS (unpublished) Criminal Courts Australia","no.","na","na","na","na","na","na","na","na","na",""
"SE10b.2","2018-19","Criminal court defendants","All ages","All people","Non-Indigenous people","All areas","Criminal court defendants with a finalised court outcome","Method of finalisation","Transfer to other court levels","","","Number","","","ABS (unpublished) Criminal Courts Australia","no.","3380","na","6780","na","813","na","na","126","na",""
"SE10b.2","2018-19","Criminal court defendants","All ages","All people","Non-Indigenous people","All areas","Criminal court defendants with a finalised court outcome","Method of finalisation","Withdrawn by prosecution","","","Number","","","ABS (unpublished) Criminal Courts Australia","no.","3754","na","7313","na","4668","na","na","109","na",""
"SE10b.2","2018-19","Criminal court defendants","All ages","All people","Aboriginal and Torres Strait Islander people","All areas","Total number of criminal court defendants with a finalised court outcome","","","","","Number","","","ABS (unpublished) Criminal Courts Australia","no.","13803","na","20019","na","4059","na","na","5082","na",""
"SE10b.2","2018-19","Criminal court defendants","All ages","All people","Non-Indigenous people","All areas","Total number of criminal court defendants with a finalised court outcome","","","","","Number","","","ABS (unpublished) Criminal Courts Australia","no.","61587","na","75680","na","15025","na","na","1354","na",""
"SE10b.2","2018-19","Criminal court defendants","All ages","All people","Indigenous status not stated","All areas","Total number of criminal court defendants with a finalised court outcome","","","","","Number","","","ABS (unpublished) Criminal Courts Australia","no.","11001","na","2247","na","1521","na","na","107","na",""
"SE10b.3","2024-25","Criminal court defendants","All ages","All people","Aboriginal and Torres Strait Islander people","All areas","Criminal court defendants finalised with a guilty outcome","Principal sentence","Custody in a correctional institution","","","Proportion","","","Derived from ABS (unpublished) Criminal Courts Australia","%","24.3","na","30.5","na","45.2","23.9","36.2","70.3","34.4",""
"SE10b.3","2024-25","Criminal court defendants","All ages","All people","Aboriginal and Torres Strait Islander people","All areas","Criminal court defendants finalised with a guilty outcome","Principal sentence","Intensive penalty in the community","","","Proportion","","","Derived from ABS (unpublished) Criminal Courts Australia","%","8.6","na","0.2","na","7.0","2.1","1.5","1.5","4.4",""
"SE10b.3","2024-25","Criminal court defendants","All ages","All people","Aboriginal and Torres Strait Islander people","All areas","Criminal court defendants finalised with a guilty outcome","Principal sentence","Fully suspended sentence of imprisonment","","","Proportion","","","Derived from ABS (unpublished) Criminal Courts Australia","%","0","na","10.4","na","6.3","13.6","12.6","6.4","5.3",""
"SE10b.3","2024-25","Criminal court defendants","All ages","All people","Aboriginal and Torres Strait Islander people","All areas","Criminal court defendants finalised with a guilty outcome","Principal sentence","Moderate penalty in the community and Community service/work","","","Proportion","","","Derived from ABS (unpublished) Criminal Courts Australia","%","26.6","na","15.7","na","6.8","10.6","0","15.0","19.1",""
"SE10b.3","2024-25","Criminal court defendants","All ages","All people","Aboriginal and Torres Strait Islander people","All areas","Criminal court defendants finalised with a guilty outcome","Principal sentence","Monetary penalties","","","Proportion","","","Derived from ABS (unpublished) Criminal Courts Australia","%","23.6","na","33.5","na","11.7","26.8","8.5","4.5","23.5",""
"SE10b.3","2024-25","Criminal court defendants","All ages","All people","Aboriginal and Torres Strait Islander people","All areas","Criminal court defendants finalised with a guilty outcome","Principal sentence","Nominal and other penalties and Good behaviour (incl. bonds)","","","Proportion","","","Derived from ABS (unpublished) Criminal Courts Australia","%","16.9","na","9.8","na","23.1","22.9","37.7","2.3","13.2",""
"SE10b.3","2024-25","Criminal court defendants","All ages","All people","Non-Indigenous people","All areas","Criminal court defendants finalised with a guilty outcome","Principal sentence","Custody in a correctional institution","","","Proportion","","","Derived from ABS (unpublished) Criminal Courts Australia","%","12.2","na","22.0","na","30.0","21.6","26.0","38.2","17.9",""
"SE10b.3","2024-25","Criminal court defendants","All ages","All people","Non-Indigenous people","All areas","Criminal court defendants finalised with a guilty outcome","Principal sentence","Intensive penalty in the community","","","Proportion","","","Derived from ABS (unpublished) Criminal Courts Australia","%","6.0","na","0.2","na","7.0","1.6","2.8","1.4","3.7",""
"SE10b.3","2024-25","Criminal court defendants","All ages","All people","Non-Indigenous people","All areas","Criminal court defendants finalised with a guilty outcome","Principal sentence","Fully suspended sentence of imprisonment","","","Proportion","","","Derived from ABS (unpublished) Criminal Courts Australia","%","0","na","8.8","na","6.7","13.0","13.5","7.6","4.5",""
"SE10b.3","2024-25","Criminal court defendants","All ages","All people","Non-Indigenous people","All areas","Criminal court defendants finalised with a guilty outcome","Principal sentence","Moderate penalty in the community and Community service/work","","","Proportion","","","Derived from ABS (unpublished) Criminal Courts Australia","%","24.1","na","14.7","na","7.0","9.6","1.7","20.3","18.5",""
"SE10b.3","2024-25","Criminal court defendants","All ages","All people","Non-Indigenous people","All areas","Criminal court defendants finalised with a guilty outcome","Principal sentence","Monetary penalties","","","Proportion","","","Derived from ABS (unpublished) Criminal Courts Australia","%","31.4","na","42.0","na","19.0","30.3","15.7","21.4","34.3",""
"SE10b.3","2024-25","Criminal court defendants","All ages","All people","Non-Indigenous people","All areas","Criminal court defendants finalised with a guilty outcome","Principal sentence","Nominal and other penalties and Good behaviour (incl. bonds)","","","Proportion","","","Derived from ABS (unpublished) Criminal Courts Australia","%","26.3","na","12.3","na","30.2","23.0","40.9","11.2","21.2",""
"SE10b.3","2024-25","Criminal court defendants","All ages","All people","Aboriginal and Torres Strait Islander people","All areas","Criminal court defendants finalised with a guilty outcome","Principal sentence","Custody in a correctional institution","","","Number","","","ABS (unpublished) Criminal Courts Australia","no.","4722","na","5011","na","1834","259","72","4432","16330",""
"SE10b.3","2024-25","Criminal court defendants","All ages","All people","Aboriginal and Torres Strait Islander people","All areas","Criminal court defendants finalised with a guilty outcome","Principal sentence","Intensive penalty in the community","","","Number","","","ABS (unpublished) Criminal Courts Australia","no.","1661","na","25","na","284","23","3","97","2093",""
"SE10b.3","2024-25","Criminal court defendants","All ages","All people","Aboriginal and Torres Strait Islander people","All areas","Criminal court defendants finalised with a guilty outcome","Principal sentence","Fully suspended sentence of imprisonment","","","Number","","","ABS (unpublished) Criminal Courts Australia","no.","0","na","1701","na","257","148","25","403","2534",""
"SE10b.3","2024-25","Criminal court defendants","All ages","All people","Aboriginal and Torres Strait Islander people","All areas","Criminal court defendants finalised with a guilty outcome","Principal sentence","Moderate penalty in the community and Community service/work","","","Number","","","ABS (unpublished) Criminal Courts Australia","no.","5153","na","2582","na","275","115","0","942","9067",""
"SE10b.3","2024-25","Criminal court defendants","All ages","All people","Aboriginal and Torres Strait Islander people","All areas","Criminal court defendants finalised with a guilty outcome","Principal sentence","Monetary penalties","","","Number","","","ABS (unpublished) Criminal Courts Australia","no.","4584","na","5499","na","476","291","17","284","11151",""
"SE10b.3","2024-25","Criminal court defendants","All ages","All people","Aboriginal and Torres Strait Islander people","All areas","Criminal court defendants finalised with a guilty outcome","Principal sentence","Nominal and other penalties and Good behaviour (incl. bonds)","","","Number","","","ABS (unpublished) Criminal Courts Australia","no.","3272","na","1611","na","937","248","75","142","6285",""
"SE10b.3","2024-25","Criminal court defendants","All ages","All people","Non-Indigenous people","All areas","Criminal court defendants finalised with a guilty outcome","Principal sentence","Custody in a correctional institution","","","Number","","","ABS (unpublished) Criminal Courts Australia","no.","6288","na","8770","na","2371","657","261","320","18667",""
"SE10b.3","2024-25","Criminal court defendants","All ages","All people","Non-Indigenous people","All areas","Criminal court defendants finalised with a guilty outcome","Principal sentence","Intensive penalty in the community","","","Number","","","ABS (unpublished) Criminal Courts Australia","no.","3109","na","75","na","554","48","28","12","3826",""
"SE10b.3","2024-25","Criminal court defendants","All ages","All people","Non-Indigenous people","All areas","Criminal court defendants finalised with a guilty outcome","Principal sentence","Fully suspended sentence of imprisonment","","","Number","","","ABS (unpublished) Criminal Courts Australia","no.","6","na","3528","na","531","395","136","64","4660",""
"SE10b.3","2024-25","Criminal court defendants","All ages","All people","Non-Indigenous people","All areas","Criminal court defendants finalised with a guilty outcome","Principal sentence","Moderate penalty in the community and Community service/work","","","Number","","","ABS (unpublished) Criminal Courts Australia","no.","12439","na","5891","na","555","292","17","170","19364",""
"SE10b.3","2024-25","Criminal court defendants","All ages","All people","Non-Indigenous people","All areas","Criminal court defendants finalised with a guilty outcome","Principal sentence","Monetary penalties","","","Number","","","ABS (unpublished) Criminal Courts Australia","no.","16224","na","16770","na","1504","923","158","179","35758",""
"SE10b.3","2024-25","Criminal court defendants","All ages","All people","Non-Indigenous people","All areas","Criminal court defendants finalised with a guilty outcome","Principal sentence","Nominal and other penalties and Good behaviour (incl. bonds)","","","Number","","","ABS (unpublished) Criminal Courts Australia","no.","13589","na","4930","na","2385","699","411","94","22108",""
"SE10b.3","2024-25","Criminal court defendants","All ages","All people","Aboriginal and Torres Strait Islander people","All areas","Total number of criminal court defendants finalised with a guilty outcome","","","","","Number","","","ABS (unpublished) Criminal Courts Australia","no.","19396","na","16429","na","4061","1085","199","6300","47470",""
"SE10b.3","2024-25","Criminal court defendants","All ages","All people","Non-Indigenous people","All areas","Total number of criminal court defendants finalised with a guilty outcome","","","","","Number","","","ABS (unpublished) Criminal Courts Australia","no.","51663","na","39953","na","7896","3042","1005","838","104397",""
"SE10b.3","2024-25","Criminal court defendants","All ages","All people","Indigenous status not stated","All areas","Total number of criminal court defendants finalised with a guilty outcome","","","","","Number","","","ABS (unpublished) Criminal Courts Australia","no.","4761","na","934","na","380","640","20","204","6939",""
"SE10b.3","2023-24","Criminal court defendants","All ages","All people","Aboriginal and Torres Strait Islander people","All areas","Criminal court defendants finalised with a guilty outcome","Principal sentence","Custody in a correctional institution","","","Proportion","","","Derived from ABS (unpublished) Criminal Courts Australia","%","20.7","na","27.9","na","47.0","27.8","37.2","69.6","31.0",""
"SE10b.3","2023-24","Criminal court defendants","All ages","All people","Aboriginal and Torres Strait Islander people","All areas","Criminal court defendants finalised with a guilty outcome","Principal sentence","Intensive penalty in the community","","","Proportion","","","Derived from ABS (unpublished) Criminal Courts Australia","%","9.1","na","0.1","na","5.2","1.3","1.6","1.1","4.2",""
"SE10b.3","2023-24","Criminal court defendants","All ages","All people","Aboriginal and Torres Strait Islander people","All areas","Criminal court defendants finalised with a guilty outcome","Principal sentence","Fully suspended sentence of imprisonment","","","Proportion","","","Derived from ABS (unpublished) Criminal Courts Australia","%","0","na","9.5","na","5.7","15.3","11.5","6.7","5.3",""
"SE10b.3","2023-24","Criminal court defendants","All ages","All people","Aboriginal and Torres Strait Islander people","All areas","Criminal court defendants finalised with a guilty outcome","Principal sentence","Moderate penalty in the community and Community service/work","","","Proportion","","","Derived from ABS (unpublished) Criminal Courts Australia","%","28.6","na","15.7","na","6.2","9.1","1.6","5.5","18.8",""
"SE10b.3","2023-24","Criminal court defendants","All ages","All people","Aboriginal and Torres Strait Islander people","All areas","Criminal court defendants finalised with a guilty outcome","Principal sentence","Monetary penalties","","","Proportion","","","Derived from ABS (unpublished) Criminal Courts Australia","%","24.6","na","36.0","na","12.3","28.6","4.9","7.4","26.4",""
"SE10b.3","2023-24","Criminal court defendants","All ages","All people","Aboriginal and Torres Strait Islander people","All areas","Criminal court defendants finalised with a guilty outcome","Principal sentence","Nominal and other penalties and Good behaviour (incl. bonds)","","","Proportion","","","Derived from ABS (unpublished) Criminal Courts Australia","%","16.9","na","10.9","na","23.6","17.1","40.4","10.0","14.4",""
"SE10b.3","2023-24","Criminal court defendants","All ages","All people","Non-Indigenous people","All areas","Criminal court defendants finalised with a guilty outcome","Principal sentence","Custody in a correctional institution","","","Proportion","","","Derived from ABS (unpublished) Criminal Courts Australia","%","11.5","na","18.0","na","28.7","24.2","na","37.2","15.9",""
"SE10b.3","2023-24","Criminal court defendants","All ages","All people","Non-Indigenous people","All areas","Criminal court defendants finalised with a guilty outcome","Principal sentence","Intensive penalty in the community","","","Proportion","","","Derived from ABS (unpublished) Criminal Courts Australia","%","6.3","na","0.2","na","7.4","1.1","na","2.7","3.6",""
"SE10b.3","2023-24","Criminal court defendants","All ages","All people","Non-Indigenous people","All areas","Criminal court defendants finalised with a guilty outcome","Principal sentence","Fully suspended sentence of imprisonment","","","Proportion","","","Derived from ABS (unpublished) Criminal Courts Australia","%","0","na","7.7","na","8.1","13.8","na","12.3","4.3",""
"SE10b.3","2023-24","Criminal court defendants","All ages","All people","Non-Indigenous people","All areas","Criminal court defendants finalised with a guilty outcome","Principal sentence","Moderate penalty in the community and Community service/work","","","Proportion","","","Derived from ABS (unpublished) Criminal Courts Australia","%","24.6","na","13.8","na","7.1","9.2","na","6.8","18.3",""
"SE10b.3","2023-24","Criminal court defendants","All ages","All people","Non-Indigenous people","All areas","Criminal court defendants finalised with a guilty outcome","Principal sentence","Monetary penalties","","","Proportion","","","Derived from ABS (unpublished) Criminal Courts Australia","%","29.8","na","45.5","na","19.9","32.9","na","22.2","36.0",""
"SE10b.3","2023-24","Criminal court defendants","All ages","All people","Non-Indigenous people","All areas","Criminal court defendants finalised with a guilty outcome","Principal sentence","Nominal and other penalties and Good behaviour (incl. bonds)","","","Proportion","","","Derived from ABS (unpublished) Criminal Courts Australia","%","27.7","na","14.8","na","28.9","17.9","na","20.0","21.9",""
"SE10b.3","2023-24","Criminal court defendants","All ages","All people","Aboriginal and Torres Strait Islander people","All areas","Criminal court defendants finalised with a guilty outcome","Principal sentence","Custody in a correctional institution","","","Number","","","ABS (unpublished) Criminal Courts Australia","no.","3693","na","4978","na","1573","259","68","3379","13950",""
"SE10b.3","2023-24","Criminal court defendants","All ages","All people","Aboriginal and Torres Strait Islander people","All areas","Criminal court defendants finalised with a guilty outcome","Principal sentence","Intensive penalty in the community","","","Number","","","ABS (unpublished) Criminal Courts Australia","no.","1618","na","16","na","175","12","3","54","1878",""
"SE10b.3","2023-24","Criminal court defendants","All ages","All people","Aboriginal and Torres Strait Islander people","All areas","Criminal court defendants finalised with a guilty outcome","Principal sentence","Fully suspended sentence of imprisonment","","","Number","","","ABS (unpublished) Criminal Courts Australia","no.","3","na","1694","na","192","143","21","326","2379",""
"SE10b.3","2023-24","Criminal court defendants","All ages","All people","Aboriginal and Torres Strait Islander people","All areas","Criminal court defendants finalised with a guilty outcome","Principal sentence","Moderate penalty in the community and Community service/work","","","Number","","","ABS (unpublished) Criminal Courts Australia","no.","5098","na","2799","na","207","85","3","265","8457",""
"SE10b.3","2023-24","Criminal court defendants","All ages","All people","Aboriginal and Torres Strait Islander people","All areas","Criminal court defendants finalised with a guilty outcome","Principal sentence","Monetary penalties","","","Number","","","ABS (unpublished) Criminal Courts Australia","no.","4378","na","6439","na","413","267","9","361","11867",""
"SE10b.3","2023-24","Criminal court defendants","All ages","All people","Aboriginal and Torres Strait Islander people","All areas","Criminal court defendants finalised with a guilty outcome","Principal sentence","Nominal and other penalties and Good behaviour (incl. bonds)","","","Number","","","ABS (unpublished) Criminal Courts Australia","no.","3011","na","1946","na","791","160","74","485","6467",""
"SE10b.3","2023-24","Criminal court defendants","All ages","All people","Non-Indigenous people","All areas","Criminal court defendants finalised with a guilty outcome","Principal sentence","Custody in a correctional institution","","","Number","","","ABS (unpublished) Criminal Courts Australia","no.","5777","na","8374","na","2019","668","na","223","17061",""
"SE10b.3","2023-24","Criminal court defendants","All ages","All people","Non-Indigenous people","All areas","Criminal court defendants finalised with a guilty outcome","Principal sentence","Intensive penalty in the community","","","Number","","","ABS (unpublished) Criminal Courts Australia","no.","3181","na","92","na","522","30","na","16","3841",""
"SE10b.3","2023-24","Criminal court defendants","All ages","All people","Non-Indigenous people","All areas","Criminal court defendants finalised with a guilty outcome","Principal sentence","Fully suspended sentence of imprisonment","","","Number","","","ABS (unpublished) Criminal Courts Australia","no.","17","na","3592","na","567","382","na","74","4632",""
"SE10b.3","2023-24","Criminal court defendants","All ages","All people","Non-Indigenous people","All areas","Criminal court defendants finalised with a guilty outcome","Principal sentence","Moderate penalty in the community and Community service/work","","","Number","","","ABS (unpublished) Criminal Courts Australia","no.","12408","na","6399","na","499","255","na","41","19602",""
"SE10b.3","2023-24","Criminal court defendants","All ages","All people","Non-Indigenous people","All areas","Criminal court defendants finalised with a guilty outcome","Principal sentence","Monetary penalties","","","Number","","","ABS (unpublished) Criminal Courts Australia","no.","15018","na","21129","na","1397","909","na","133","38586",""
"SE10b.3","2023-24","Criminal court defendants","All ages","All people","Non-Indigenous people","All areas","Criminal court defendants finalised with a guilty outcome","Principal sentence","Nominal and other penalties and Good behaviour (incl. bonds)","","","Number","","","ABS (unpublished) Criminal Courts Australia","no.","13964","na","6880","na","2035","495","na","120","23494",""
"SE10b.3","2023-24","Criminal court defendants","All ages","All people","Aboriginal and Torres Strait Islander people","All areas","Total number of criminal court defendants finalised with a guilty outcome","","","","","Number","","","ABS (unpublished) Criminal Courts Australia","no.","17798","na","17872","na","3349","933","183","4858","44993",""
"SE10b.3","2023-24","Criminal court defendants","All ages","All people","Non-Indigenous people","All areas","Total number of criminal court defendants finalised with a guilty outcome","","","","","Number","","","ABS (unpublished) Criminal Courts Australia","no.","50364","na","46458","na","7036","2764","na","600","107222",""
"SE10b.3","2023-24","Criminal court defendants","All ages","All people","Indigenous status not stated","All areas","Total number of criminal court defendants finalised with a guilty outcome","","","","","Number","","","ABS (unpublished) Criminal Courts Australia","no.","4690","na","962","na","377","840","1121","337","8327",""
"SE10b.3","2022-23","Criminal court defendants","All ages","All people","Aboriginal and Torres Strait Islander people","All areas","Criminal court defendants finalised with a guilty outcome","Principal sentence","Custody in a correctional institution","","","Proportion","","","Derived from ABS (unpublished) Criminal Courts Australia","%","21.0","na","24.8","na","42.6","22.9","39.6","67.2","29.2",""
"SE10b.3","2022-23","Criminal court defendants","All ages","All people","Aboriginal and Torres Strait Islander people","All areas","Criminal court defendants finalised with a guilty outcome","Principal sentence","Intensive penalty in the community","","","Proportion","","","Derived from ABS (unpublished) Criminal Courts Australia","%","8.7","na","0.2","na","3.9","1.3","4.4","0.2","3.8",""
"SE10b.3","2022-23","Criminal court defendants","All ages","All people","Aboriginal and Torres Strait Islander people","All areas","Criminal court defendants finalised with a guilty outcome","Principal sentence","Fully suspended sentence of imprisonment","","","Proportion","","","Derived from ABS (unpublished) Criminal Courts Australia","%","0","na","9.0","na","6.6","12.5","16.4","7.6","5.2",""
"SE10b.3","2022-23","Criminal court defendants","All ages","All people","Aboriginal and Torres Strait Islander people","All areas","Criminal court defendants finalised with a guilty outcome","Principal sentence","Moderate penalty in the community and Community service/work","","","Proportion","","","Derived from ABS (unpublished) Criminal Courts Australia","%","26.9","na","15.0","na","5.7","7.0","0","2.8","17.5",""
"SE10b.3","2022-23","Criminal court defendants","All ages","All people","Aboriginal and Torres Strait Islander people","All areas","Criminal court defendants finalised with a guilty outcome","Principal sentence","Monetary penalties","","","Proportion","","","Derived from ABS (unpublished) Criminal Courts Australia","%","24.5","na","41.1","na","15.4","35.1","12.6","8.2","28.9",""
"SE10b.3","2022-23","Criminal court defendants","All ages","All people","Aboriginal and Torres Strait Islander people","All areas","Criminal court defendants finalised with a guilty outcome","Principal sentence","Nominal and other penalties and Good behaviour (incl. bonds)","","","Proportion","","","Derived from ABS (unpublished) Criminal Courts Australia","%","19.0","na","9.9","na","25.6","20.9","25.2","14.0","15.3",""
"SE10b.3","2022-23","Criminal court defendants","All ages","All people","Non-Indigenous people","All areas","Criminal court defendants finalised with a guilty outcome","Principal sentence","Custody in a correctional institution","","","Proportion","","","Derived from ABS (unpublished) Criminal Courts Australia","%","11.0","na","16.2","na","27.4","17.8","na","33.7","14.5",""
"SE10b.3","2022-23","Criminal court defendants","All ages","All people","Non-Indigenous people","All areas","Criminal court defendants finalised with a guilty outcome","Principal sentence","Intensive penalty in the community","","","Proportion","","","Derived from ABS (unpublished) Criminal Courts Australia","%","6.4","na","0.2","na","5.9","1.2","na","0.5","3.5",""
"SE10b.3","2022-23","Criminal court defendants","All ages","All people","Non-Indigenous people","All areas","Criminal court defendants finalised with a guilty outcome","Principal sentence","Fully suspended sentence of imprisonment","","","Proportion","","","Derived from ABS (unpublished) Criminal Courts Australia","%","0","na","7.5","na","7.4","14.2","na","9.5","4.1",""
"SE10b.3","2022-23","Criminal court defendants","All ages","All people","Non-Indigenous people","All areas","Criminal court defendants finalised with a guilty outcome","Principal sentence","Moderate penalty in the community and Community service/work","","","Proportion","","","Derived from ABS (unpublished) Criminal Courts Australia","%","23.2","na","13.0","na","6.2","7.4","na","0.7","17.3",""
"SE10b.3","2022-23","Criminal court defendants","All ages","All people","Non-Indigenous people","All areas","Criminal court defendants finalised with a guilty outcome","Principal sentence","Monetary penalties","","","Proportion","","","Derived from ABS (unpublished) Criminal Courts Australia","%","31.0","na","48.3","na","23.6","37.0","na","29.5","38.1",""
"SE10b.3","2022-23","Criminal court defendants","All ages","All people","Non-Indigenous people","All areas","Criminal court defendants finalised with a guilty outcome","Principal sentence","Nominal and other penalties and Good behaviour (incl. bonds)","","","Proportion","","","Derived from ABS (unpublished) Criminal Courts Australia","%","28.3","na","14.7","na","29.7","21.1","na","25.0","22.4",""
"SE10b.3","2022-23","Criminal court defendants","All ages","All people","Aboriginal and Torres Strait Islander people","All areas","Criminal court defendants finalised with a guilty outcome","Principal sentence","Custody in a correctional institution","","","Number","","","ABS (unpublished) Criminal Courts Australia","no.","3594","na","4357","na","1248","172","63","3256","12690",""
"SE10b.3","2022-23","Criminal court defendants","All ages","All people","Aboriginal and Torres Strait Islander people","All areas","Criminal court defendants finalised with a guilty outcome","Principal sentence","Intensive penalty in the community","","","Number","","","ABS (unpublished) Criminal Courts Australia","no.","1489","na","39","na","115","10","7","10","1670",""
"SE10b.3","2022-23","Criminal court defendants","All ages","All people","Aboriginal and Torres Strait Islander people","All areas","Criminal court defendants finalised with a guilty outcome","Principal sentence","Fully suspended sentence of imprisonment","","","Number","","","ABS (unpublished) Criminal Courts Australia","no.","0","na","1582","na","192","94","26","368","2262",""
"SE10b.3","2022-23","Criminal court defendants","All ages","All people","Aboriginal and Torres Strait Islander people","All areas","Criminal court defendants finalised with a guilty outcome","Principal sentence","Moderate penalty in the community and Community service/work","","","Number","","","ABS (unpublished) Criminal Courts Australia","no.","4611","na","2646","na","166","53","0","137","7613",""
"SE10b.3","2022-23","Criminal court defendants","All ages","All people","Aboriginal and Torres Strait Islander people","All areas","Criminal court defendants finalised with a guilty outcome","Principal sentence","Monetary penalties","","","Number","","","ABS (unpublished) Criminal Courts Australia","no.","4194","na","7230","na","452","264","20","397","12557",""
"SE10b.3","2022-23","Criminal court defendants","All ages","All people","Aboriginal and Torres Strait Islander people","All areas","Criminal court defendants finalised with a guilty outcome","Principal sentence","Nominal and other penalties and Good behaviour (incl. bonds)","","","Number","","","ABS (unpublished) Criminal Courts Australia","no.","3253","na","1747","na","749","157","40","678","6624",""
"SE10b.3","2022-23","Criminal court defendants","All ages","All people","Non-Indigenous people","All areas","Criminal court defendants finalised with a guilty outcome","Principal sentence","Custody in a correctional institution","","","Number","","","ABS (unpublished) Criminal Courts Australia","no.","5969","na","7757","na","1824","496","na","201","16247",""
"SE10b.3","2022-23","Criminal court defendants","All ages","All people","Non-Indigenous people","All areas","Criminal court defendants finalised with a guilty outcome","Principal sentence","Intensive penalty in the community","","","Number","","","ABS (unpublished) Criminal Courts Australia","no.","3448","na","85","na","390","34","na","3","3960",""
"SE10b.3","2022-23","Criminal court defendants","All ages","All people","Non-Indigenous people","All areas","Criminal court defendants finalised with a guilty outcome","Principal sentence","Fully suspended sentence of imprisonment","","","Number","","","ABS (unpublished) Criminal Courts Australia","no.","18","na","3599","na","493","397","na","57","4564",""
"SE10b.3","2022-23","Criminal court defendants","All ages","All people","Non-Indigenous people","All areas","Criminal court defendants finalised with a guilty outcome","Principal sentence","Moderate penalty in the community and Community service/work","","","Number","","","ABS (unpublished) Criminal Courts Australia","no.","12576","na","6242","na","410","206","na","4","19438",""
"SE10b.3","2022-23","Criminal court defendants","All ages","All people","Non-Indigenous people","All areas","Criminal court defendants finalised with a guilty outcome","Principal sentence","Monetary penalties","","","Number","","","ABS (unpublished) Criminal Courts Australia","no.","16798","na","23141","na","1571","1034","na","176","42720",""
"SE10b.3","2022-23","Criminal court defendants","All ages","All people","Non-Indigenous people","All areas","Criminal court defendants finalised with a guilty outcome","Principal sentence","Nominal and other penalties and Good behaviour (incl. bonds)","","","Number","","","ABS (unpublished) Criminal Courts Australia","no.","15313","na","7057","na","1976","588","na","149","25083",""
"SE10b.3","2022-23","Criminal court defendants","All ages","All people","Aboriginal and Torres Strait Islander people","All areas","Total number of criminal court defendants finalised with a guilty outcome","","","","","Number","","","ABS (unpublished) Criminal Courts Australia","no.","17140","na","17598","na","2928","752","159","4846","43423",""
"SE10b.3","2022-23","Criminal court defendants","All ages","All people","Non-Indigenous people","All areas","Total number of criminal court defendants finalised with a guilty outcome","","","","","Number","","","ABS (unpublished) Criminal Courts Australia","no.","54113","na","47881","na","6658","2792","na","597","112041",""
"SE10b.3","2022-23","Criminal court defendants","All ages","All people","Indigenous status not stated","All areas","Total number of criminal court defendants finalised with a guilty outcome","","","","","Number","","","ABS (unpublished) Criminal Courts Australia","no.","5632","na","980","na","752","726","1016","96","9202",""
"SE10b.3","2021-22","Criminal court defendants","All ages","All people","Aboriginal and Torres Strait Islander people","All areas","Criminal court defendants finalised with a guilty outcome","Principal sentence","Custody in a correctional institution","","","Proportion","","","Derived from ABS (unpublished) Criminal Courts Australia","%","22.2","na","23.3","na","43.4","20.9","30.5","68.9","29.4",""
"SE10b.3","2021-22","Criminal court defendants","All ages","All people","Aboriginal and Torres Strait Islander people","All areas","Criminal court defendants finalised with a guilty outcome","Principal sentence","Intensive penalty in the community","","","Proportion","","","Derived from ABS (unpublished) Criminal Courts Australia","%","9.6","na","0.3","na","5.4","2.6","1.7","0.1","4.0",""
"SE10b.3","2021-22","Criminal court defendants","All ages","All people","Aboriginal and Torres Strait Islander people","All areas","Criminal court defendants finalised with a guilty outcome","Principal sentence","Fully suspended sentence of imprisonment","","","Proportion","","","Derived from ABS (unpublished) Criminal Courts Australia","%","0.1","na","9.0","na","6.2","14.2","11.2","7.1","5.5",""
"SE10b.3","2021-22","Criminal court defendants","All ages","All people","Aboriginal and Torres Strait Islander people","All areas","Criminal court defendants finalised with a guilty outcome","Principal sentence","Moderate penalty in the community and Community service/work","","","Proportion","","","Derived from ABS (unpublished) Criminal Courts Australia","%","21.2","na","15.7","na","5.1","11.4","0","2.7","15.3",""
"SE10b.3","2021-22","Criminal court defendants","All ages","All people","Aboriginal and Torres Strait Islander people","All areas","Criminal court defendants finalised with a guilty outcome","Principal sentence","Monetary penalties","","","Proportion","","","Derived from ABS (unpublished) Criminal Courts Australia","%","28.4","na","42.2","na","15.3","36.1","30.0","9.7","31.6",""
"SE10b.3","2021-22","Criminal court defendants","All ages","All people","Aboriginal and Torres Strait Islander people","All areas","Criminal court defendants finalised with a guilty outcome","Principal sentence","Nominal and other penalties and Good behaviour (incl. bonds)","","","Proportion","","","Derived from ABS (unpublished) Criminal Courts Australia","%","18.5","na","9.6","na","24.4","14.1","27.5","11.1","14.2",""
"SE10b.3","2021-22","Criminal court defendants","All ages","All people","Non-Indigenous people","All areas","Criminal court defendants finalised with a guilty outcome","Principal sentence","Custody in a correctional institution","","","Proportion","","","Derived from ABS (unpublished) Criminal Courts Australia","%","12.4","na","15.4","na","25.1","18.4","na","38.7","14.9",""
"SE10b.3","2021-22","Criminal court defendants","All ages","All people","Non-Indigenous people","All areas","Criminal court defendants finalised with a guilty outcome","Principal sentence","Intensive penalty in the community","","","Proportion","","","Derived from ABS (unpublished) Criminal Courts Australia","%","7.2","na","0.3","na","7.2","2.2","na","0.8","3.9",""
"SE10b.3","2021-22","Criminal court defendants","All ages","All people","Non-Indigenous people","All areas","Criminal court defendants finalised with a guilty outcome","Principal sentence","Fully suspended sentence of imprisonment","","","Proportion","","","Derived from ABS (unpublished) Criminal Courts Australia","%","0.1","na","7.6","na","8.2","12.9","na","12.3","4.5",""
"SE10b.3","2021-22","Criminal court defendants","All ages","All people","Non-Indigenous people","All areas","Criminal court defendants finalised with a guilty outcome","Principal sentence","Moderate penalty in the community and Community service/work","","","Proportion","","","Derived from ABS (unpublished) Criminal Courts Australia","%","17.5","na","13.2","na","4.3","8.7","na","2.1","14.3",""
"SE10b.3","2021-22","Criminal court defendants","All ages","All people","Non-Indigenous people","All areas","Criminal court defendants finalised with a guilty outcome","Principal sentence","Monetary penalties","","","Proportion","","","Derived from ABS (unpublished) Criminal Courts Australia","%","35.6","na","49.3","na","25.6","37.1","na","24.4","41.1",""
"SE10b.3","2021-22","Criminal court defendants","All ages","All people","Non-Indigenous people","All areas","Criminal court defendants finalised with a guilty outcome","Principal sentence","Nominal and other penalties and Good behaviour (incl. bonds)","","","Proportion","","","Derived from ABS (unpublished) Criminal Courts Australia","%","27.2","na","14.2","na","29.7","20.1","na","22.4","21.3",""
"SE10b.3","2021-22","Criminal court defendants","All ages","All people","Aboriginal and Torres Strait Islander people","All areas","Criminal court defendants finalised with a guilty outcome","Principal sentence","Custody in a correctional institution","","","Number","","","ABS (unpublished) Criminal Courts Australia","no.","2958","na","3758","na","1147","160","71","2829","10923",""
"SE10b.3","2021-22","Criminal court defendants","All ages","All people","Aboriginal and Torres Strait Islander people","All areas","Criminal court defendants finalised with a guilty outcome","Principal sentence","Intensive penalty in the community","","","Number","","","ABS (unpublished) Criminal Courts Australia","no.","1274","na","41","na","143","20","4","5","1487",""
"SE10b.3","2021-22","Criminal court defendants","All ages","All people","Aboriginal and Torres Strait Islander people","All areas","Criminal court defendants finalised with a guilty outcome","Principal sentence","Fully suspended sentence of imprisonment","","","Number","","","ABS (unpublished) Criminal Courts Australia","no.","16","na","1444","na","164","109","26","290","2049",""
"SE10b.3","2021-22","Criminal court defendants","All ages","All people","Aboriginal and Torres Strait Islander people","All areas","Criminal court defendants finalised with a guilty outcome","Principal sentence","Moderate penalty in the community and Community service/work","","","Number","","","ABS (unpublished) Criminal Courts Australia","no.","2813","na","2527","na","134","87","0","110","5671",""
"SE10b.3","2021-22","Criminal court defendants","All ages","All people","Aboriginal and Torres Strait Islander people","All areas","Criminal court defendants finalised with a guilty outcome","Principal sentence","Monetary penalties","","","Number","","","ABS (unpublished) Criminal Courts Australia","no.","3770","na","6814","na","403","276","70","399","11732",""
"SE10b.3","2021-22","Criminal court defendants","All ages","All people","Aboriginal and Torres Strait Islander people","All areas","Criminal court defendants finalised with a guilty outcome","Principal sentence","Nominal and other penalties and Good behaviour (incl. bonds)","","","Number","","","ABS (unpublished) Criminal Courts Australia","no.","2466","na","1548","na","645","108","64","457","5288",""
"SE10b.3","2021-22","Criminal court defendants","All ages","All people","Non-Indigenous people","All areas","Criminal court defendants finalised with a guilty outcome","Principal sentence","Custody in a correctional institution","","","Number","","","ABS (unpublished) Criminal Courts Australia","no.","5812","na","7348","na","1857","503","na","240","15760",""
"SE10b.3","2021-22","Criminal court defendants","All ages","All people","Non-Indigenous people","All areas","Criminal court defendants finalised with a guilty outcome","Principal sentence","Intensive penalty in the community","","","Number","","","ABS (unpublished) Criminal Courts Australia","no.","3388","na","125","na","532","60","na","5","4110",""
"SE10b.3","2021-22","Criminal court defendants","All ages","All people","Non-Indigenous people","All areas","Criminal court defendants finalised with a guilty outcome","Principal sentence","Fully suspended sentence of imprisonment","","","Number","","","ABS (unpublished) Criminal Courts Australia","no.","47","na","3628","na","602","354","na","76","4707",""
"SE10b.3","2021-22","Criminal court defendants","All ages","All people","Non-Indigenous people","All areas","Criminal court defendants finalised with a guilty outcome","Principal sentence","Moderate penalty in the community and Community service/work","","","Number","","","ABS (unpublished) Criminal Courts Australia","no.","8210","na","6320","na","315","238","na","13","15096",""
"SE10b.3","2021-22","Criminal court defendants","All ages","All people","Non-Indigenous people","All areas","Criminal court defendants finalised with a guilty outcome","Principal sentence","Monetary penalties","","","Number","","","ABS (unpublished) Criminal Courts Australia","no.","16675","na","23586","na","1890","1014","na","151","43316",""
"SE10b.3","2021-22","Criminal court defendants","All ages","All people","Non-Indigenous people","All areas","Criminal court defendants finalised with a guilty outcome","Principal sentence","Nominal and other penalties and Good behaviour (incl. bonds)","","","Number","","","ABS (unpublished) Criminal Courts Australia","no.","12754","na","6794","na","2192","549","na","139","22428",""
"SE10b.3","2021-22","Criminal court defendants","All ages","All people","Aboriginal and Torres Strait Islander people","All areas","Total number of criminal court defendants finalised with a guilty outcome","","","","","Number","","","ABS (unpublished) Criminal Courts Australia","no.","13297","na","16131","na","2642","765","233","4104","37172",""
"SE10b.3","2021-22","Criminal court defendants","All ages","All people","Non-Indigenous people","All areas","Total number of criminal court defendants finalised with a guilty outcome","","","","","Number","","","ABS (unpublished) Criminal Courts Australia","no.","46886","na","47796","na","7386","2734","na","620","105422",""
"SE10b.3","2021-22","Criminal court defendants","All ages","All people","Indigenous status not stated","All areas","Total number of criminal court defendants finalised with a guilty outcome","","","","","Number","","","ABS (unpublished) Criminal Courts Australia","no.","10633","na","1056","na","1011","691","2168","71","15630",""
"SE10b.3","2020-21","Criminal court defendants","All ages","All people","Aboriginal and Torres Strait Islander people","All areas","Criminal court defendants finalised with a guilty outcome","Principal sentence","Custody in a correctional institution","","","Proportion","","","Derived from ABS (unpublished) Criminal Courts Australia","%","22.1","na","20.5","na","38.4","na","na","62.0","na",""
"SE10b.3","2020-21","Criminal court defendants","All ages","All people","Aboriginal and Torres Strait Islander people","All areas","Criminal court defendants finalised with a guilty outcome","Principal sentence","Intensive penalty in the community","","","Proportion","","","Derived from ABS (unpublished) Criminal Courts Australia","%","10.2","na","0.2","na","4.5","na","na","0.5","na",""
"SE10b.3","2020-21","Criminal court defendants","All ages","All people","Aboriginal and Torres Strait Islander people","All areas","Criminal court defendants finalised with a guilty outcome","Principal sentence","Fully suspended sentence of imprisonment","","","Proportion","","","Derived from ABS (unpublished) Criminal Courts Australia","%","0.1","na","7.5","na","6.1","na","na","8.5","na",""
"SE10b.3","2020-21","Criminal court defendants","All ages","All people","Aboriginal and Torres Strait Islander people","All areas","Criminal court defendants finalised with a guilty outcome","Principal sentence","Moderate penalty in the community and Community service/work","","","Proportion","","","Derived from ABS (unpublished) Criminal Courts Australia","%","23.4","na","14.8","na","4.6","na","na","3.5","na",""
"SE10b.3","2020-21","Criminal court defendants","All ages","All people","Aboriginal and Torres Strait Islander people","All areas","Criminal court defendants finalised with a guilty outcome","Principal sentence","Monetary penalties","","","Proportion","","","Derived from ABS (unpublished) Criminal Courts Australia","%","25.1","na","48.6","na","21.5","na","na","12.8","na",""
"SE10b.3","2020-21","Criminal court defendants","All ages","All people","Aboriginal and Torres Strait Islander people","All areas","Criminal court defendants finalised with a guilty outcome","Principal sentence","Nominal and other penalties and Good behaviour (incl. bonds)","","","Proportion","","","Derived from ABS (unpublished) Criminal Courts Australia","%","19.0","na","8.4","na","24.7","na","na","12.7","na",""
"SE10b.3","2020-21","Criminal court defendants","All ages","All people","Non-Indigenous people","All areas","Criminal court defendants finalised with a guilty outcome","Principal sentence","Custody in a correctional institution","","","Proportion","","","Derived from ABS (unpublished) Criminal Courts Australia","%","12.8","na","13.1","na","21.3","na","na","39.1","na",""
"SE10b.3","2020-21","Criminal court defendants","All ages","All people","Non-Indigenous people","All areas","Criminal court defendants finalised with a guilty outcome","Principal sentence","Intensive penalty in the community","","","Proportion","","","Derived from ABS (unpublished) Criminal Courts Australia","%","7.9","na","0.3","na","5.5","na","na","0.8","na",""
"SE10b.3","2020-21","Criminal court defendants","All ages","All people","Non-Indigenous people","All areas","Criminal court defendants finalised with a guilty outcome","Principal sentence","Fully suspended sentence of imprisonment","","","Proportion","","","Derived from ABS (unpublished) Criminal Courts Australia","%","0.1","na","6.3","na","7.7","na","na","9.1","na",""
"SE10b.3","2020-21","Criminal court defendants","All ages","All people","Non-Indigenous people","All areas","Criminal court defendants finalised with a guilty outcome","Principal sentence","Moderate penalty in the community and Community service/work","","","Proportion","","","Derived from ABS (unpublished) Criminal Courts Australia","%","19.6","na","12.2","na","4.3","na","na","1.8","na",""
"SE10b.3","2020-21","Criminal court defendants","All ages","All people","Non-Indigenous people","All areas","Criminal court defendants finalised with a guilty outcome","Principal sentence","Monetary penalties","","","Proportion","","","Derived from ABS (unpublished) Criminal Courts Australia","%","32.2","na","53.5","na","31.4","na","na","25.8","na",""
"SE10b.3","2020-21","Criminal court defendants","All ages","All people","Non-Indigenous people","All areas","Criminal court defendants finalised with a guilty outcome","Principal sentence","Nominal and other penalties and Good behaviour (incl. bonds)","","","Proportion","","","Derived from ABS (unpublished) Criminal Courts Australia","%","27.4","na","14.7","na","29.9","na","na","21.7","na",""
"SE10b.3","2020-21","Criminal court defendants","All ages","All people","Aboriginal and Torres Strait Islander people","All areas","Criminal court defendants finalised with a guilty outcome","Principal sentence","Custody in a correctional institution","","","Number","","","ABS (unpublished) Criminal Courts Australia","no.","2961","na","3700","na","1132","na","na","2689","na",""
"SE10b.3","2020-21","Criminal court defendants","All ages","All people","Aboriginal and Torres Strait Islander people","All areas","Criminal court defendants finalised with a guilty outcome","Principal sentence","Intensive penalty in the community","","","Number","","","ABS (unpublished) Criminal Courts Australia","no.","1372","na","35","na","132","na","na","21","na",""
"SE10b.3","2020-21","Criminal court defendants","All ages","All people","Aboriginal and Torres Strait Islander people","All areas","Criminal court defendants finalised with a guilty outcome","Principal sentence","Fully suspended sentence of imprisonment","","","Number","","","ABS (unpublished) Criminal Courts Australia","no.","19","na","1349","na","179","na","na","370","na",""
"SE10b.3","2020-21","Criminal court defendants","All ages","All people","Aboriginal and Torres Strait Islander people","All areas","Criminal court defendants finalised with a guilty outcome","Principal sentence","Moderate penalty in the community and Community service/work","","","Number","","","ABS (unpublished) Criminal Courts Australia","no.","3136","na","2680","na","137","na","na","152","na",""
"SE10b.3","2020-21","Criminal court defendants","All ages","All people","Aboriginal and Torres Strait Islander people","All areas","Criminal court defendants finalised with a guilty outcome","Principal sentence","Monetary penalties","","","Number","","","ABS (unpublished) Criminal Courts Australia","no.","3369","na","8784","na","635","na","na","555","na",""
"SE10b.3","2020-21","Criminal court defendants","All ages","All people","Aboriginal and Torres Strait Islander people","All areas","Criminal court defendants finalised with a guilty outcome","Principal sentence","Nominal and other penalties and Good behaviour (incl. bonds)","","","Number","","","ABS (unpublished) Criminal Courts Australia","no.","2546","na","1515","na","728","na","na","552","na",""
"SE10b.3","2020-21","Criminal court defendants","All ages","All people","Non-Indigenous people","All areas","Criminal court defendants finalised with a guilty outcome","Principal sentence","Custody in a correctional institution","","","Number","","","ABS (unpublished) Criminal Courts Australia","no.","6638","na","7584","na","1779","na","na","296","na",""
"SE10b.3","2020-21","Criminal court defendants","All ages","All people","Non-Indigenous people","All areas","Criminal court defendants finalised with a guilty outcome","Principal sentence","Intensive penalty in the community","","","Number","","","ABS (unpublished) Criminal Courts Australia","no.","4098","na","161","na","463","na","na","6","na",""
"SE10b.3","2020-21","Criminal court defendants","All ages","All people","Non-Indigenous people","All areas","Criminal court defendants finalised with a guilty outcome","Principal sentence","Fully suspended sentence of imprisonment","","","Number","","","ABS (unpublished) Criminal Courts Australia","no.","61","na","3647","na","643","na","na","69","na",""
"SE10b.3","2020-21","Criminal court defendants","All ages","All people","Non-Indigenous people","All areas","Criminal court defendants finalised with a guilty outcome","Principal sentence","Moderate penalty in the community and Community service/work","","","Number","","","ABS (unpublished) Criminal Courts Australia","no.","10141","na","7067","na","357","na","na","14","na",""
"SE10b.3","2020-21","Criminal court defendants","All ages","All people","Non-Indigenous people","All areas","Criminal court defendants finalised with a guilty outcome","Principal sentence","Monetary penalties","","","Number","","","ABS (unpublished) Criminal Courts Australia","no.","16664","na","31044","na","2626","na","na","195","na",""
"SE10b.3","2020-21","Criminal court defendants","All ages","All people","Non-Indigenous people","All areas","Criminal court defendants finalised with a guilty outcome","Principal sentence","Nominal and other penalties and Good behaviour (incl. bonds)","","","Number","","","ABS (unpublished) Criminal Courts Australia","no.","14186","na","8509","na","2502","na","na","164","na",""
"SE10b.3","2020-21","Criminal court defendants","All ages","All people","Aboriginal and Torres Strait Islander people","All areas","Total number of criminal court defendants finalised with a guilty outcome","","","","","Number","","","ABS (unpublished) Criminal Courts Australia","no.","13407","na","18064","na","2947","na","na","4335","na",""
"SE10b.3","2020-21","Criminal court defendants","All ages","All people","Non-Indigenous people","All areas","Total number of criminal court defendants finalised with a guilty outcome","","","","","Number","","","ABS (unpublished) Criminal Courts Australia","no.","51774","na","58008","na","8363","na","na","757","na",""
"SE10b.3","2020-21","Criminal court defendants","All ages","All people","Indigenous status not stated","All areas","Total number of criminal court defendants finalised with a guilty outcome","","","","","Number","","","ABS (unpublished) Criminal Courts Australia","no.","11265","na","1361","na","984","na","na","86","na",""
"SE10b.3","2019-20","Criminal court defendants","All ages","All people","Aboriginal and Torres Strait Islander people","All areas","Criminal court defendants finalised with a guilty outcome","Principal sentence","Custody in a correctional institution","","","Proportion","","","Derived from ABS (unpublished) Criminal Courts Australia","%","26.3","na","25.7","na","20.3","na","na","67.6","na",""
"SE10b.3","2019-20","Criminal court defendants","All ages","All people","Aboriginal and Torres Strait Islander people","All areas","Criminal court defendants finalised with a guilty outcome","Principal sentence","Intensive penalty in the community","","","Proportion","","","Derived from ABS (unpublished) Criminal Courts Australia","%","10.7","na","0.4","na","4.0","na","na","0.2","na",""
"SE10b.3","2019-20","Criminal court defendants","All ages","All people","Aboriginal and Torres Strait Islander people","All areas","Criminal court defendants finalised with a guilty outcome","Principal sentence","Fully suspended sentence of imprisonment","","","Proportion","","","Derived from ABS (unpublished) Criminal Courts Australia","%","0.1","na","8.1","na","6.3","na","na","7.4","na",""
"SE10b.3","2019-20","Criminal court defendants","All ages","All people","Aboriginal and Torres Strait Islander people","All areas","Criminal court defendants finalised with a guilty outcome","Principal sentence","Moderate penalty in the community and Community service/work","","","Proportion","","","Derived from ABS (unpublished) Criminal Courts Australia","%","24.4","na","13.5","na","6.0","na","na","2.9","na",""
"SE10b.3","2019-20","Criminal court defendants","All ages","All people","Aboriginal and Torres Strait Islander people","All areas","Criminal court defendants finalised with a guilty outcome","Principal sentence","Monetary penalties","","","Proportion","","","Derived from ABS (unpublished) Criminal Courts Australia","%","20.9","na","44.2","na","21.0","na","na","10.0","na",""
"SE10b.3","2019-20","Criminal court defendants","All ages","All people","Aboriginal and Torres Strait Islander people","All areas","Criminal court defendants finalised with a guilty outcome","Principal sentence","Nominal and other penalties and Good behaviour (incl. bonds)","","","Proportion","","","Derived from ABS (unpublished) Criminal Courts Australia","%","17.7","na","8.0","na","42.6","na","na","11.8","na",""
"SE10b.3","2019-20","Criminal court defendants","All ages","All people","Non-Indigenous people","All areas","Criminal court defendants finalised with a guilty outcome","Principal sentence","Custody in a correctional institution","","","Proportion","","","Derived from ABS (unpublished) Criminal Courts Australia","%","14.9","na","15.4","na","14.0","na","na","42.1","na",""
"SE10b.3","2019-20","Criminal court defendants","All ages","All people","Non-Indigenous people","All areas","Criminal court defendants finalised with a guilty outcome","Principal sentence","Intensive penalty in the community","","","Proportion","","","Derived from ABS (unpublished) Criminal Courts Australia","%","8.8","na","0.3","na","5.5","na","na","0.4","na",""
"SE10b.3","2019-20","Criminal court defendants","All ages","All people","Non-Indigenous people","All areas","Criminal court defendants finalised with a guilty outcome","Principal sentence","Fully suspended sentence of imprisonment","","","Proportion","","","Derived from ABS (unpublished) Criminal Courts Australia","%","0.1","na","6.5","na","9.0","na","na","9.8","na",""
"SE10b.3","2019-20","Criminal court defendants","All ages","All people","Non-Indigenous people","All areas","Criminal court defendants finalised with a guilty outcome","Principal sentence","Moderate penalty in the community and Community service/work","","","Proportion","","","Derived from ABS (unpublished) Criminal Courts Australia","%","20.2","na","12.2","na","4.2","na","na","1.4","na",""
"SE10b.3","2019-20","Criminal court defendants","All ages","All people","Non-Indigenous people","All areas","Criminal court defendants finalised with a guilty outcome","Principal sentence","Monetary penalties","","","Proportion","","","Derived from ABS (unpublished) Criminal Courts Australia","%","29.3","na","50.7","na","29.8","na","na","27.2","na",""
"SE10b.3","2019-20","Criminal court defendants","All ages","All people","Non-Indigenous people","All areas","Criminal court defendants finalised with a guilty outcome","Principal sentence","Nominal and other penalties and Good behaviour (incl. bonds)","","","Proportion","","","Derived from ABS (unpublished) Criminal Courts Australia","%","26.7","na","14.9","na","37.5","na","na","18.8","na",""
"SE10b.3","2019-20","Criminal court defendants","All ages","All people","Aboriginal and Torres Strait Islander people","All areas","Criminal court defendants finalised with a guilty outcome","Principal sentence","Custody in a correctional institution","","","Number","","","ABS (unpublished) Criminal Courts Australia","no.","2989","na","3581","na","543","na","na","2559","na",""
"SE10b.3","2019-20","Criminal court defendants","All ages","All people","Aboriginal and Torres Strait Islander people","All areas","Criminal court defendants finalised with a guilty outcome","Principal sentence","Intensive penalty in the community","","","Number","","","ABS (unpublished) Criminal Courts Australia","no.","1212","na","54","na","108","na","na","6","na",""
"SE10b.3","2019-20","Criminal court defendants","All ages","All people","Aboriginal and Torres Strait Islander people","All areas","Criminal court defendants finalised with a guilty outcome","Principal sentence","Fully suspended sentence of imprisonment","","","Number","","","ABS (unpublished) Criminal Courts Australia","no.","10","na","1130","na","169","na","na","281","na",""
"SE10b.3","2019-20","Criminal court defendants","All ages","All people","Aboriginal and Torres Strait Islander people","All areas","Criminal court defendants finalised with a guilty outcome","Principal sentence","Moderate penalty in the community and Community service/work","","","Number","","","ABS (unpublished) Criminal Courts Australia","no.","2772","na","1887","na","162","na","na","108","na",""
"SE10b.3","2019-20","Criminal court defendants","All ages","All people","Aboriginal and Torres Strait Islander people","All areas","Criminal court defendants finalised with a guilty outcome","Principal sentence","Monetary penalties","","","Number","","","ABS (unpublished) Criminal Courts Australia","no.","2374","na","6161","na","563","na","na","379","na",""
"SE10b.3","2019-20","Criminal court defendants","All ages","All people","Aboriginal and Torres Strait Islander people","All areas","Criminal court defendants finalised with a guilty outcome","Principal sentence","Nominal and other penalties and Good behaviour (incl. bonds)","","","Number","","","ABS (unpublished) Criminal Courts Australia","no.","2007","na","1118","na","1143","na","na","447","na",""
"SE10b.3","2019-20","Criminal court defendants","All ages","All people","Non-Indigenous people","All areas","Criminal court defendants finalised with a guilty outcome","Principal sentence","Custody in a correctional institution","","","Number","","","ABS (unpublished) Criminal Courts Australia","no.","6774","na","7480","na","1140","na","na","384","na",""
"SE10b.3","2019-20","Criminal court defendants","All ages","All people","Non-Indigenous people","All areas","Criminal court defendants finalised with a guilty outcome","Principal sentence","Intensive penalty in the community","","","Number","","","ABS (unpublished) Criminal Courts Australia","no.","4014","na","125","na","449","na","na","4","na",""
"SE10b.3","2019-20","Criminal court defendants","All ages","All people","Non-Indigenous people","All areas","Criminal court defendants finalised with a guilty outcome","Principal sentence","Fully suspended sentence of imprisonment","","","Number","","","ABS (unpublished) Criminal Courts Australia","no.","54","na","3158","na","731","na","na","89","na",""
"SE10b.3","2019-20","Criminal court defendants","All ages","All people","Non-Indigenous people","All areas","Criminal court defendants finalised with a guilty outcome","Principal sentence","Moderate penalty in the community and Community service/work","","","Number","","","ABS (unpublished) Criminal Courts Australia","no.","9220","na","5918","na","342","na","na","13","na",""
"SE10b.3","2019-20","Criminal court defendants","All ages","All people","Non-Indigenous people","All areas","Criminal court defendants finalised with a guilty outcome","Principal sentence","Monetary penalties","","","Number","","","ABS (unpublished) Criminal Courts Australia","no.","13329","na","24544","na","2417","na","na","248","na",""
"SE10b.3","2019-20","Criminal court defendants","All ages","All people","Non-Indigenous people","All areas","Criminal court defendants finalised with a guilty outcome","Principal sentence","Nominal and other penalties and Good behaviour (incl. bonds)","","","Number","","","ABS (unpublished) Criminal Courts Australia","no.","12179","na","7219","na","3043","na","na","171","na",""
"SE10b.3","2019-20","Criminal court defendants","All ages","All people","Aboriginal and Torres Strait Islander people","All areas","Total number of criminal court defendants finalised with a guilty outcome","","","","","Number","","","ABS (unpublished) Criminal Courts Australia","no.","11370","na","13930","na","2681","na","na","3786","na",""
"SE10b.3","2019-20","Criminal court defendants","All ages","All people","Non-Indigenous people","All areas","Total number of criminal court defendants finalised with a guilty outcome","","","","","Number","","","ABS (unpublished) Criminal Courts Australia","no.","45565","na","48449","na","8116","na","na","912","na",""
"SE10b.3","2019-20","Criminal court defendants","All ages","All people","Indigenous status not stated","All areas","Total number of criminal court defendants finalised with a guilty outcome","","","","","Number","","","ABS (unpublished) Criminal Courts Australia","no.","9018","na","935","na","660","na","na","95","na",""
"SE10b.3","2018-19","Criminal court defendants","All ages","All people","Aboriginal and Torres Strait Islander people","All areas","Criminal court defendants finalised with a guilty outcome","Principal sentence","Custody in a correctional institution","","","Proportion","","","Derived from ABS (unpublished) Criminal Courts Australia","%","26.2","na","21.1","na","18.2","na","na","63.0","na",""
"SE10b.3","2018-19","Criminal court defendants","All ages","All people","Aboriginal and Torres Strait Islander people","All areas","Criminal court defendants finalised with a guilty outcome","Principal sentence","Intensive penalty in the community","","","Proportion","","","Derived from ABS (unpublished) Criminal Courts Australia","%","9.0","na","0.3","na","4.1","na","na","0.4","na",""
"SE10b.3","2018-19","Criminal court defendants","All ages","All people","Aboriginal and Torres Strait Islander people","All areas","Criminal court defendants finalised with a guilty outcome","Principal sentence","Fully suspended sentence of imprisonment","","","Proportion","","","Derived from ABS (unpublished) Criminal Courts Australia","%","1.8","na","7.6","na","7.0","na","na","9.6","na",""
"SE10b.3","2018-19","Criminal court defendants","All ages","All people","Aboriginal and Torres Strait Islander people","All areas","Criminal court defendants finalised with a guilty outcome","Principal sentence","Moderate penalty in the community and Community service/work","","","Proportion","","","Derived from ABS (unpublished) Criminal Courts Australia","%","21.6","na","15.1","na","6.9","na","na","3.9","na",""
"SE10b.3","2018-19","Criminal court defendants","All ages","All people","Aboriginal and Torres Strait Islander people","All areas","Criminal court defendants finalised with a guilty outcome","Principal sentence","Monetary penalties","","","Proportion","","","Derived from ABS (unpublished) Criminal Courts Australia","%","20.2","na","48.4","na","20.7","na","na","11.5","na",""
"SE10b.3","2018-19","Criminal court defendants","All ages","All people","Aboriginal and Torres Strait Islander people","All areas","Criminal court defendants finalised with a guilty outcome","Principal sentence","Nominal and other penalties and Good behaviour (incl. bonds)","","","Proportion","","","Derived from ABS (unpublished) Criminal Courts Australia","%","21.1","na","7.5","na","42.9","na","na","11.9","na",""
"SE10b.3","2018-19","Criminal court defendants","All ages","All people","Non-Indigenous people","All areas","Criminal court defendants finalised with a guilty outcome","Principal sentence","Custody in a correctional institution","","","Proportion","","","Derived from ABS (unpublished) Criminal Courts Australia","%","13.8","na","13.5","na","12.4","na","na","44.0","na",""
"SE10b.3","2018-19","Criminal court defendants","All ages","All people","Non-Indigenous people","All areas","Criminal court defendants finalised with a guilty outcome","Principal sentence","Intensive penalty in the community","","","Proportion","","","Derived from ABS (unpublished) Criminal Courts Australia","%","7.2","na","0.3","na","6.0","na","na","0.6","na",""
"SE10b.3","2018-19","Criminal court defendants","All ages","All people","Non-Indigenous people","All areas","Criminal court defendants finalised with a guilty outcome","Principal sentence","Fully suspended sentence of imprisonment","","","Proportion","","","Derived from ABS (unpublished) Criminal Courts Australia","%","1.5","na","6.4","na","9.1","na","na","11.2","na",""
"SE10b.3","2018-19","Criminal court defendants","All ages","All people","Non-Indigenous people","All areas","Criminal court defendants finalised with a guilty outcome","Principal sentence","Moderate penalty in the community and Community service/work","","","Proportion","","","Derived from ABS (unpublished) Criminal Courts Australia","%","17.7","na","12.3","na","3.6","na","na","3.1","na",""
"SE10b.3","2018-19","Criminal court defendants","All ages","All people","Non-Indigenous people","All areas","Criminal court defendants finalised with a guilty outcome","Principal sentence","Monetary penalties","","","Proportion","","","Derived from ABS (unpublished) Criminal Courts Australia","%","29.6","na","52.4","na","30.0","na","na","26.7","na",""
"SE10b.3","2018-19","Criminal court defendants","All ages","All people","Non-Indigenous people","All areas","Criminal court defendants finalised with a guilty outcome","Principal sentence","Nominal and other penalties and Good behaviour (incl. bonds)","","","Proportion","","","Derived from ABS (unpublished) Criminal Courts Australia","%","30.2","na","15.1","na","38.8","na","na","14.3","na",""
"SE10b.3","2018-19","Criminal court defendants","All ages","All people","Aboriginal and Torres Strait Islander people","All areas","Criminal court defendants finalised with a guilty outcome","Principal sentence","Custody in a correctional institution","","","Number","","","ABS (unpublished) Criminal Courts Australia","no.","2968","na","3590","na","501","na","na","2790","na",""
"SE10b.3","2018-19","Criminal court defendants","All ages","All people","Aboriginal and Torres Strait Islander people","All areas","Criminal court defendants finalised with a guilty outcome","Principal sentence","Intensive penalty in the community","","","Number","","","ABS (unpublished) Criminal Courts Australia","no.","1013","na","45","na","114","na","na","18","na",""
"SE10b.3","2018-19","Criminal court defendants","All ages","All people","Aboriginal and Torres Strait Islander people","All areas","Criminal court defendants finalised with a guilty outcome","Principal sentence","Fully suspended sentence of imprisonment","","","Number","","","ABS (unpublished) Criminal Courts Australia","no.","208","na","1298","na","191","na","na","425","na",""
"SE10b.3","2018-19","Criminal court defendants","All ages","All people","Aboriginal and Torres Strait Islander people","All areas","Criminal court defendants finalised with a guilty outcome","Principal sentence","Moderate penalty in the community and Community service/work","","","Number","","","ABS (unpublished) Criminal Courts Australia","no.","2447","na","2568","na","189","na","na","173","na",""
"SE10b.3","2018-19","Criminal court defendants","All ages","All people","Aboriginal and Torres Strait Islander people","All areas","Criminal court defendants finalised with a guilty outcome","Principal sentence","Monetary penalties","","","Number","","","ABS (unpublished) Criminal Courts Australia","no.","2287","na","8233","na","568","na","na","510","na",""
"SE10b.3","2018-19","Criminal court defendants","All ages","All people","Aboriginal and Torres Strait Islander people","All areas","Criminal court defendants finalised with a guilty outcome","Principal sentence","Nominal and other penalties and Good behaviour (incl. bonds)","","","Number","","","ABS (unpublished) Criminal Courts Australia","no.","2392","na","1280","na","1178","na","na","527","na",""
"SE10b.3","2018-19","Criminal court defendants","All ages","All people","Non-Indigenous people","All areas","Criminal court defendants finalised with a guilty outcome","Principal sentence","Custody in a correctional institution","","","Number","","","ABS (unpublished) Criminal Courts Australia","no.","6932","na","8185","na","1154","na","na","473","na",""
"SE10b.3","2018-19","Criminal court defendants","All ages","All people","Non-Indigenous people","All areas","Criminal court defendants finalised with a guilty outcome","Principal sentence","Intensive penalty in the community","","","Number","","","ABS (unpublished) Criminal Courts Australia","no.","3585","na","167","na","562","na","na","6","na",""
"SE10b.3","2018-19","Criminal court defendants","All ages","All people","Non-Indigenous people","All areas","Criminal court defendants finalised with a guilty outcome","Principal sentence","Fully suspended sentence of imprisonment","","","Number","","","ABS (unpublished) Criminal Courts Australia","no.","754","na","3893","na","842","na","na","120","na",""
"SE10b.3","2018-19","Criminal court defendants","All ages","All people","Non-Indigenous people","All areas","Criminal court defendants finalised with a guilty outcome","Principal sentence","Moderate penalty in the community and Community service/work","","","Number","","","ABS (unpublished) Criminal Courts Australia","no.","8872","na","7466","na","339","na","na","33","na",""
"SE10b.3","2018-19","Criminal court defendants","All ages","All people","Non-Indigenous people","All areas","Criminal court defendants finalised with a guilty outcome","Principal sentence","Monetary penalties","","","Number","","","ABS (unpublished) Criminal Courts Australia","no.","14809","na","31742","na","2792","na","na","287","na",""
"SE10b.3","2018-19","Criminal court defendants","All ages","All people","Non-Indigenous people","All areas","Criminal court defendants finalised with a guilty outcome","Principal sentence","Nominal and other penalties and Good behaviour (incl. bonds)","","","Number","","","ABS (unpublished) Criminal Courts Australia","no.","15121","na","9115","na","3605","na","na","154","na",""
"SE10b.3","2018-19","Criminal court defendants","All ages","All people","Aboriginal and Torres Strait Islander people","All areas","Total number of criminal court defendants finalised with a guilty outcome","","","","","Number","","","ABS (unpublished) Criminal Courts Australia","no.","11317","na","17017","na","2748","na","na","4432","na",""
"SE10b.3","2018-19","Criminal court defendants","All ages","All people","Non-Indigenous people","All areas","Total number of criminal court defendants finalised with a guilty outcome","","","","","Number","","","ABS (unpublished) Criminal Courts Australia","no.","50070","na","60562","na","9295","na","na","1075","na",""
"SE10b.3","2018-19","Criminal court defendants","All ages","All people","Indigenous status not stated","All areas","Total number of criminal court defendants finalised with a guilty outcome","","","","","Number","","","ABS (unpublished) Criminal Courts Australia","no.","9115","na","1599","na","971","na","na","78","na",""
"SE10d.1","2025","Prisoner legal status","18+ years old","All people","Aboriginal and Torres Strait Islander people","All areas","People in prison custody at 30 June","Sentenced","","","","Proportion","","","Derived from ABS Prisoners in Australia","%","55.1","52.3","57.9","55.3","43.1","48.1","63.7","52.0","","54.6"
"SE10d.1","2025","Prisoner legal status","18+ years old","All people","Aboriginal and Torres Strait Islander people","All areas","People in prison custody at 30 June","Unsentenced","","","","Proportion","","","Derived from ABS Prisoners in Australia","%","44.9","47.5","41.5","44.5","56.9","52.4","32.6","48.0","","45.1"
"SE10d.1","2025","Prisoner legal status","18+ years old","All people","Non-Indigenous people","All areas","People in prison custody at 30 June","Sentenced","","","","Proportion","","","Derived from ABS Prisoners in Australia","%","57.2","62.2","56.4","64.7","58.7","63.0","66.3","48.5","","59.4"
"SE10d.1","2025","Prisoner legal status","18+ years old","All people","Non-Indigenous people","All areas","People in prison custody at 30 June","Unsentenced","","","","Proportion","","","Derived from ABS Prisoners in Australia","%","42.8","37.8","43.1","35.0","41.0","37.2","31.0","52.7","","40.4"
"SE10d.1","2025","Prisoner legal status","18+ years old","All people","Aboriginal and Torres Strait Islander people","All areas","People in prison custody at 30 June","Sentenced","","","","Number","","","ABS Prisoners in Australia","no.","2490","479","2599","2082","384","99","86","1302","","9524"
"SE10d.1","2025","Prisoner legal status","18+ years old","All people","Aboriginal and Torres Strait Islander people","All areas","People in prison custody at 30 June","Unsentenced","","","","Number","","","ABS Prisoners in Australia","no.","2029","435","1863","1676","506","108","44","1202","","7866"
"SE10d.1","2025","Prisoner legal status","18+ years old","All people","Aboriginal and Torres Strait Islander people","All areas","People in prison custody at 30 June","Total","","","","Number","","","ABS Prisoners in Australia","no.","4519","915","4486","3767","890","206","135","2505","","17432"
"SE10d.1","2025","Prisoner legal status","18+ years old","All people","Non-Indigenous people","All areas","People in prison custody at 30 June","Sentenced","","","","Number","","","ABS Prisoners in Australia","no.","4921","3406","3831","3049","1481","345","197","164","","17386"
"SE10d.1","2025","Prisoner legal status","18+ years old","All people","Non-Indigenous people","All areas","People in prison custody at 30 June","Unsentenced","","","","Number","","","ABS Prisoners in Australia","no.","3686","2072","2927","1647","1036","204","92","178","","11846"
"SE10d.1","2025","Prisoner legal status","18+ years old","All people","Non-Indigenous people","All areas","People in prison custody at 30 June","Total","","","","Number","","","ABS Prisoners in Australia","no.","8607","5476","6791","4709","2525","548","297","338","","29288"
"SE10d.1","2025","Prisoner legal status","18+ years old","All people","Indigenous status not stated","All areas","People in prison custody at 30 June","Total","","","","Number","","","ABS Prisoners in Australia","no.","37","207","0","0","0","36","0","0","","278"
"SE10d.1","2024","Prisoner legal status","18+ years old","All people","Aboriginal and Torres Strait Islander people","All areas","People in prison custody at 30 June","Sentenced","","","","Proportion","","","Derived from ABS Prisoners in Australia","%","53.9","60.5","63.2","52.8","42.9","55.2","47.0","54.3","","55.8"
"SE10d.1","2024","Prisoner legal status","18+ years old","All people","Aboriginal and Torres Strait Islander people","All areas","People in prison custody at 30 June","Unsentenced","","","","Proportion","","","Derived from ABS Prisoners in Australia","%","46.2","40.3","36.3","46.9","57.5","44.3","52.2","45.5","","43.9"
"SE10d.1","2024","Prisoner legal status","18+ years old","All people","Non-Indigenous people","All areas","People in prison custody at 30 June","Sentenced","","","","Proportion","","","Derived from ABS Prisoners in Australia","%","57.1","67.2","60.8","65.4","58.3","59.7","54.2","57.1","","61.2"
"SE10d.1","2024","Prisoner legal status","18+ years old","All people","Non-Indigenous people","All areas","People in prison custody at 30 June","Unsentenced","","","","Proportion","","","Derived from ABS Prisoners in Australia","%","42.9","32.8","38.7","34.5","41.3","39.9","46.2","42.1","","38.7"
"SE10d.1","2024","Prisoner legal status","18+ years old","All people","Aboriginal and Torres Strait Islander people","All areas","People in prison custody at 30 June","Sentenced","","","","Number","","","ABS Prisoners in Australia","no.","2257","441","2680","1852","365","107","63","1099","","8863"
"SE10d.1","2024","Prisoner legal status","18+ years old","All people","Aboriginal and Torres Strait Islander people","All areas","People in prison custody at 30 June","Unsentenced","","","","Number","","","ABS Prisoners in Australia","no.","1933","294","1539","1646","489","86","70","921","","6971"
"SE10d.1","2024","Prisoner legal status","18+ years old","All people","Aboriginal and Torres Strait Islander people","All areas","People in prison custody at 30 June","Total","","","","Number","","","ABS Prisoners in Australia","no.","4188","729","4243","3507","851","194","134","2023","","15871"
"SE10d.1","2024","Prisoner legal status","18+ years old","All people","Non-Indigenous people","All areas","People in prison custody at 30 June","Sentenced","","","","Number","","","ABS Prisoners in Australia","no.","4975","3371","4037","2813","1455","362","148","149","","17312"
"SE10d.1","2024","Prisoner legal status","18+ years old","All people","Non-Indigenous people","All areas","People in prison custody at 30 June","Unsentenced","","","","Number","","","ABS Prisoners in Australia","no.","3735","1643","2566","1483","1029","242","126","110","","10936"
"SE10d.1","2024","Prisoner legal status","18+ years old","All people","Non-Indigenous people","All areas","People in prison custody at 30 June","Total","","","","Number","","","ABS Prisoners in Australia","no.","8706","5015","6637","4303","2494","606","273","261","","28294"
"SE10d.1","2024","Prisoner legal status","18+ years old","All people","Indigenous status not stated","All areas","People in prison custody at 30 June","Total","","","","Number","","","ABS Prisoners in Australia","no.","52","174","0","4","1","1","14","0","","238"
"SE10d.1","2023","Prisoner legal status","18+ years old","All people","Aboriginal and Torres Strait Islander people","All areas","People in prison custody at 30 June","Sentenced","","","","Proportion","","","Derived from ABS Prisoners in Australia","%","61.1","53.9","63.1","56.7","43.9","49.1","51.0","58.9","","58.9"
"SE10d.1","2023","Prisoner legal status","18+ years old","All people","Aboriginal and Torres Strait Islander people","All areas","People in prison custody at 30 June","Unsentenced","","","","Proportion","","","Derived from ABS Prisoners in Australia","%","39.0","46.6","36.4","43.0","56.1","50.3","48.0","41.0","","40.9"
"SE10d.1","2023","Prisoner legal status","18+ years old","All people","Non-Indigenous people","All areas","People in prison custody at 30 June","Sentenced","","","","Proportion","","","Derived from ABS Prisoners in Australia","%","60.8","64.0","63.6","69.9","59.1","63.8","57.8","58.9","","63.3"
"SE10d.1","2023","Prisoner legal status","18+ years old","All people","Non-Indigenous people","All areas","People in prison custody at 30 June","Unsentenced","","","","Proportion","","","Derived from ABS Prisoners in Australia","%","39.1","35.9","35.9","29.8","40.3","35.5","45.5","41.1","","36.6"
"SE10d.1","2023","Prisoner legal status","18+ years old","All people","Aboriginal and Torres Strait Islander people","All areas","People in prison custody at 30 June","Sentenced","","","","Number","","","ABS Prisoners in Australia","no.","2145","438","2399","1625","319","83","52","1095","","8155"
"SE10d.1","2023","Prisoner legal status","18+ years old","All people","Aboriginal and Torres Strait Islander people","All areas","People in prison custody at 30 June","Unsentenced","","","","Number","","","ABS Prisoners in Australia","no.","1370","378","1383","1234","407","85","49","763","","5663"
"SE10d.1","2023","Prisoner legal status","18+ years old","All people","Aboriginal and Torres Strait Islander people","All areas","People in prison custody at 30 June","Total","","","","Number","","","ABS Prisoners in Australia","no.","3510","812","3801","2867","726","169","102","1860","","13852"
"SE10d.1","2023","Prisoner legal status","18+ years old","All people","Non-Indigenous people","All areas","People in prison custody at 30 June","Sentenced","","","","Number","","","ABS Prisoners in Australia","no.","5345","3535","4088","2688","1343","370","155","142","","17674"
"SE10d.1","2023","Prisoner legal status","18+ years old","All people","Non-Indigenous people","All areas","People in prison custody at 30 June","Unsentenced","","","","Number","","","ABS Prisoners in Australia","no.","3435","1983","2305","1147","916","206","122","99","","10213"
"SE10d.1","2023","Prisoner legal status","18+ years old","All people","Non-Indigenous people","All areas","People in prison custody at 30 June","Total","","","","Number","","","ABS Prisoners in Australia","no.","8788","5520","6424","3844","2272","580","268","241","","27942"
"SE10d.1","2023","Prisoner legal status","18+ years old","All people","Indigenous status not stated","All areas","People in prison custody at 30 June","Total","","","","Number","","","ABS Prisoners in Australia","no.","19","109","0","0","0","0","5","0","","133"
"SE10d.1","2022","Prisoner legal status","18+ years old","All people","Aboriginal and Torres Strait Islander people","All areas","People in prison custody at 30 June","Sentenced","","","","Proportion","","","Derived from ABS Prisoners in Australia","%","59.4","50.8","65.0","64.1","40.5","62.2","61.5","64.8","","60.9"
"SE10d.1","2022","Prisoner legal status","18+ years old","All people","Aboriginal and Torres Strait Islander people","All areas","People in prison custody at 30 June","Unsentenced","","","","Proportion","","","Derived from ABS Prisoners in Australia","%","40.8","49.1","34.3","35.5","59.2","41.3","40.6","35.1","","38.8"
"SE10d.1","2022","Prisoner legal status","18+ years old","All people","Non-Indigenous people","All areas","People in prison custody at 30 June","Sentenced","","","","Proportion","","","Derived from ABS Prisoners in Australia","%","63.8","59.2","66.2","73.4","60.6","67.7","58.9","61.9","","64.4"
"SE10d.1","2022","Prisoner legal status","18+ years old","All people","Non-Indigenous people","All areas","People in prison custody at 30 June","Unsentenced","","","","Proportion","","","Derived from ABS Prisoners in Australia","%","36.2","40.8","33.2","26.2","39.5","30.9","41.4","39.3","","35.4"
"SE10d.1","2022","Prisoner legal status","18+ years old","All people","Aboriginal and Torres Strait Islander people","All areas","People in prison custody at 30 June","Sentenced","","","","Number","","","ABS Prisoners in Australia","no.","2141","353","2217","1616","301","89","59","1090","","7860"
"SE10d.1","2022","Prisoner legal status","18+ years old","All people","Aboriginal and Torres Strait Islander people","All areas","People in prison custody at 30 June","Unsentenced","","","","Number","","","ABS Prisoners in Australia","no.","1470","341","1170","895","440","59","39","591","","5004"
"SE10d.1","2022","Prisoner legal status","18+ years old","All people","Aboriginal and Torres Strait Islander people","All areas","People in prison custody at 30 June","Total","","","","Number","","","ABS Prisoners in Australia","no.","3606","695","3410","2521","743","143","96","1683","","12902"
"SE10d.1","2022","Prisoner legal status","18+ years old","All people","Non-Indigenous people","All areas","People in prison custody at 30 June","Sentenced","","","","Number","","","ABS Prisoners in Australia","no.","5585","3377","3949","2755","1363","331","165","153","","17675"
"SE10d.1","2022","Prisoner legal status","18+ years old","All people","Non-Indigenous people","All areas","People in prison custody at 30 June","Unsentenced","","","","Number","","","ABS Prisoners in Australia","no.","3173","2325","1979","985","889","151","116","97","","9717"
"SE10d.1","2022","Prisoner legal status","18+ years old","All people","Non-Indigenous people","All areas","People in prison custody at 30 June","Total","","","","Number","","","ABS Prisoners in Australia","no.","8754","5703","5962","3755","2251","489","280","247","","27446"
"SE10d.1","2022","Prisoner legal status","18+ years old","All people","Indigenous status not stated","All areas","People in prison custody at 30 June","Total","","","","Number","","","ABS Prisoners in Australia","no.","13","166","0","0","61","0","3","0","","244"
"SE10d.1","2021","Prisoner legal status","18+ years old","All people","Aboriginal and Torres Strait Islander people","All areas","People in prison custody at 30 June","Sentenced","","","","Proportion","","","Derived from ABS Prisoners in Australia","%","63.9","50.3","68.4","65.4","42.5","57.9","63.3","65.3","","63.5"
"SE10d.1","2021","Prisoner legal status","18+ years old","All people","Aboriginal and Torres Strait Islander people","All areas","People in prison custody at 30 June","Unsentenced","","","","Proportion","","","Derived from ABS Prisoners in Australia","%","36.2","50.7","31.0","34.0","56.5","40.1","37.8","34.5","","36.2"
"SE10d.1","2021","Prisoner legal status","18+ years old","All people","Non-Indigenous people","All areas","People in prison custody at 30 June","Sentenced","","","","Proportion","","","Derived from ABS Prisoners in Australia","%","65.7","57.3","69.3","71.4","59.1","72.1","69.6","59.5","","65.0"
"SE10d.1","2021","Prisoner legal status","18+ years old","All people","Non-Indigenous people","All areas","People in prison custody at 30 June","Unsentenced","","","","Proportion","","","Derived from ABS Prisoners in Australia","%","34.4","42.7","30.2","28.4","40.6","27.3","33.0","42.1","","34.8"
"SE10d.1","2021","Prisoner legal status","18+ years old","All people","Aboriginal and Torres Strait Islander people","All areas","People in prison custody at 30 June","Sentenced","","","","Number","","","ABS Prisoners in Australia","no.","2298","386","2379","1741","316","88","62","1006","","8275"
"SE10d.1","2021","Prisoner legal status","18+ years old","All people","Aboriginal and Torres Strait Islander people","All areas","People in prison custody at 30 June","Unsentenced","","","","Number","","","ABS Prisoners in Australia","no.","1301","389","1077","905","420","61","37","531","","4725"
"SE10d.1","2021","Prisoner legal status","18+ years old","All people","Aboriginal and Torres Strait Islander people","All areas","People in prison custody at 30 June","Total","","","","Number","","","ABS Prisoners in Australia","no.","3597","768","3479","2664","744","152","98","1540","","13039"
"SE10d.1","2021","Prisoner legal status","18+ years old","All people","Non-Indigenous people","All areas","People in prison custody at 30 June","Sentenced","","","","Number","","","ABS Prisoners in Australia","no.","6249","3622","4492","2892","1396","354","190","154","","19341"
"SE10d.1","2021","Prisoner legal status","18+ years old","All people","Non-Indigenous people","All areas","People in prison custody at 30 June","Unsentenced","","","","Number","","","ABS Prisoners in Australia","no.","3270","2699","1956","1149","960","134","90","109","","10350"
"SE10d.1","2021","Prisoner legal status","18+ years old","All people","Non-Indigenous people","All areas","People in prison custody at 30 June","Total","","","","Number","","","ABS Prisoners in Australia","no.","9515","6318","6480","4051","2364","491","273","259","","29760"
"SE10d.1","2021","Prisoner legal status","18+ years old","All people","Indigenous status not stated","All areas","People in prison custody at 30 June","Total","","","","Number","","","ABS Prisoners in Australia","no.","14","160","0","0","0","0","0","0","","166"
"SE10d.1","2020","Prisoner legal status","18+ years old","All people","Aboriginal and Torres Strait Islander people","All areas","People in prison custody at 30 June","Sentenced","","","","Proportion","","","Derived from ABS Prisoners in Australia","%","65.8","56.5","69.0","68.8","46.5","66.9","57.8","70.1","","66.0"
"SE10d.1","2020","Prisoner legal status","18+ years old","All people","Aboriginal and Torres Strait Islander people","All areas","People in prison custody at 30 June","Unsentenced","","","","Proportion","","","Derived from ABS Prisoners in Australia","%","34.3","43.1","30.4","30.8","53.4","31.7","38.8","29.2","","33.7"
"SE10d.1","2020","Prisoner legal status","18+ years old","All people","Non-Indigenous people","All areas","People in prison custody at 30 June","Sentenced","","","","Proportion","","","Derived from ABS Prisoners in Australia","%","68.1","66.5","70.8","74.8","61.1","70.5","64.0","71.2","","68.7"
"SE10d.1","2020","Prisoner legal status","18+ years old","All people","Non-Indigenous people","All areas","People in prison custody at 30 June","Unsentenced","","","","Proportion","","","Derived from ABS Prisoners in Australia","%","31.9","33.5","28.7","25.0","38.1","29.1","36.9","31.1","","31.1"
"SE10d.1","2020","Prisoner legal status","18+ years old","All people","Aboriginal and Torres Strait Islander people","All areas","People in prison custody at 30 June","Sentenced","","","","Number","","","ABS Prisoners in Australia","no.","2194","408","2096","1833","326","97","67","961","","7982"
"SE10d.1","2020","Prisoner legal status","18+ years old","All people","Aboriginal and Torres Strait Islander people","All areas","People in prison custody at 30 June","Unsentenced","","","","Number","","","ABS Prisoners in Australia","no.","1144","311","924","822","374","46","45","400","","4075"
"SE10d.1","2020","Prisoner legal status","18+ years old","All people","Aboriginal and Torres Strait Islander people","All areas","People in prison custody at 30 June","Total","","","","Number","","","ABS Prisoners in Australia","no.","3335","722","3038","2666","701","145","116","1371","","12092"
"SE10d.1","2020","Prisoner legal status","18+ years old","All people","Non-Indigenous people","All areas","People in prison custody at 30 June","Sentenced","","","","Number","","","ABS Prisoners in Australia","no.","6389","4220","3976","3071","1396","371","212","188","","19827"
"SE10d.1","2020","Prisoner legal status","18+ years old","All people","Non-Indigenous people","All areas","People in prison custody at 30 June","Unsentenced","","","","Number","","","ABS Prisoners in Australia","no.","2997","2128","1613","1026","871","153","122","82","","8972"
"SE10d.1","2020","Prisoner legal status","18+ years old","All people","Non-Indigenous people","All areas","People in prison custody at 30 June","Total","","","","Number","","","ABS Prisoners in Australia","no.","9384","6350","5617","4105","2286","526","331","264","","28872"
"SE10d.1","2020","Prisoner legal status","18+ years old","All people","Indigenous status not stated","All areas","People in prison custody at 30 June","Total","","","","Number","","","ABS Prisoners in Australia","no.","11","80","0","0","0","0","0","0","","92"
"SE10d.1","2019","Prisoner legal status","18+ years old","All people","Aboriginal and Torres Strait Islander people","All areas","People in prison custody at 30 June","Sentenced","","","","Proportion","","","Derived from ABS Prisoners in Australia","%","66.5","52.1","68.2","68.8","51.8","61.4","51.9","69.9","","65.9"
"SE10d.1","2019","Prisoner legal status","18+ years old","All people","Aboriginal and Torres Strait Islander people","All areas","People in prison custody at 30 June","Unsentenced","","","","Proportion","","","Derived from ABS Prisoners in Australia","%","33.6","47.6","31.3","30.7","47.7","37.1","41.3","29.7","","33.8"
"SE10d.1","2019","Prisoner legal status","18+ years old","All people","Non-Indigenous people","All areas","People in prison custody at 30 June","Sentenced","","","","Proportion","","","Derived from ABS Prisoners in Australia","%","66.3","64.6","68.8","73.2","64.2","66.9","59.1","67.3","","67.1"
"SE10d.1","2019","Prisoner legal status","18+ years old","All people","Non-Indigenous people","All areas","People in prison custody at 30 June","Unsentenced","","","","Proportion","","","Derived from ABS Prisoners in Australia","%","33.7","35.4","30.7","26.5","35.2","32.4","39.2","32.3","","32.7"
"SE10d.1","2019","Prisoner legal status","18+ years old","All people","Aboriginal and Torres Strait Islander people","All areas","People in prison custody at 30 June","Sentenced","","","","Number","","","ABS Prisoners in Australia","no.","2282","438","1959","1843","353","86","54","1009","","8037"
"SE10d.1","2019","Prisoner legal status","18+ years old","All people","Aboriginal and Torres Strait Islander people","All areas","People in prison custody at 30 June","Unsentenced","","","","Number","","","ABS Prisoners in Australia","no.","1154","400","898","823","325","52","43","429","","4128"
"SE10d.1","2019","Prisoner legal status","18+ years old","All people","Aboriginal and Torres Strait Islander people","All areas","People in prison custody at 30 June","Total","","","","Number","","","ABS Prisoners in Australia","no.","3434","840","2873","2680","681","140","104","1443","","12195"
"SE10d.1","2019","Prisoner legal status","18+ years old","All people","Non-Indigenous people","All areas","People in prison custody at 30 June","Sentenced","","","","Number","","","ABS Prisoners in Australia","no.","6642","4681","4060","3116","1398","370","214","198","","20675"
"SE10d.1","2019","Prisoner legal status","18+ years old","All people","Non-Indigenous people","All areas","People in prison custody at 30 June","Unsentenced","","","","Number","","","ABS Prisoners in Australia","no.","3374","2566","1815","1127","766","179","142","95","","10068"
"SE10d.1","2019","Prisoner legal status","18+ years old","All people","Non-Indigenous people","All areas","People in prison custody at 30 June","Total","","","","Number","","","ABS Prisoners in Australia","no.","10011","7248","5903","4255","2178","553","362","294","","30805"
"SE10d.1","2019","Prisoner legal status","18+ years old","All people","Indigenous status not stated","All areas","People in prison custody at 30 June","Total","","","","Number","","","ABS Prisoners in Australia","no.","11","11","0","0","0","0","7","0","","35"
"SE10d.2","2025","Aggregate sentence length","18+ years old","All people","Aboriginal and Torres Strait Islander people","All areas","Sentenced people in prison custody at 30 June","Aggregate sentence length","Under 3 months","","","Proportion","","","Derived from ABS Prisoners in Australia","%","2.5","2.3","0.2","0.5","3.4","11.1","0","3.3","","1.6"
"SE10d.2","2025","Aggregate sentence length","18+ years old","All people","Aboriginal and Torres Strait Islander people","All areas","Sentenced people in prison custody at 30 June","Aggregate sentence length","Between 3 and under 6 months","","","Proportion","","","Derived from ABS Prisoners in Australia","%","6.7","7.7","1.1","1.0","5.7","22.2","0","10.4","","4.5"
"SE10d.2","2025","Aggregate sentence length","18+ years old","All people","Aboriginal and Torres Strait Islander people","All areas","Sentenced people in prison custody at 30 June","Aggregate sentence length","Between 6 and under 12 months","","","Proportion","","","Derived from ABS Prisoners in Australia","%","16.7","10.9","7.5","17.4","7.0","13.1","9.3","19.6","","14.0"
"SE10d.2","2025","Aggregate sentence length","18+ years old","All people","Aboriginal and Torres Strait Islander people","All areas","Sentenced people in prison custody at 30 June","Aggregate sentence length","Between 1 and under 2 years","","","Proportion","","","Derived from ABS Prisoners in Australia","%","26.9","15.9","23.8","22.3","15.9","19.2","22.1","24.0","","23.6"
"SE10d.2","2025","Aggregate sentence length","18+ years old","All people","Aboriginal and Torres Strait Islander people","All areas","Sentenced people in prison custody at 30 June","Aggregate sentence length","Between 2 and under 5 years","","","Proportion","","","Derived from ABS Prisoners in Australia","%","23.0","27.3","37.6","34.9","25.5","25.3","33.7","23.1","","30.0"
"SE10d.2","2025","Aggregate sentence length","18+ years old","All people","Aboriginal and Torres Strait Islander people","All areas","Sentenced people in prison custody at 30 June","Aggregate sentence length","Between 5 and under 10 years","","","Proportion","","","Derived from ABS Prisoners in Australia","%","11.6","21.1","20.5","15.7","23.4","7.1","18.6","12.4","","16.0"
"SE10d.2","2025","Aggregate sentence length","18+ years old","All people","Aboriginal and Torres Strait Islander people","All areas","Sentenced people in prison custody at 30 June","Aggregate sentence length","Between 10 and under 15 years","","","Proportion","","","Derived from ABS Prisoners in Australia","%","4.2","5.8","4.8","2.9","4.4","3.0","8.1","2.7","","4.0"
"SE10d.2","2025","Aggregate sentence length","18+ years old","All people","Aboriginal and Torres Strait Islander people","All areas","Sentenced people in prison custody at 30 June","Aggregate sentence length","Between 15 and under 20 years","","","Proportion","","","Derived from ABS Prisoners in Australia","%","2.4","1.9","1.3","1.2","4.2","5.1","3.5","0.8","","1.6"
"SE10d.2","2025","Aggregate sentence length","18+ years old","All people","Aboriginal and Torres Strait Islander people","All areas","Sentenced people in prison custody at 30 June","Aggregate sentence length","20 years and over","","","Proportion","","","Derived from ABS Prisoners in Australia","%","5.3","6.7","0.2","0.1","0.8","4.0","4.7","0","","1.9"
"SE10d.2","2025","Aggregate sentence length","18+ years old","All people","Aboriginal and Torres Strait Islander people","All areas","Sentenced people in prison custody at 30 June","Aggregate sentence length","Life","","","Proportion","","","Derived from ABS Prisoners in Australia","%","0.4","1.3","2.9","3.5","7.0","0","0","2.1","","2.3"
"SE10d.2","2025","Aggregate sentence length","18+ years old","All people","Aboriginal and Torres Strait Islander people","All areas","Sentenced people in prison custody at 30 June","Aggregate sentence length","Other","","","Proportion","","","Derived from ABS Prisoners in Australia","%","0.8","0","0","0.3","2.1","0","0","1.2","","0.5"
"SE10d.2","2025","Aggregate sentence length","18+ years old","All people","Non-Indigenous people","All areas","Sentenced people in prison custody at 30 June","Aggregate sentence length","Under 3 months","","","Proportion","","","Derived from ABS Prisoners in Australia","%","1.2","1.4","0.1","0.6","0.9","6.1","1.5","0","","1.0"
"SE10d.2","2025","Aggregate sentence length","18+ years old","All people","Non-Indigenous people","All areas","Sentenced people in prison custody at 30 June","Aggregate sentence length","Between 3 and under 6 months","","","Proportion","","","Derived from ABS Prisoners in Australia","%","3.7","4.8","1.3","0.9","3.2","8.7","4.6","1.8","","2.9"
"SE10d.2","2025","Aggregate sentence length","18+ years old","All people","Non-Indigenous people","All areas","Sentenced people in prison custody at 30 June","Aggregate sentence length","Between 6 and under 12 months","","","Proportion","","","Derived from ABS Prisoners in Australia","%","9.2","8.6","6.3","8.2","5.3","14.5","6.6","4.3","","8.0"
"SE10d.2","2025","Aggregate sentence length","18+ years old","All people","Non-Indigenous people","All areas","Sentenced people in prison custody at 30 June","Aggregate sentence length","Between 1 and under 2 years","","","Proportion","","","Derived from ABS Prisoners in Australia","%","16.3","10.8","15.4","14.6","8.0","13.9","21.3","7.3","","13.9"
"SE10d.2","2025","Aggregate sentence length","18+ years old","All people","Non-Indigenous people","All areas","Sentenced people in prison custody at 30 June","Aggregate sentence length","Between 2 and under 5 years","","","Proportion","","","Derived from ABS Prisoners in Australia","%","20.8","21.0","27.5","27.4","25.5","23.8","33.5","25.6","","24.1"
"SE10d.2","2025","Aggregate sentence length","18+ years old","All people","Non-Indigenous people","All areas","Sentenced people in prison custody at 30 June","Aggregate sentence length","Between 5 and under 10 years","","","Proportion","","","Derived from ABS Prisoners in Australia","%","20.6","25.3","29.4","26.6","26.0","15.9","18.8","31.7","","25.0"
"SE10d.2","2025","Aggregate sentence length","18+ years old","All people","Non-Indigenous people","All areas","Sentenced people in prison custody at 30 June","Aggregate sentence length","Between 10 and under 15 years","","","Proportion","","","Derived from ABS Prisoners in Australia","%","10.4","13.7","9.8","9.8","12.4","6.7","5.1","9.8","","10.8"
"SE10d.2","2025","Aggregate sentence length","18+ years old","All people","Non-Indigenous people","All areas","Sentenced people in prison custody at 30 June","Aggregate sentence length","Between 15 and under 20 years","","","Proportion","","","Derived from ABS Prisoners in Australia","%","6.1","5.6","2.5","2.4","4.8","2.6","3.0","5.5","","4.3"
"SE10d.2","2025","Aggregate sentence length","18+ years old","All people","Non-Indigenous people","All areas","Sentenced people in prison custody at 30 June","Aggregate sentence length","20 years and over","","","Proportion","","","Derived from ABS Prisoners in Australia","%","9.6","7.0","1.0","1.5","3.0","8.1","5.6","3.7","","5.0"
"SE10d.2","2025","Aggregate sentence length","18+ years old","All people","Non-Indigenous people","All areas","Sentenced people in prison custody at 30 June","Aggregate sentence length","Life","","","Proportion","","","Derived from ABS Prisoners in Australia","%","1.2","1.8","6.8","7.9","9.7","2.6","2.0","9.8","","4.5"
"SE10d.2","2025","Aggregate sentence length","18+ years old","All people","Non-Indigenous people","All areas","Sentenced people in prison custody at 30 June","Aggregate sentence length","Other","","","Proportion","","","Derived from ABS Prisoners in Australia","%","1.0","0","0.1","0.2","1.2","0","0","1.8","","0.5"
"SE10d.2","2025","Aggregate sentence length","18+ years old","All people","Aboriginal and Torres Strait Islander people","All areas","Sentenced people in prison custody at 30 June","Aggregate sentence length","Under 3 months","","","Number","","","ABS Prisoners in Australia","no.","62","11","4","10","13","11","0","43","","156"
"SE10d.2","2025","Aggregate sentence length","18+ years old","All people","Aboriginal and Torres Strait Islander people","All areas","Sentenced people in prison custody at 30 June","Aggregate sentence length","Between 3 and under 6 months","","","Number","","","ABS Prisoners in Australia","no.","167","37","29","21","22","22","0","135","","424"
"SE10d.2","2025","Aggregate sentence length","18+ years old","All people","Aboriginal and Torres Strait Islander people","All areas","Sentenced people in prison custody at 30 June","Aggregate sentence length","Between 6 and under 12 months","","","Number","","","ABS Prisoners in Australia","no.","417","52","195","363","27","13","8","255","","1335"
"SE10d.2","2025","Aggregate sentence length","18+ years old","All people","Aboriginal and Torres Strait Islander people","All areas","Sentenced people in prison custody at 30 June","Aggregate sentence length","Between 1 and under 2 years","","","Number","","","ABS Prisoners in Australia","no.","669","76","618","465","61","19","19","312","","2247"
"SE10d.2","2025","Aggregate sentence length","18+ years old","All people","Aboriginal and Torres Strait Islander people","All areas","Sentenced people in prison custody at 30 June","Aggregate sentence length","Between 2 and under 5 years","","","Number","","","ABS Prisoners in Australia","no.","572","131","977","726","98","25","29","301","","2857"
"SE10d.2","2025","Aggregate sentence length","18+ years old","All people","Aboriginal and Torres Strait Islander people","All areas","Sentenced people in prison custody at 30 June","Aggregate sentence length","Between 5 and under 10 years","","","Number","","","ABS Prisoners in Australia","no.","290","101","532","327","90","7","16","161","","1524"
"SE10d.2","2025","Aggregate sentence length","18+ years old","All people","Aboriginal and Torres Strait Islander people","All areas","Sentenced people in prison custody at 30 June","Aggregate sentence length","Between 10 and under 15 years","","","Number","","","ABS Prisoners in Australia","no.","104","28","126","61","17","3","7","35","","379"
"SE10d.2","2025","Aggregate sentence length","18+ years old","All people","Aboriginal and Torres Strait Islander people","All areas","Sentenced people in prison custody at 30 June","Aggregate sentence length","Between 15 and under 20 years","","","Number","","","ABS Prisoners in Australia","no.","61","9","34","24","16","5","3","11","","153"
"SE10d.2","2025","Aggregate sentence length","18+ years old","All people","Aboriginal and Torres Strait Islander people","All areas","Sentenced people in prison custody at 30 June","Aggregate sentence length","20 years and over","","","Number","","","ABS Prisoners in Australia","no.","131","32","6","3","3","4","4","0","","180"
"SE10d.2","2025","Aggregate sentence length","18+ years old","All people","Aboriginal and Torres Strait Islander people","All areas","Sentenced people in prison custody at 30 June","Aggregate sentence length","Life","","","Number","","","ABS Prisoners in Australia","no.","9","6","75","73","27","0","0","27","","219"
"SE10d.2","2025","Aggregate sentence length","18+ years old","All people","Aboriginal and Torres Strait Islander people","All areas","Sentenced people in prison custody at 30 June","Aggregate sentence length","Other","","","Number","","","ABS Prisoners in Australia","no.","20","0","0","6","8","0","0","16","","43"
"SE10d.2","2025","Aggregate sentence length","18+ years old","All people","Non-Indigenous people","All areas","Sentenced people in prison custody at 30 June","Aggregate sentence length","Under 3 months","","","Number","","","ABS Prisoners in Australia","no.","60","49","5","18","13","21","3","0","","175"
"SE10d.2","2025","Aggregate sentence length","18+ years old","All people","Non-Indigenous people","All areas","Sentenced people in prison custody at 30 June","Aggregate sentence length","Between 3 and under 6 months","","","Number","","","ABS Prisoners in Australia","no.","181","162","51","26","47","30","9","3","","503"
"SE10d.2","2025","Aggregate sentence length","18+ years old","All people","Non-Indigenous people","All areas","Sentenced people in prison custody at 30 June","Aggregate sentence length","Between 6 and under 12 months","","","Number","","","ABS Prisoners in Australia","no.","454","294","242","250","79","50","13","7","","1384"
"SE10d.2","2025","Aggregate sentence length","18+ years old","All people","Non-Indigenous people","All areas","Sentenced people in prison custody at 30 June","Aggregate sentence length","Between 1 and under 2 years","","","Number","","","ABS Prisoners in Australia","no.","803","368","589","445","118","48","42","12","","2410"
"SE10d.2","2025","Aggregate sentence length","18+ years old","All people","Non-Indigenous people","All areas","Sentenced people in prison custody at 30 June","Aggregate sentence length","Between 2 and under 5 years","","","Number","","","ABS Prisoners in Australia","no.","1024","715","1055","834","378","82","66","42","","4193"
"SE10d.2","2025","Aggregate sentence length","18+ years old","All people","Non-Indigenous people","All areas","Sentenced people in prison custody at 30 June","Aggregate sentence length","Between 5 and under 10 years","","","Number","","","ABS Prisoners in Australia","no.","1014","862","1127","810","385","55","37","52","","4346"
"SE10d.2","2025","Aggregate sentence length","18+ years old","All people","Non-Indigenous people","All areas","Sentenced people in prison custody at 30 June","Aggregate sentence length","Between 10 and under 15 years","","","Number","","","ABS Prisoners in Australia","no.","511","468","375","299","183","23","10","16","","1883"
"SE10d.2","2025","Aggregate sentence length","18+ years old","All people","Non-Indigenous people","All areas","Sentenced people in prison custody at 30 June","Aggregate sentence length","Between 15 and under 20 years","","","Number","","","ABS Prisoners in Australia","no.","302","190","96","72","71","9","6","9","","756"
"SE10d.2","2025","Aggregate sentence length","18+ years old","All people","Non-Indigenous people","All areas","Sentenced people in prison custody at 30 June","Aggregate sentence length","20 years and over","","","Number","","","ABS Prisoners in Australia","no.","471","238","40","46","44","28","11","6","","876"
"SE10d.2","2025","Aggregate sentence length","18+ years old","All people","Non-Indigenous people","All areas","Sentenced people in prison custody at 30 June","Aggregate sentence length","Life","","","Number","","","ABS Prisoners in Australia","no.","57","61","261","240","144","9","4","16","","783"
"SE10d.2","2025","Aggregate sentence length","18+ years old","All people","Non-Indigenous people","All areas","Sentenced people in prison custody at 30 June","Aggregate sentence length","Other","","","Number","","","ABS Prisoners in Australia","no.","50","0","3","7","18","0","0","3","","79"
"SE10d.2","2025","Aggregate sentence length","18+ years old","All people","Aboriginal and Torres Strait Islander people","All areas","People in prison custody at 30 June","Total","","","","Number","","","ABS Prisoners in Australia","no.","4519","915","4486","3767","890","206","135","2505","","17432"
"SE10d.2","2025","Aggregate sentence length","18+ years old","All people","Non-Indigenous people","All areas","People in prison custody at 30 June","Total","","","","Number","","","ABS Prisoners in Australia","no.","8607","5476","6791","4709","2525","548","297","338","","29288"
"SE10d.2","2025","Aggregate sentence length","18+ years old","All people","Indigenous status not stated","All areas","People in prison custody at 30 June","Total","","","","Number","","","ABS Prisoners in Australia","no.","37","207","0","0","0","36","0","0","","278"
"SE10d.2","2024","Aggregate sentence length","18+ years old","All people","Aboriginal and Torres Strait Islander people","All areas","Sentenced people in prison custody at 30 June","Aggregate sentence length","Under 3 months","","","Proportion","","","Derived from ABS Prisoners in Australia","%","2.3","2.3","0.1","0.7","1.6","8.4","4.8","4.4","","1.6"
"SE10d.2","2024","Aggregate sentence length","18+ years old","All people","Aboriginal and Torres Strait Islander people","All areas","Sentenced people in prison custody at 30 June","Aggregate sentence length","Between 3 and under 6 months","","","Proportion","","","Derived from ABS Prisoners in Australia","%","6.7","5.0","1.0","1.3","5.8","9.3","0","10.3","","4.2"
"SE10d.2","2024","Aggregate sentence length","18+ years old","All people","Aboriginal and Torres Strait Islander people","All areas","Sentenced people in prison custody at 30 June","Aggregate sentence length","Between 6 and under 12 months","","","Proportion","","","Derived from ABS Prisoners in Australia","%","14.1","10.4","9.0","15.0","8.2","24.3","14.3","18.4","","12.9"
"SE10d.2","2024","Aggregate sentence length","18+ years old","All people","Aboriginal and Torres Strait Islander people","All areas","Sentenced people in prison custody at 30 June","Aggregate sentence length","Between 1 and under 2 years","","","Proportion","","","Derived from ABS Prisoners in Australia","%","24.6","15.4","24.8","22.1","12.9","15.0","19.0","20.2","","22.5"
"SE10d.2","2024","Aggregate sentence length","18+ years old","All people","Aboriginal and Torres Strait Islander people","All areas","Sentenced people in prison custody at 30 June","Aggregate sentence length","Between 2 and under 5 years","","","Proportion","","","Derived from ABS Prisoners in Australia","%","24.4","26.5","36.9","36.7","29.9","17.8","20.6","26.6","","31.4"
"SE10d.2","2024","Aggregate sentence length","18+ years old","All people","Aboriginal and Torres Strait Islander people","All areas","Sentenced people in prison custody at 30 June","Aggregate sentence length","Between 5 and under 10 years","","","Proportion","","","Derived from ABS Prisoners in Australia","%","13.2","25.2","20.1","15.7","21.9","19.6","19.0","13.2","","16.9"
"SE10d.2","2024","Aggregate sentence length","18+ years old","All people","Aboriginal and Torres Strait Islander people","All areas","Sentenced people in prison custody at 30 June","Aggregate sentence length","Between 10 and under 15 years","","","Proportion","","","Derived from ABS Prisoners in Australia","%","4.9","5.2","4.3","3.3","4.9","2.8","4.8","2.6","","4.2"
"SE10d.2","2024","Aggregate sentence length","18+ years old","All people","Aboriginal and Torres Strait Islander people","All areas","Sentenced people in prison custody at 30 June","Aggregate sentence length","Between 15 and under 20 years","","","Proportion","","","Derived from ABS Prisoners in Australia","%","3.1","2.5","1.0","1.1","4.4","2.8","4.8","1.0","","1.6"
"SE10d.2","2024","Aggregate sentence length","18+ years old","All people","Aboriginal and Torres Strait Islander people","All areas","Sentenced people in prison custody at 30 June","Aggregate sentence length","20 years and over","","","Proportion","","","Derived from ABS Prisoners in Australia","%","5.5","6.1","0.4","0.2","0.8","7.5","0","0","","2.0"
"SE10d.2","2024","Aggregate sentence length","18+ years old","All people","Aboriginal and Torres Strait Islander people","All areas","Sentenced people in prison custody at 30 June","Aggregate sentence length","Life","","","Proportion","","","Derived from ABS Prisoners in Australia","%","0.4","0.7","2.7","3.7","8.2","0","0","2.5","","2.4"
"SE10d.2","2024","Aggregate sentence length","18+ years old","All people","Aboriginal and Torres Strait Islander people","All areas","Sentenced people in prison custody at 30 June","Aggregate sentence length","Other","","","Proportion","","","Derived from ABS Prisoners in Australia","%","0.9","0","0","0.3","1.4","0","0","0.5","","0.5"
"SE10d.2","2024","Aggregate sentence length","18+ years old","All people","Non-Indigenous people","All areas","Sentenced people in prison custody at 30 June","Aggregate sentence length","Under 3 months","","","Proportion","","","Derived from ABS Prisoners in Australia","%","1.0","1.7","0.3","0.2","1.1","3.9","0","2.0","","0.9"
"SE10d.2","2024","Aggregate sentence length","18+ years old","All people","Non-Indigenous people","All areas","Sentenced people in prison custody at 30 June","Aggregate sentence length","Between 3 and under 6 months","","","Proportion","","","Derived from ABS Prisoners in Australia","%","3.2","3.6","1.6","0.7","2.4","10.2","6.8","2.0","","2.6"
"SE10d.2","2024","Aggregate sentence length","18+ years old","All people","Non-Indigenous people","All areas","Sentenced people in prison custody at 30 June","Aggregate sentence length","Between 6 and under 12 months","","","Proportion","","","Derived from ABS Prisoners in Australia","%","8.0","7.8","6.2","7.9","5.2","8.0","6.1","2.7","","7.2"
"SE10d.2","2024","Aggregate sentence length","18+ years old","All people","Non-Indigenous people","All areas","Sentenced people in prison custody at 30 June","Aggregate sentence length","Between 1 and under 2 years","","","Proportion","","","Derived from ABS Prisoners in Australia","%","16.0","11.7","16.2","14.1","8.7","14.1","10.8","3.4","","14.2"
"SE10d.2","2024","Aggregate sentence length","18+ years old","All people","Non-Indigenous people","All areas","Sentenced people in prison custody at 30 June","Aggregate sentence length","Between 2 and under 5 years","","","Proportion","","","Derived from ABS Prisoners in Australia","%","22.4","20.6","28.9","27.8","25.6","24.6","25.0","30.9","","24.9"
"SE10d.2","2024","Aggregate sentence length","18+ years old","All people","Non-Indigenous people","All areas","Sentenced people in prison custody at 30 June","Aggregate sentence length","Between 5 and under 10 years","","","Proportion","","","Derived from ABS Prisoners in Australia","%","20.5","26.0","28.6","26.7","26.3","19.6","23.6","32.2","","25.0"
"SE10d.2","2024","Aggregate sentence length","18+ years old","All people","Non-Indigenous people","All areas","Sentenced people in prison custody at 30 June","Aggregate sentence length","Between 10 and under 15 years","","","Proportion","","","Derived from ABS Prisoners in Australia","%","11.0","14.0","8.8","10.0","11.6","6.4","9.5","11.4","","10.9"
"SE10d.2","2024","Aggregate sentence length","18+ years old","All people","Non-Indigenous people","All areas","Sentenced people in prison custody at 30 June","Aggregate sentence length","Between 15 and under 20 years","","","Proportion","","","Derived from ABS Prisoners in Australia","%","6.3","5.8","2.2","2.2","5.2","2.5","3.4","3.4","","4.3"
"SE10d.2","2024","Aggregate sentence length","18+ years old","All people","Non-Indigenous people","All areas","Sentenced people in prison custody at 30 June","Aggregate sentence length","20 years and over","","","Proportion","","","Derived from ABS Prisoners in Australia","%","9.4","6.9","0.8","1.4","3.0","6.6","9.5","2.7","","5.0"
"SE10d.2","2024","Aggregate sentence length","18+ years old","All people","Non-Indigenous people","All areas","Sentenced people in prison custody at 30 June","Aggregate sentence length","Life","","","Proportion","","","Derived from ABS Prisoners in Australia","%","1.2","1.7","6.4","8.2","10.7","2.5","2.0","9.4","","4.5"
"SE10d.2","2024","Aggregate sentence length","18+ years old","All people","Non-Indigenous people","All areas","Sentenced people in prison custody at 30 June","Aggregate sentence length","Other","","","Proportion","","","Derived from ABS Prisoners in Australia","%","1.1","0","0","0.4","1.2","0","0","0","","0.5"
"SE10d.2","2024","Aggregate sentence length","18+ years old","All people","Aboriginal and Torres Strait Islander people","All areas","Sentenced people in prison custody at 30 June","Aggregate sentence length","Under 3 months","","","Number","","","ABS Prisoners in Australia","no.","53","10","4","13","6","9","3","48","","139"
"SE10d.2","2024","Aggregate sentence length","18+ years old","All people","Aboriginal and Torres Strait Islander people","All areas","Sentenced people in prison custody at 30 June","Aggregate sentence length","Between 3 and under 6 months","","","Number","","","ABS Prisoners in Australia","no.","151","22","27","24","21","10","0","113","","368"
"SE10d.2","2024","Aggregate sentence length","18+ years old","All people","Aboriginal and Torres Strait Islander people","All areas","Sentenced people in prison custody at 30 June","Aggregate sentence length","Between 6 and under 12 months","","","Number","","","ABS Prisoners in Australia","no.","319","46","240","278","30","26","9","202","","1145"
"SE10d.2","2024","Aggregate sentence length","18+ years old","All people","Aboriginal and Torres Strait Islander people","All areas","Sentenced people in prison custody at 30 June","Aggregate sentence length","Between 1 and under 2 years","","","Number","","","ABS Prisoners in Australia","no.","556","68","665","410","47","16","12","222","","1991"
"SE10d.2","2024","Aggregate sentence length","18+ years old","All people","Aboriginal and Torres Strait Islander people","All areas","Sentenced people in prison custody at 30 June","Aggregate sentence length","Between 2 and under 5 years","","","Number","","","ABS Prisoners in Australia","no.","551","117","988","679","109","19","13","292","","2781"
"SE10d.2","2024","Aggregate sentence length","18+ years old","All people","Aboriginal and Torres Strait Islander people","All areas","Sentenced people in prison custody at 30 June","Aggregate sentence length","Between 5 and under 10 years","","","Number","","","ABS Prisoners in Australia","no.","298","111","538","290","80","21","12","145","","1496"
"SE10d.2","2024","Aggregate sentence length","18+ years old","All people","Aboriginal and Torres Strait Islander people","All areas","Sentenced people in prison custody at 30 June","Aggregate sentence length","Between 10 and under 15 years","","","Number","","","ABS Prisoners in Australia","no.","111","23","115","61","18","3","3","29","","369"
"SE10d.2","2024","Aggregate sentence length","18+ years old","All people","Aboriginal and Torres Strait Islander people","All areas","Sentenced people in prison custody at 30 June","Aggregate sentence length","Between 15 and under 20 years","","","Number","","","ABS Prisoners in Australia","no.","71","11","27","20","16","3","3","11","","146"
"SE10d.2","2024","Aggregate sentence length","18+ years old","All people","Aboriginal and Torres Strait Islander people","All areas","Sentenced people in prison custody at 30 June","Aggregate sentence length","20 years and over","","","Number","","","ABS Prisoners in Australia","no.","124","27","10","4","3","8","0","0","","178"
"SE10d.2","2024","Aggregate sentence length","18+ years old","All people","Aboriginal and Torres Strait Islander people","All areas","Sentenced people in prison custody at 30 June","Aggregate sentence length","Life","","","Number","","","ABS Prisoners in Australia","no.","10","3","72","68","30","0","0","27","","209"
"SE10d.2","2024","Aggregate sentence length","18+ years old","All people","Aboriginal and Torres Strait Islander people","All areas","Sentenced people in prison custody at 30 June","Aggregate sentence length","Other","","","Number","","","ABS Prisoners in Australia","no.","21","0","0","5","5","0","0","5","","43"
"SE10d.2","2024","Aggregate sentence length","18+ years old","All people","Non-Indigenous people","All areas","Sentenced people in prison custody at 30 June","Aggregate sentence length","Under 3 months","","","Number","","","ABS Prisoners in Australia","no.","48","57","14","6","16","14","0","3","","164"
"SE10d.2","2024","Aggregate sentence length","18+ years old","All people","Non-Indigenous people","All areas","Sentenced people in prison custody at 30 June","Aggregate sentence length","Between 3 and under 6 months","","","Number","","","ABS Prisoners in Australia","no.","161","122","65","19","35","37","10","3","","448"
"SE10d.2","2024","Aggregate sentence length","18+ years old","All people","Non-Indigenous people","All areas","Sentenced people in prison custody at 30 June","Aggregate sentence length","Between 6 and under 12 months","","","Number","","","ABS Prisoners in Australia","no.","400","264","252","223","75","29","9","4","","1244"
"SE10d.2","2024","Aggregate sentence length","18+ years old","All people","Non-Indigenous people","All areas","Sentenced people in prison custody at 30 June","Aggregate sentence length","Between 1 and under 2 years","","","Number","","","ABS Prisoners in Australia","no.","795","396","656","398","127","51","16","5","","2453"
"SE10d.2","2024","Aggregate sentence length","18+ years old","All people","Non-Indigenous people","All areas","Sentenced people in prison custody at 30 June","Aggregate sentence length","Between 2 and under 5 years","","","Number","","","ABS Prisoners in Australia","no.","1113","694","1167","782","373","89","37","46","","4304"
"SE10d.2","2024","Aggregate sentence length","18+ years old","All people","Non-Indigenous people","All areas","Sentenced people in prison custody at 30 June","Aggregate sentence length","Between 5 and under 10 years","","","Number","","","ABS Prisoners in Australia","no.","1019","876","1153","750","382","71","35","48","","4325"
"SE10d.2","2024","Aggregate sentence length","18+ years old","All people","Non-Indigenous people","All areas","Sentenced people in prison custody at 30 June","Aggregate sentence length","Between 10 and under 15 years","","","Number","","","ABS Prisoners in Australia","no.","545","473","357","281","169","23","14","17","","1881"
"SE10d.2","2024","Aggregate sentence length","18+ years old","All people","Non-Indigenous people","All areas","Sentenced people in prison custody at 30 June","Aggregate sentence length","Between 15 and under 20 years","","","Number","","","ABS Prisoners in Australia","no.","315","197","90","61","76","9","5","5","","752"
"SE10d.2","2024","Aggregate sentence length","18+ years old","All people","Non-Indigenous people","All areas","Sentenced people in prison custody at 30 June","Aggregate sentence length","20 years and over","","","Number","","","ABS Prisoners in Australia","no.","469","234","34","40","44","24","14","4","","863"
"SE10d.2","2024","Aggregate sentence length","18+ years old","All people","Non-Indigenous people","All areas","Sentenced people in prison custody at 30 June","Aggregate sentence length","Life","","","Number","","","ABS Prisoners in Australia","no.","61","57","259","232","155","9","3","14","","787"
"SE10d.2","2024","Aggregate sentence length","18+ years old","All people","Non-Indigenous people","All areas","Sentenced people in prison custody at 30 June","Aggregate sentence length","Other","","","Number","","","ABS Prisoners in Australia","no.","54","0","0","10","17","0","0","0","","81"
"SE10d.2","2024","Aggregate sentence length","18+ years old","All people","Aboriginal and Torres Strait Islander people","All areas","People in prison custody at 30 June","Total","","","","Number","","","ABS Prisoners in Australia","no.","4188","729","4243","3507","851","194","134","2023","","15871"
"SE10d.2","2024","Aggregate sentence length","18+ years old","All people","Non-Indigenous people","All areas","People in prison custody at 30 June","Total","","","","Number","","","ABS Prisoners in Australia","no.","8706","5015","6637","4303","2494","606","273","261","","28294"
"SE10d.2","2024","Aggregate sentence length","18+ years old","All people","Indigenous status not stated","All areas","People in prison custody at 30 June","Total","","","","Number","","","ABS Prisoners in Australia","no.","52","174","0","4","1","1","14","0","","238"
"SE10d.2","2023","Aggregate sentence length","18+ years old","All people","Aboriginal and Torres Strait Islander people","All areas","Sentenced people in prison custody at 30 June","Aggregate sentence length","Under 3 months","","","Proportion","","","Derived from ABS Prisoners in Australia","%","2.0","3.4","0.1","0.7","2.8","7.2","0","4.2","","1.7"
"SE10d.2","2023","Aggregate sentence length","18+ years old","All people","Aboriginal and Torres Strait Islander people","All areas","Sentenced people in prison custody at 30 June","Aggregate sentence length","Between 3 and under 6 months","","","Proportion","","","Derived from ABS Prisoners in Australia","%","6.3","7.1","1.4","1.7","5.3","8.4","0","11.1","","4.6"
"SE10d.2","2023","Aggregate sentence length","18+ years old","All people","Aboriginal and Torres Strait Islander people","All areas","Sentenced people in prison custody at 30 June","Aggregate sentence length","Between 6 and under 12 months","","","Proportion","","","Derived from ABS Prisoners in Australia","%","13.3","10.0","7.8","14.8","6.9","18.1","5.8","18.0","","12.1"
"SE10d.2","2023","Aggregate sentence length","18+ years old","All people","Aboriginal and Torres Strait Islander people","All areas","Sentenced people in prison custody at 30 June","Aggregate sentence length","Between 1 and under 2 years","","","Proportion","","","Derived from ABS Prisoners in Australia","%","26.4","18.0","24.6","21.0","13.5","8.4","5.8","24.8","","23.5"
"SE10d.2","2023","Aggregate sentence length","18+ years old","All people","Aboriginal and Torres Strait Islander people","All areas","Sentenced people in prison custody at 30 June","Aggregate sentence length","Between 2 and under 5 years","","","Proportion","","","Derived from ABS Prisoners in Australia","%","24.0","20.8","35.8","36.1","29.8","13.3","32.7","23.6","","29.8"
"SE10d.2","2023","Aggregate sentence length","18+ years old","All people","Aboriginal and Torres Strait Islander people","All areas","Sentenced people in prison custody at 30 June","Aggregate sentence length","Between 5 and under 10 years","","","Proportion","","","Derived from ABS Prisoners in Australia","%","14.1","26.5","21.4","16.6","21.6","21.7","38.5","11.3","","17.6"
"SE10d.2","2023","Aggregate sentence length","18+ years old","All people","Aboriginal and Torres Strait Islander people","All areas","Sentenced people in prison custody at 30 June","Aggregate sentence length","Between 10 and under 15 years","","","Proportion","","","Derived from ABS Prisoners in Australia","%","4.8","5.3","4.5","3.1","4.7","3.6","7.7","3.0","","4.3"
"SE10d.2","2023","Aggregate sentence length","18+ years old","All people","Aboriginal and Torres Strait Islander people","All areas","Sentenced people in prison custody at 30 June","Aggregate sentence length","Between 15 and under 20 years","","","Proportion","","","Derived from ABS Prisoners in Australia","%","2.8","1.6","1.2","1.2","6.3","0","0","0.9","","1.7"
"SE10d.2","2023","Aggregate sentence length","18+ years old","All people","Aboriginal and Torres Strait Islander people","All areas","Sentenced people in prison custody at 30 June","Aggregate sentence length","20 years and over","","","Proportion","","","Derived from ABS Prisoners in Australia","%","4.6","6.4","0.2","0.2","0.9","8.4","5.8","0","","1.8"
"SE10d.2","2023","Aggregate sentence length","18+ years old","All people","Aboriginal and Torres Strait Islander people","All areas","Sentenced people in prison custody at 30 June","Aggregate sentence length","Life","","","Proportion","","","Derived from ABS Prisoners in Australia","%","0.5","0.7","3.0","4.2","8.5","0","0","2.2","","2.5"
"SE10d.2","2023","Aggregate sentence length","18+ years old","All people","Aboriginal and Torres Strait Islander people","All areas","Sentenced people in prison custody at 30 June","Aggregate sentence length","Other","","","Proportion","","","Derived from ABS Prisoners in Australia","%","0.8","0","0","0.5","0.9","0","0","0.5","","0.5"
"SE10d.2","2023","Aggregate sentence length","18+ years old","All people","Non-Indigenous people","All areas","Sentenced people in prison custody at 30 June","Aggregate sentence length","Under 3 months","","","Proportion","","","Derived from ABS Prisoners in Australia","%","0.8","2.0","0.2","0.5","1.0","6.5","0","2.1","","1.0"
"SE10d.2","2023","Aggregate sentence length","18+ years old","All people","Non-Indigenous people","All areas","Sentenced people in prison custody at 30 June","Aggregate sentence length","Between 3 and under 6 months","","","Proportion","","","Derived from ABS Prisoners in Australia","%","2.9","5.8","1.5","1.3","1.7","6.8","0","0","","2.8"
"SE10d.2","2023","Aggregate sentence length","18+ years old","All people","Non-Indigenous people","All areas","Sentenced people in prison custody at 30 June","Aggregate sentence length","Between 6 and under 12 months","","","Proportion","","","Derived from ABS Prisoners in Australia","%","8.2","8.7","7.6","7.1","4.2","9.2","8.4","3.5","","7.7"
"SE10d.2","2023","Aggregate sentence length","18+ years old","All people","Non-Indigenous people","All areas","Sentenced people in prison custody at 30 June","Aggregate sentence length","Between 1 and under 2 years","","","Proportion","","","Derived from ABS Prisoners in Australia","%","17.0","12.3","16.5","13.7","7.5","14.1","13.5","7.7","","14.6"
"SE10d.2","2023","Aggregate sentence length","18+ years old","All people","Non-Indigenous people","All areas","Sentenced people in prison custody at 30 June","Aggregate sentence length","Between 2 and under 5 years","","","Proportion","","","Derived from ABS Prisoners in Australia","%","22.0","19.4","28.5","27.8","26.8","24.3","21.9","26.8","","24.3"
"SE10d.2","2023","Aggregate sentence length","18+ years old","All people","Non-Indigenous people","All areas","Sentenced people in prison custody at 30 June","Aggregate sentence length","Between 5 and under 10 years","","","Proportion","","","Derived from ABS Prisoners in Australia","%","20.4","25.6","28.1","27.0","27.6","22.7","22.6","38.0","","25.0"
"SE10d.2","2023","Aggregate sentence length","18+ years old","All people","Non-Indigenous people","All areas","Sentenced people in prison custody at 30 June","Aggregate sentence length","Between 10 and under 15 years","","","Proportion","","","Derived from ABS Prisoners in Australia","%","11.7","12.4","8.2","10.0","11.4","5.7","11.6","9.2","","10.7"
"SE10d.2","2023","Aggregate sentence length","18+ years old","All people","Non-Indigenous people","All areas","Sentenced people in prison custody at 30 June","Aggregate sentence length","Between 15 and under 20 years","","","Proportion","","","Derived from ABS Prisoners in Australia","%","5.9","5.6","1.9","2.2","5.4","0.8","2.6","5.6","","4.2"
"SE10d.2","2023","Aggregate sentence length","18+ years old","All people","Non-Indigenous people","All areas","Sentenced people in prison custody at 30 June","Aggregate sentence length","20 years and over","","","Proportion","","","Derived from ABS Prisoners in Australia","%","8.9","6.3","0.7","1.5","2.7","6.5","10.3","0","","4.8"
"SE10d.2","2023","Aggregate sentence length","18+ years old","All people","Non-Indigenous people","All areas","Sentenced people in prison custody at 30 June","Aggregate sentence length","Life","","","Proportion","","","Derived from ABS Prisoners in Australia","%","1.2","1.7","6.3","8.7","11.7","2.2","1.9","12.7","","4.5"
"SE10d.2","2023","Aggregate sentence length","18+ years old","All people","Non-Indigenous people","All areas","Sentenced people in prison custody at 30 June","Aggregate sentence length","Other","","","Proportion","","","Derived from ABS Prisoners in Australia","%","0.9","0","0.1","0.4","0.4","0","0","2.1","","0.4"
"SE10d.2","2023","Aggregate sentence length","18+ years old","All people","Aboriginal and Torres Strait Islander people","All areas","Sentenced people in prison custody at 30 June","Aggregate sentence length","Under 3 months","","","Number","","","ABS Prisoners in Australia","no.","43","15","3","12","9","6","0","46","","135"
"SE10d.2","2023","Aggregate sentence length","18+ years old","All people","Aboriginal and Torres Strait Islander people","All areas","Sentenced people in prison custody at 30 June","Aggregate sentence length","Between 3 and under 6 months","","","Number","","","ABS Prisoners in Australia","no.","136","31","33","27","17","7","0","122","","374"
"SE10d.2","2023","Aggregate sentence length","18+ years old","All people","Aboriginal and Torres Strait Islander people","All areas","Sentenced people in prison custody at 30 June","Aggregate sentence length","Between 6 and under 12 months","","","Number","","","ABS Prisoners in Australia","no.","285","44","186","241","22","15","3","197","","986"
"SE10d.2","2023","Aggregate sentence length","18+ years old","All people","Aboriginal and Torres Strait Islander people","All areas","Sentenced people in prison custody at 30 June","Aggregate sentence length","Between 1 and under 2 years","","","Number","","","ABS Prisoners in Australia","no.","567","79","590","342","43","7","3","272","","1913"
"SE10d.2","2023","Aggregate sentence length","18+ years old","All people","Aboriginal and Torres Strait Islander people","All areas","Sentenced people in prison custody at 30 June","Aggregate sentence length","Between 2 and under 5 years","","","Number","","","ABS Prisoners in Australia","no.","515","91","859","586","95","11","17","258","","2432"
"SE10d.2","2023","Aggregate sentence length","18+ years old","All people","Aboriginal and Torres Strait Islander people","All areas","Sentenced people in prison custody at 30 June","Aggregate sentence length","Between 5 and under 10 years","","","Number","","","ABS Prisoners in Australia","no.","302","116","514","269","69","18","20","124","","1433"
"SE10d.2","2023","Aggregate sentence length","18+ years old","All people","Aboriginal and Torres Strait Islander people","All areas","Sentenced people in prison custody at 30 June","Aggregate sentence length","Between 10 and under 15 years","","","Number","","","ABS Prisoners in Australia","no.","104","23","109","50","15","3","4","33","","348"
"SE10d.2","2023","Aggregate sentence length","18+ years old","All people","Aboriginal and Torres Strait Islander people","All areas","Sentenced people in prison custody at 30 June","Aggregate sentence length","Between 15 and under 20 years","","","Number","","","ABS Prisoners in Australia","no.","59","7","28","19","20","0","0","10","","142"
"SE10d.2","2023","Aggregate sentence length","18+ years old","All people","Aboriginal and Torres Strait Islander people","All areas","Sentenced people in prison custody at 30 June","Aggregate sentence length","20 years and over","","","Number","","","ABS Prisoners in Australia","no.","98","28","5","4","3","7","3","0","","147"
"SE10d.2","2023","Aggregate sentence length","18+ years old","All people","Aboriginal and Torres Strait Islander people","All areas","Sentenced people in prison custody at 30 June","Aggregate sentence length","Life","","","Number","","","ABS Prisoners in Australia","no.","11","3","73","68","27","0","0","24","","203"
"SE10d.2","2023","Aggregate sentence length","18+ years old","All people","Aboriginal and Torres Strait Islander people","All areas","Sentenced people in prison custody at 30 June","Aggregate sentence length","Other","","","Number","","","ABS Prisoners in Australia","no.","18","0","0","8","3","0","0","6","","41"
"SE10d.2","2023","Aggregate sentence length","18+ years old","All people","Non-Indigenous people","All areas","Sentenced people in prison custody at 30 June","Aggregate sentence length","Under 3 months","","","Number","","","ABS Prisoners in Australia","no.","43","72","10","13","13","24","0","3","","179"
"SE10d.2","2023","Aggregate sentence length","18+ years old","All people","Non-Indigenous people","All areas","Sentenced people in prison custody at 30 June","Aggregate sentence length","Between 3 and under 6 months","","","Number","","","ABS Prisoners in Australia","no.","156","206","60","35","23","25","0","0","","499"
"SE10d.2","2023","Aggregate sentence length","18+ years old","All people","Non-Indigenous people","All areas","Sentenced people in prison custody at 30 June","Aggregate sentence length","Between 6 and under 12 months","","","Number","","","ABS Prisoners in Australia","no.","436","307","311","192","57","34","13","5","","1356"
"SE10d.2","2023","Aggregate sentence length","18+ years old","All people","Non-Indigenous people","All areas","Sentenced people in prison custody at 30 June","Aggregate sentence length","Between 1 and under 2 years","","","Number","","","ABS Prisoners in Australia","no.","910","434","676","367","101","52","21","11","","2573"
"SE10d.2","2023","Aggregate sentence length","18+ years old","All people","Non-Indigenous people","All areas","Sentenced people in prison custody at 30 June","Aggregate sentence length","Between 2 and under 5 years","","","Number","","","ABS Prisoners in Australia","no.","1176","686","1166","746","360","90","34","38","","4301"
"SE10d.2","2023","Aggregate sentence length","18+ years old","All people","Non-Indigenous people","All areas","Sentenced people in prison custody at 30 June","Aggregate sentence length","Between 5 and under 10 years","","","Number","","","ABS Prisoners in Australia","no.","1088","904","1149","727","370","84","35","54","","4410"
"SE10d.2","2023","Aggregate sentence length","18+ years old","All people","Non-Indigenous people","All areas","Sentenced people in prison custody at 30 June","Aggregate sentence length","Between 10 and under 15 years","","","Number","","","ABS Prisoners in Australia","no.","625","440","336","269","153","21","18","13","","1886"
"SE10d.2","2023","Aggregate sentence length","18+ years old","All people","Non-Indigenous people","All areas","Sentenced people in prison custody at 30 June","Aggregate sentence length","Between 15 and under 20 years","","","Number","","","ABS Prisoners in Australia","no.","316","198","79","59","72","3","4","8","","735"
"SE10d.2","2023","Aggregate sentence length","18+ years old","All people","Non-Indigenous people","All areas","Sentenced people in prison custody at 30 June","Aggregate sentence length","20 years and over","","","Number","","","ABS Prisoners in Australia","no.","478","222","29","41","36","24","16","0","","849"
"SE10d.2","2023","Aggregate sentence length","18+ years old","All people","Non-Indigenous people","All areas","Sentenced people in prison custody at 30 June","Aggregate sentence length","Life","","","Number","","","ABS Prisoners in Australia","no.","65","59","258","235","157","8","3","18","","800"
"SE10d.2","2023","Aggregate sentence length","18+ years old","All people","Non-Indigenous people","All areas","Sentenced people in prison custody at 30 June","Aggregate sentence length","Other","","","Number","","","ABS Prisoners in Australia","no.","46","0","3","11","5","0","0","3","","73"
"SE10d.2","2023","Aggregate sentence length","18+ years old","All people","Aboriginal and Torres Strait Islander people","All areas","People in prison custody at 30 June","Total","","","","Number","","","ABS Prisoners in Australia","no.","3510","812","3801","2867","726","169","102","1860","","13852"
"SE10d.2","2023","Aggregate sentence length","18+ years old","All people","Non-Indigenous people","All areas","People in prison custody at 30 June","Total","","","","Number","","","ABS Prisoners in Australia","no.","8788","5520","6424","3844","2272","580","268","241","","27942"
"SE10d.2","2023","Aggregate sentence length","18+ years old","All people","Indigenous status not stated","All areas","People in prison custody at 30 June","Total","","","","Number","","","ABS Prisoners in Australia","no.","19","109","0","0","0","0","5","0","","133"
"SE10d.2","2022","Aggregate sentence length","18+ years old","All people","Aboriginal and Torres Strait Islander people","All areas","Sentenced people in prison custody at 30 June","Aggregate sentence length","Under 3 months","","","Proportion","","","Derived from ABS Prisoners in Australia","%","1.4","2.3","0.3","0.6","1.0","3.4","0","3.2","","1.3"
"SE10d.2","2022","Aggregate sentence length","18+ years old","All people","Aboriginal and Torres Strait Islander people","All areas","Sentenced people in prison custody at 30 June","Aggregate sentence length","Between 3 and under 6 months","","","Proportion","","","Derived from ABS Prisoners in Australia","%","5.9","5.1","1.8","0.9","3.7","9.0","10.2","11.7","","4.6"
"SE10d.2","2022","Aggregate sentence length","18+ years old","All people","Aboriginal and Torres Strait Islander people","All areas","Sentenced people in prison custody at 30 June","Aggregate sentence length","Between 6 and under 12 months","","","Proportion","","","Derived from ABS Prisoners in Australia","%","13.0","9.9","9.1","13.9","10.3","11.2","5.1","22.5","","13.0"
"SE10d.2","2022","Aggregate sentence length","18+ years old","All people","Aboriginal and Torres Strait Islander people","All areas","Sentenced people in prison custody at 30 June","Aggregate sentence length","Between 1 and under 2 years","","","Proportion","","","Derived from ABS Prisoners in Australia","%","24.7","10.5","22.3","22.0","11.6","15.7","16.9","21.4","","21.7"
"SE10d.2","2022","Aggregate sentence length","18+ years old","All people","Aboriginal and Torres Strait Islander people","All areas","Sentenced people in prison custody at 30 June","Aggregate sentence length","Between 2 and under 5 years","","","Proportion","","","Derived from ABS Prisoners in Australia","%","25.1","27.5","36.3","38.2","28.2","18.0","35.6","23.2","","30.9"
"SE10d.2","2022","Aggregate sentence length","18+ years old","All people","Aboriginal and Torres Strait Islander people","All areas","Sentenced people in prison custody at 30 June","Aggregate sentence length","Between 5 and under 10 years","","","Proportion","","","Derived from ABS Prisoners in Australia","%","16.1","28.6","21.4","15.7","20.6","15.7","30.5","10.3","","17.6"
"SE10d.2","2022","Aggregate sentence length","18+ years old","All people","Aboriginal and Torres Strait Islander people","All areas","Sentenced people in prison custody at 30 June","Aggregate sentence length","Between 10 and under 15 years","","","Proportion","","","Derived from ABS Prisoners in Australia","%","5.1","6.5","4.6","3.0","5.6","0","6.8","3.5","","4.2"
"SE10d.2","2022","Aggregate sentence length","18+ years old","All people","Aboriginal and Torres Strait Islander people","All areas","Sentenced people in prison custody at 30 June","Aggregate sentence length","Between 15 and under 20 years","","","Proportion","","","Derived from ABS Prisoners in Australia","%","2.8","2.5","1.3","0.9","6.3","0","0","1.0","","1.7"
"SE10d.2","2022","Aggregate sentence length","18+ years old","All people","Aboriginal and Torres Strait Islander people","All areas","Sentenced people in prison custody at 30 June","Aggregate sentence length","20 years and over","","","Proportion","","","Derived from ABS Prisoners in Australia","%","4.8","6.2","0.3","0.2","1.0","6.7","5.1","0","","1.8"
"SE10d.2","2022","Aggregate sentence length","18+ years old","All people","Aboriginal and Torres Strait Islander people","All areas","Sentenced people in prison custody at 30 June","Aggregate sentence length","Life","","","Proportion","","","Derived from ABS Prisoners in Australia","%","0.5","0.8","3.2","3.8","12.3","0","0","1.8","","2.5"
"SE10d.2","2022","Aggregate sentence length","18+ years old","All people","Aboriginal and Torres Strait Islander people","All areas","Sentenced people in prison custody at 30 June","Aggregate sentence length","Other","","","Proportion","","","Derived from ABS Prisoners in Australia","%","0.7","0","0","0.5","1.0","0","0","0.8","","0.5"
"SE10d.2","2022","Aggregate sentence length","18+ years old","All people","Non-Indigenous people","All areas","Sentenced people in prison custody at 30 June","Aggregate sentence length","Under 3 months","","","Proportion","","","Derived from ABS Prisoners in Australia","%","1.1","2.1","0.2","0.7","1.2","6.0","2.4","0","","1.1"
"SE10d.2","2022","Aggregate sentence length","18+ years old","All people","Non-Indigenous people","All areas","Sentenced people in prison custody at 30 June","Aggregate sentence length","Between 3 and under 6 months","","","Proportion","","","Derived from ABS Prisoners in Australia","%","2.7","4.5","2.3","0.9","3.9","6.3","4.8","0","","2.8"
"SE10d.2","2022","Aggregate sentence length","18+ years old","All people","Non-Indigenous people","All areas","Sentenced people in prison custody at 30 June","Aggregate sentence length","Between 6 and under 12 months","","","Proportion","","","Derived from ABS Prisoners in Australia","%","7.5","6.8","7.3","7.2","3.5","16.6","3.6","7.2","","7.1"
"SE10d.2","2022","Aggregate sentence length","18+ years old","All people","Non-Indigenous people","All areas","Sentenced people in prison custody at 30 June","Aggregate sentence length","Between 1 and under 2 years","","","Proportion","","","Derived from ABS Prisoners in Australia","%","15.5","9.0","15.9","13.0","9.1","15.7","15.8","8.5","","13.4"
"SE10d.2","2022","Aggregate sentence length","18+ years old","All people","Non-Indigenous people","All areas","Sentenced people in prison custody at 30 June","Aggregate sentence length","Between 2 and under 5 years","","","Proportion","","","Derived from ABS Prisoners in Australia","%","23.2","21.7","28.7","30.4","25.0","20.5","23.6","26.1","","25.4"
"SE10d.2","2022","Aggregate sentence length","18+ years old","All people","Non-Indigenous people","All areas","Sentenced people in prison custody at 30 June","Aggregate sentence length","Between 5 and under 10 years","","","Proportion","","","Derived from ABS Prisoners in Australia","%","21.9","29.4","27.8","26.8","24.5","19.9","27.3","30.7","","25.7"
"SE10d.2","2022","Aggregate sentence length","18+ years old","All people","Non-Indigenous people","All areas","Sentenced people in prison custody at 30 June","Aggregate sentence length","Between 10 and under 15 years","","","Proportion","","","Derived from ABS Prisoners in Australia","%","11.6","13.1","8.1","9.2","11.7","5.7","10.9","7.2","","10.6"
"SE10d.2","2022","Aggregate sentence length","18+ years old","All people","Non-Indigenous people","All areas","Sentenced people in prison custody at 30 June","Aggregate sentence length","Between 15 and under 20 years","","","Proportion","","","Derived from ABS Prisoners in Australia","%","5.8","5.3","1.8","1.9","5.1","1.5","3.0","2.0","","4.0"
"SE10d.2","2022","Aggregate sentence length","18+ years old","All people","Non-Indigenous people","All areas","Sentenced people in prison custody at 30 June","Aggregate sentence length","20 years and over","","","Proportion","","","Derived from ABS Prisoners in Australia","%","8.6","6.5","0.9","0.8","2.9","6.9","5.5","0","","4.7"
"SE10d.2","2022","Aggregate sentence length","18+ years old","All people","Non-Indigenous people","All areas","Sentenced people in prison custody at 30 June","Aggregate sentence length","Life","","","Proportion","","","Derived from ABS Prisoners in Australia","%","1.3","1.7","6.5","8.3","12.4","2.4","1.8","11.8","","4.6"
"SE10d.2","2022","Aggregate sentence length","18+ years old","All people","Non-Indigenous people","All areas","Sentenced people in prison custody at 30 June","Aggregate sentence length","Other","","","Proportion","","","Derived from ABS Prisoners in Australia","%","0.9","0.1","0.1","0.5","1.0","0","0","3.3","","0.5"
"SE10d.2","2022","Aggregate sentence length","18+ years old","All people","Aboriginal and Torres Strait Islander people","All areas","Sentenced people in prison custody at 30 June","Aggregate sentence length","Under 3 months","","","Number","","","ABS Prisoners in Australia","no.","31","8","6","10","3","3","0","35","","106"
"SE10d.2","2022","Aggregate sentence length","18+ years old","All people","Aboriginal and Torres Strait Islander people","All areas","Sentenced people in prison custody at 30 June","Aggregate sentence length","Between 3 and under 6 months","","","Number","","","ABS Prisoners in Australia","no.","127","18","39","14","11","8","6","127","","360"
"SE10d.2","2022","Aggregate sentence length","18+ years old","All people","Aboriginal and Torres Strait Islander people","All areas","Sentenced people in prison custody at 30 June","Aggregate sentence length","Between 6 and under 12 months","","","Number","","","ABS Prisoners in Australia","no.","278","35","201","224","31","10","3","245","","1021"
"SE10d.2","2022","Aggregate sentence length","18+ years old","All people","Aboriginal and Torres Strait Islander people","All areas","Sentenced people in prison custody at 30 June","Aggregate sentence length","Between 1 and under 2 years","","","Number","","","ABS Prisoners in Australia","no.","529","37","494","356","35","14","10","233","","1707"
"SE10d.2","2022","Aggregate sentence length","18+ years old","All people","Aboriginal and Torres Strait Islander people","All areas","Sentenced people in prison custody at 30 June","Aggregate sentence length","Between 2 and under 5 years","","","Number","","","ABS Prisoners in Australia","no.","537","97","804","618","85","16","21","253","","2432"
"SE10d.2","2022","Aggregate sentence length","18+ years old","All people","Aboriginal and Torres Strait Islander people","All areas","Sentenced people in prison custody at 30 June","Aggregate sentence length","Between 5 and under 10 years","","","Number","","","ABS Prisoners in Australia","no.","344","101","475","254","62","14","18","112","","1383"
"SE10d.2","2022","Aggregate sentence length","18+ years old","All people","Aboriginal and Torres Strait Islander people","All areas","Sentenced people in prison custody at 30 June","Aggregate sentence length","Between 10 and under 15 years","","","Number","","","ABS Prisoners in Australia","no.","109","23","101","49","17","0","4","38","","333"
"SE10d.2","2022","Aggregate sentence length","18+ years old","All people","Aboriginal and Torres Strait Islander people","All areas","Sentenced people in prison custody at 30 June","Aggregate sentence length","Between 15 and under 20 years","","","Number","","","ABS Prisoners in Australia","no.","59","9","28","14","19","0","0","11","","133"
"SE10d.2","2022","Aggregate sentence length","18+ years old","All people","Aboriginal and Torres Strait Islander people","All areas","Sentenced people in prison custody at 30 June","Aggregate sentence length","20 years and over","","","Number","","","ABS Prisoners in Australia","no.","102","22","7","3","3","6","3","0","","140"
"SE10d.2","2022","Aggregate sentence length","18+ years old","All people","Aboriginal and Torres Strait Islander people","All areas","Sentenced people in prison custody at 30 June","Aggregate sentence length","Life","","","Number","","","ABS Prisoners in Australia","no.","11","3","71","62","37","0","0","20","","200"
"SE10d.2","2022","Aggregate sentence length","18+ years old","All people","Aboriginal and Torres Strait Islander people","All areas","Sentenced people in prison custody at 30 June","Aggregate sentence length","Other","","","Number","","","ABS Prisoners in Australia","no.","15","0","0","8","3","0","0","9","","42"
"SE10d.2","2022","Aggregate sentence length","18+ years old","All people","Non-Indigenous people","All areas","Sentenced people in prison custody at 30 June","Aggregate sentence length","Under 3 months","","","Number","","","ABS Prisoners in Australia","no.","61","70","8","19","16","20","4","0","","199"
"SE10d.2","2022","Aggregate sentence length","18+ years old","All people","Non-Indigenous people","All areas","Sentenced people in prison custody at 30 June","Aggregate sentence length","Between 3 and under 6 months","","","Number","","","ABS Prisoners in Australia","no.","150","152","92","25","53","21","8","0","","499"
"SE10d.2","2022","Aggregate sentence length","18+ years old","All people","Non-Indigenous people","All areas","Sentenced people in prison custody at 30 June","Aggregate sentence length","Between 6 and under 12 months","","","Number","","","ABS Prisoners in Australia","no.","417","228","288","197","48","55","6","11","","1248"
"SE10d.2","2022","Aggregate sentence length","18+ years old","All people","Non-Indigenous people","All areas","Sentenced people in prison custody at 30 June","Aggregate sentence length","Between 1 and under 2 years","","","Number","","","ABS Prisoners in Australia","no.","865","303","628","359","124","52","26","13","","2373"
"SE10d.2","2022","Aggregate sentence length","18+ years old","All people","Non-Indigenous people","All areas","Sentenced people in prison custody at 30 June","Aggregate sentence length","Between 2 and under 5 years","","","Number","","","ABS Prisoners in Australia","no.","1297","734","1135","837","341","68","39","40","","4493"
"SE10d.2","2022","Aggregate sentence length","18+ years old","All people","Non-Indigenous people","All areas","Sentenced people in prison custody at 30 June","Aggregate sentence length","Between 5 and under 10 years","","","Number","","","ABS Prisoners in Australia","no.","1222","993","1096","739","334","66","45","47","","4549"
"SE10d.2","2022","Aggregate sentence length","18+ years old","All people","Non-Indigenous people","All areas","Sentenced people in prison custody at 30 June","Aggregate sentence length","Between 10 and under 15 years","","","Number","","","ABS Prisoners in Australia","no.","647","441","319","254","159","19","18","11","","1877"
"SE10d.2","2022","Aggregate sentence length","18+ years old","All people","Non-Indigenous people","All areas","Sentenced people in prison custody at 30 June","Aggregate sentence length","Between 15 and under 20 years","","","Number","","","ABS Prisoners in Australia","no.","326","180","72","53","69","5","5","3","","711"
"SE10d.2","2022","Aggregate sentence length","18+ years old","All people","Non-Indigenous people","All areas","Sentenced people in prison custody at 30 June","Aggregate sentence length","20 years and over","","","Number","","","ABS Prisoners in Australia","no.","479","220","37","23","39","23","9","0","","833"
"SE10d.2","2022","Aggregate sentence length","18+ years old","All people","Non-Indigenous people","All areas","Sentenced people in prison custody at 30 June","Aggregate sentence length","Life","","","Number","","","ABS Prisoners in Australia","no.","71","58","255","230","169","8","3","18","","811"
"SE10d.2","2022","Aggregate sentence length","18+ years old","All people","Non-Indigenous people","All areas","Sentenced people in prison custody at 30 June","Aggregate sentence length","Other","","","Number","","","ABS Prisoners in Australia","no.","50","3","3","15","13","0","0","5","","86"
"SE10d.2","2022","Aggregate sentence length","18+ years old","All people","Aboriginal and Torres Strait Islander people","All areas","People in prison custody at 30 June","Total","","","","Number","","","ABS Prisoners in Australia","no.","3606","695","3410","2521","743","143","96","1683","","12902"
"SE10d.2","2022","Aggregate sentence length","18+ years old","All people","Non-Indigenous people","All areas","People in prison custody at 30 June","Total","","","","Number","","","ABS Prisoners in Australia","no.","8754","5703","5962","3755","2251","489","280","247","","27446"
"SE10d.2","2022","Aggregate sentence length","18+ years old","All people","Indigenous status not stated","All areas","People in prison custody at 30 June","Total","","","","Number","","","ABS Prisoners in Australia","no.","13","166","0","0","61","0","3","0","","244"
"SE10d.2","2021","Aggregate sentence length","18+ years old","All people","Aboriginal and Torres Strait Islander people","All areas","Sentenced people in prison custody at 30 June","Aggregate sentence length","Under 3 months","","","Proportion","","","Derived from ABS Prisoners in Australia","%","1.7","3.4","0.3","0.9","1.6","3.4","0","4.3","","1.5"
"SE10d.2","2021","Aggregate sentence length","18+ years old","All people","Aboriginal and Torres Strait Islander people","All areas","Sentenced people in prison custody at 30 June","Aggregate sentence length","Between 3 and under 6 months","","","Proportion","","","Derived from ABS Prisoners in Australia","%","5.8","6.7","1.5","1.0","6.3","15.9","8.1","14.6","","4.7"
"SE10d.2","2021","Aggregate sentence length","18+ years old","All people","Aboriginal and Torres Strait Islander people","All areas","Sentenced people in prison custody at 30 June","Aggregate sentence length","Between 6 and under 12 months","","","Proportion","","","Derived from ABS Prisoners in Australia","%","12.7","8.8","8.0","14.4","6.0","10.2","11.3","22.8","","12.5"
"SE10d.2","2021","Aggregate sentence length","18+ years old","All people","Aboriginal and Torres Strait Islander people","All areas","Sentenced people in prison custody at 30 June","Aggregate sentence length","Between 1 and under 2 years","","","Proportion","","","Derived from ABS Prisoners in Australia","%","26.0","13.5","22.4","22.3","13.3","10.2","16.1","19.0","","22.1"
"SE10d.2","2021","Aggregate sentence length","18+ years old","All people","Aboriginal and Torres Strait Islander people","All areas","Sentenced people in prison custody at 30 June","Aggregate sentence length","Between 2 and under 5 years","","","Proportion","","","Derived from ABS Prisoners in Australia","%","25.8","27.7","40.0","39.2","30.1","34.1","35.5","21.1","","32.5"
"SE10d.2","2021","Aggregate sentence length","18+ years old","All people","Aboriginal and Torres Strait Islander people","All areas","Sentenced people in prison custody at 30 June","Aggregate sentence length","Between 5 and under 10 years","","","Proportion","","","Derived from ABS Prisoners in Australia","%","15.9","28.2","20.4","14.8","21.8","9.1","17.7","10.7","","17.1"
"SE10d.2","2021","Aggregate sentence length","18+ years old","All people","Aboriginal and Torres Strait Islander people","All areas","Sentenced people in prison custody at 30 June","Aggregate sentence length","Between 10 and under 15 years","","","Proportion","","","Derived from ABS Prisoners in Australia","%","4.3","5.4","4.1","2.4","4.7","3.4","0","3.5","","3.7"
"SE10d.2","2021","Aggregate sentence length","18+ years old","All people","Aboriginal and Torres Strait Islander people","All areas","Sentenced people in prison custody at 30 June","Aggregate sentence length","Between 15 and under 20 years","","","Proportion","","","Derived from ABS Prisoners in Australia","%","2.3","2.3","1.1","0.7","5.1","0","4.8","0.9","","1.6"
"SE10d.2","2021","Aggregate sentence length","18+ years old","All people","Aboriginal and Torres Strait Islander people","All areas","Sentenced people in prison custody at 30 June","Aggregate sentence length","20 years and over","","","Proportion","","","Derived from ABS Prisoners in Australia","%","4.3","5.2","0.1","0","0.9","4.5","0","0","","1.5"
"SE10d.2","2021","Aggregate sentence length","18+ years old","All people","Aboriginal and Torres Strait Islander people","All areas","Sentenced people in prison custody at 30 June","Aggregate sentence length","Life","","","Proportion","","","Derived from ABS Prisoners in Australia","%","0.5","0","2.8","3.2","10.1","0","0","2.1","","2.2"
"SE10d.2","2021","Aggregate sentence length","18+ years old","All people","Aboriginal and Torres Strait Islander people","All areas","Sentenced people in prison custody at 30 June","Aggregate sentence length","Other","","","Proportion","","","Derived from ABS Prisoners in Australia","%","0.8","0","0","0.8","0","0","0","0.8","","0.5"
"SE10d.2","2021","Aggregate sentence length","18+ years old","All people","Non-Indigenous people","All areas","Sentenced people in prison custody at 30 June","Aggregate sentence length","Under 3 months","","","Proportion","","","Derived from ABS Prisoners in Australia","%","1.2","1.5","0.4","0.7","1.5","6.5","1.6","0","","1.1"
"SE10d.2","2021","Aggregate sentence length","18+ years old","All people","Non-Indigenous people","All areas","Sentenced people in prison custody at 30 June","Aggregate sentence length","Between 3 and under 6 months","","","Proportion","","","Derived from ABS Prisoners in Australia","%","2.9","4.3","1.4","1.0","3.3","9.0","7.9","3.9","","2.8"
"SE10d.2","2021","Aggregate sentence length","18+ years old","All people","Non-Indigenous people","All areas","Sentenced people in prison custody at 30 June","Aggregate sentence length","Between 6 and under 12 months","","","Proportion","","","Derived from ABS Prisoners in Australia","%","8.0","7.1","6.1","9.0","4.0","10.7","8.9","4.5","","7.3"
"SE10d.2","2021","Aggregate sentence length","18+ years old","All people","Non-Indigenous people","All areas","Sentenced people in prison custody at 30 June","Aggregate sentence length","Between 1 and under 2 years","","","Proportion","","","Derived from ABS Prisoners in Australia","%","16.1","10.6","15.6","13.6","10.2","15.0","20.0","7.8","","14.1"
"SE10d.2","2021","Aggregate sentence length","18+ years old","All people","Non-Indigenous people","All areas","Sentenced people in prison custody at 30 June","Aggregate sentence length","Between 2 and under 5 years","","","Proportion","","","Derived from ABS Prisoners in Australia","%","23.1","22.3","32.6","30.5","26.2","20.3","19.5","34.4","","26.6"
"SE10d.2","2021","Aggregate sentence length","18+ years old","All people","Non-Indigenous people","All areas","Sentenced people in prison custody at 30 June","Aggregate sentence length","Between 5 and under 10 years","","","Proportion","","","Derived from ABS Prisoners in Australia","%","22.5","29.8","28.3","25.4","24.2","19.2","19.5","31.8","","25.8"
"SE10d.2","2021","Aggregate sentence length","18+ years old","All people","Non-Indigenous people","All areas","Sentenced people in prison custody at 30 June","Aggregate sentence length","Between 10 and under 15 years","","","Proportion","","","Derived from ABS Prisoners in Australia","%","11.1","11.3","7.4","8.5","11.2","3.7","8.4","6.5","","9.8"
"SE10d.2","2021","Aggregate sentence length","18+ years old","All people","Non-Indigenous people","All areas","Sentenced people in prison custody at 30 June","Aggregate sentence length","Between 15 and under 20 years","","","Proportion","","","Derived from ABS Prisoners in Australia","%","5.3","4.9","1.6","1.6","5.2","2.3","2.1","1.9","","3.7"
"SE10d.2","2021","Aggregate sentence length","18+ years old","All people","Non-Indigenous people","All areas","Sentenced people in prison custody at 30 June","Aggregate sentence length","20 years and over","","","Proportion","","","Derived from ABS Prisoners in Australia","%","7.8","6.3","0.8","0.8","2.2","8.2","5.8","0","","4.4"
"SE10d.2","2021","Aggregate sentence length","18+ years old","All people","Non-Indigenous people","All areas","Sentenced people in prison custody at 30 June","Aggregate sentence length","Life","","","Proportion","","","Derived from ABS Prisoners in Australia","%","1.1","1.6","5.5","8.2","11.7","3.4","1.6","9.7","","4.2"
"SE10d.2","2021","Aggregate sentence length","18+ years old","All people","Non-Indigenous people","All areas","Sentenced people in prison custody at 30 June","Aggregate sentence length","Other","","","Proportion","","","Derived from ABS Prisoners in Australia","%","0.7","0.1","0.1","0.5","0","0","0","1.9","","0.4"
"SE10d.2","2021","Aggregate sentence length","18+ years old","All people","Aboriginal and Torres Strait Islander people","All areas","Sentenced people in prison custody at 30 June","Aggregate sentence length","Under 3 months","","","Number","","","ABS Prisoners in Australia","no.","39","13","8","15","5","3","0","43","","122"
"SE10d.2","2021","Aggregate sentence length","18+ years old","All people","Aboriginal and Torres Strait Islander people","All areas","Sentenced people in prison custody at 30 June","Aggregate sentence length","Between 3 and under 6 months","","","Number","","","ABS Prisoners in Australia","no.","133","26","35","17","20","14","5","147","","391"
"SE10d.2","2021","Aggregate sentence length","18+ years old","All people","Aboriginal and Torres Strait Islander people","All areas","Sentenced people in prison custody at 30 June","Aggregate sentence length","Between 6 and under 12 months","","","Number","","","ABS Prisoners in Australia","no.","292","34","190","251","19","9","7","229","","1035"
"SE10d.2","2021","Aggregate sentence length","18+ years old","All people","Aboriginal and Torres Strait Islander people","All areas","Sentenced people in prison custody at 30 June","Aggregate sentence length","Between 1 and under 2 years","","","Number","","","ABS Prisoners in Australia","no.","597","52","534","388","42","9","10","191","","1828"
"SE10d.2","2021","Aggregate sentence length","18+ years old","All people","Aboriginal and Torres Strait Islander people","All areas","Sentenced people in prison custody at 30 June","Aggregate sentence length","Between 2 and under 5 years","","","Number","","","ABS Prisoners in Australia","no.","593","107","951","683","95","30","22","212","","2689"
"SE10d.2","2021","Aggregate sentence length","18+ years old","All people","Aboriginal and Torres Strait Islander people","All areas","Sentenced people in prison custody at 30 June","Aggregate sentence length","Between 5 and under 10 years","","","Number","","","ABS Prisoners in Australia","no.","366","109","485","257","69","8","11","108","","1411"
"SE10d.2","2021","Aggregate sentence length","18+ years old","All people","Aboriginal and Torres Strait Islander people","All areas","Sentenced people in prison custody at 30 June","Aggregate sentence length","Between 10 and under 15 years","","","Number","","","ABS Prisoners in Australia","no.","98","21","98","41","15","3","0","35","","310"
"SE10d.2","2021","Aggregate sentence length","18+ years old","All people","Aboriginal and Torres Strait Islander people","All areas","Sentenced people in prison custody at 30 June","Aggregate sentence length","Between 15 and under 20 years","","","Number","","","ABS Prisoners in Australia","no.","53","9","27","13","16","0","3","9","","133"
"SE10d.2","2021","Aggregate sentence length","18+ years old","All people","Aboriginal and Torres Strait Islander people","All areas","Sentenced people in prison custody at 30 June","Aggregate sentence length","20 years and over","","","Number","","","ABS Prisoners in Australia","no.","98","20","3","0","3","4","0","0","","128"
"SE10d.2","2021","Aggregate sentence length","18+ years old","All people","Aboriginal and Torres Strait Islander people","All areas","Sentenced people in prison custody at 30 June","Aggregate sentence length","Life","","","Number","","","ABS Prisoners in Australia","no.","11","0","66","56","32","0","0","21","","186"
"SE10d.2","2021","Aggregate sentence length","18+ years old","All people","Aboriginal and Torres Strait Islander people","All areas","Sentenced people in prison custody at 30 June","Aggregate sentence length","Other","","","Number","","","ABS Prisoners in Australia","no.","19","0","0","14","0","0","0","8","","40"
"SE10d.2","2021","Aggregate sentence length","18+ years old","All people","Non-Indigenous people","All areas","Sentenced people in prison custody at 30 June","Aggregate sentence length","Under 3 months","","","Number","","","ABS Prisoners in Australia","no.","76","56","16","19","21","23","3","0","","217"
"SE10d.2","2021","Aggregate sentence length","18+ years old","All people","Non-Indigenous people","All areas","Sentenced people in prison custody at 30 June","Aggregate sentence length","Between 3 and under 6 months","","","Number","","","ABS Prisoners in Australia","no.","184","154","63","28","46","32","15","6","","532"
"SE10d.2","2021","Aggregate sentence length","18+ years old","All people","Non-Indigenous people","All areas","Sentenced people in prison custody at 30 June","Aggregate sentence length","Between 6 and under 12 months","","","Number","","","ABS Prisoners in Australia","no.","500","257","274","260","56","38","17","7","","1418"
"SE10d.2","2021","Aggregate sentence length","18+ years old","All people","Non-Indigenous people","All areas","Sentenced people in prison custody at 30 June","Aggregate sentence length","Between 1 and under 2 years","","","Number","","","ABS Prisoners in Australia","no.","1007","384","701","394","143","53","38","12","","2725"
"SE10d.2","2021","Aggregate sentence length","18+ years old","All people","Non-Indigenous people","All areas","Sentenced people in prison custody at 30 June","Aggregate sentence length","Between 2 and under 5 years","","","Number","","","ABS Prisoners in Australia","no.","1445","807","1463","883","366","72","37","53","","5138"
"SE10d.2","2021","Aggregate sentence length","18+ years old","All people","Non-Indigenous people","All areas","Sentenced people in prison custody at 30 June","Aggregate sentence length","Between 5 and under 10 years","","","Number","","","ABS Prisoners in Australia","no.","1403","1081","1272","736","338","68","37","49","","4985"
"SE10d.2","2021","Aggregate sentence length","18+ years old","All people","Non-Indigenous people","All areas","Sentenced people in prison custody at 30 June","Aggregate sentence length","Between 10 and under 15 years","","","Number","","","ABS Prisoners in Australia","no.","691","408","332","246","156","13","16","10","","1886"
"SE10d.2","2021","Aggregate sentence length","18+ years old","All people","Non-Indigenous people","All areas","Sentenced people in prison custody at 30 June","Aggregate sentence length","Between 15 and under 20 years","","","Number","","","ABS Prisoners in Australia","no.","333","179","74","47","72","8","4","3","","715"
"SE10d.2","2021","Aggregate sentence length","18+ years old","All people","Non-Indigenous people","All areas","Sentenced people in prison custody at 30 June","Aggregate sentence length","20 years and over","","","Number","","","ABS Prisoners in Australia","no.","485","229","35","22","31","29","11","0","","844"
"SE10d.2","2021","Aggregate sentence length","18+ years old","All people","Non-Indigenous people","All areas","Sentenced people in prison custody at 30 June","Aggregate sentence length","Life","","","Number","","","ABS Prisoners in Australia","no.","70","58","245","237","164","12","3","15","","812"
"SE10d.2","2021","Aggregate sentence length","18+ years old","All people","Non-Indigenous people","All areas","Sentenced people in prison custody at 30 June","Aggregate sentence length","Other","","","Number","","","ABS Prisoners in Australia","no.","45","3","3","14","0","0","0","3","","74"
"SE10d.2","2021","Aggregate sentence length","18+ years old","All people","Aboriginal and Torres Strait Islander people","All areas","People in prison custody at 30 June","Total","","","","Number","","","ABS Prisoners in Australia","no.","3597","768","3479","2664","744","152","98","1540","","13039"
"SE10d.2","2021","Aggregate sentence length","18+ years old","All people","Non-Indigenous people","All areas","People in prison custody at 30 June","Total","","","","Number","","","ABS Prisoners in Australia","no.","9515","6318","6480","4051","2364","491","273","259","","29760"
"SE10d.2","2021","Aggregate sentence length","18+ years old","All people","Indigenous status not stated","All areas","People in prison custody at 30 June","Total","","","","Number","","","ABS Prisoners in Australia","no.","14","160","0","0","0","0","0","0","","166"
"SE10d.2","2020","Aggregate sentence length","18+ years old","All people","Aboriginal and Torres Strait Islander people","All areas","Sentenced people in prison custody at 30 June","Aggregate sentence length","Under 3 months","","","Proportion","","","Derived from ABS Prisoners in Australia","%","2.4","1.7","0.1","1.6","4.0","8.2","0","4.2","","2.0"
"SE10d.2","2020","Aggregate sentence length","18+ years old","All people","Aboriginal and Torres Strait Islander people","All areas","Sentenced people in prison custody at 30 June","Aggregate sentence length","Between 3 and under 6 months","","","Proportion","","","Derived from ABS Prisoners in Australia","%","5.7","4.9","1.3","1.5","2.1","10.3","13.4","10.6","","4.0"
"SE10d.2","2020","Aggregate sentence length","18+ years old","All people","Aboriginal and Torres Strait Islander people","All areas","Sentenced people in prison custody at 30 June","Aggregate sentence length","Between 6 and under 12 months","","","Proportion","","","Derived from ABS Prisoners in Australia","%","11.7","11.5","7.1","15.8","7.1","8.2","7.5","18.7","","12.1"
"SE10d.2","2020","Aggregate sentence length","18+ years old","All people","Aboriginal and Torres Strait Islander people","All areas","Sentenced people in prison custody at 30 June","Aggregate sentence length","Between 1 and under 2 years","","","Proportion","","","Derived from ABS Prisoners in Australia","%","24.7","17.6","22.9","21.1","19.6","26.8","26.9","18.8","","22.2"
"SE10d.2","2020","Aggregate sentence length","18+ years old","All people","Aboriginal and Torres Strait Islander people","All areas","Sentenced people in prison custody at 30 June","Aggregate sentence length","Between 2 and under 5 years","","","Proportion","","","Derived from ABS Prisoners in Australia","%","26.3","28.2","41.2","41.5","26.4","24.7","28.4","26.3","","33.8"
"SE10d.2","2020","Aggregate sentence length","18+ years old","All people","Aboriginal and Torres Strait Islander people","All areas","Sentenced people in prison custody at 30 June","Aggregate sentence length","Between 5 and under 10 years","","","Proportion","","","Derived from ABS Prisoners in Australia","%","16.9","24.5","18.1","12.1","20.9","12.4","14.9","13.4","","16.2"
"SE10d.2","2020","Aggregate sentence length","18+ years old","All people","Aboriginal and Torres Strait Islander people","All areas","Sentenced people in prison custody at 30 June","Aggregate sentence length","Between 10 and under 15 years","","","Proportion","","","Derived from ABS Prisoners in Australia","%","4.5","4.2","4.4","2.0","5.2","0","4.5","3.5","","3.8"
"SE10d.2","2020","Aggregate sentence length","18+ years old","All people","Aboriginal and Torres Strait Islander people","All areas","Sentenced people in prison custody at 30 June","Aggregate sentence length","Between 15 and under 20 years","","","Proportion","","","Derived from ABS Prisoners in Australia","%","2.4","2.2","1.0","0.4","3.4","0","0","1.4","","1.4"
"SE10d.2","2020","Aggregate sentence length","18+ years old","All people","Aboriginal and Torres Strait Islander people","All areas","Sentenced people in prison custody at 30 June","Aggregate sentence length","20 years and over","","","Proportion","","","Derived from ABS Prisoners in Australia","%","4.4","3.7","0.3","0","1.5","4.1","0","0","","1.6"
"SE10d.2","2020","Aggregate sentence length","18+ years old","All people","Aboriginal and Torres Strait Islander people","All areas","Sentenced people in prison custody at 30 June","Aggregate sentence length","Life","","","Proportion","","","Derived from ABS Prisoners in Australia","%","0.4","0","3.2","2.9","11.7","0","0","1.8","","2.4"
"SE10d.2","2020","Aggregate sentence length","18+ years old","All people","Aboriginal and Torres Strait Islander people","All areas","Sentenced people in prison custody at 30 June","Aggregate sentence length","Other","","","Proportion","","","Derived from ABS Prisoners in Australia","%","0.7","0","0","0.6","0","0","0","1.0","","0.5"
"SE10d.2","2020","Aggregate sentence length","18+ years old","All people","Non-Indigenous people","All areas","Sentenced people in prison custody at 30 June","Aggregate sentence length","Under 3 months","","","Proportion","","","Derived from ABS Prisoners in Australia","%","1.0","1.7","0.3","0.7","1.4","6.2","4.2","0","","1.1"
"SE10d.2","2020","Aggregate sentence length","18+ years old","All people","Non-Indigenous people","All areas","Sentenced people in prison custody at 30 June","Aggregate sentence length","Between 3 and under 6 months","","","Proportion","","","Derived from ABS Prisoners in Australia","%","2.7","4.4","1.0","1.6","3.4","6.7","5.2","5.3","","2.7"
"SE10d.2","2020","Aggregate sentence length","18+ years old","All people","Non-Indigenous people","All areas","Sentenced people in prison custody at 30 June","Aggregate sentence length","Between 6 and under 12 months","","","Proportion","","","Derived from ABS Prisoners in Australia","%","6.4","8.3","5.4","9.6","5.1","11.9","4.2","5.3","","7.0"
"SE10d.2","2020","Aggregate sentence length","18+ years old","All people","Non-Indigenous people","All areas","Sentenced people in prison custody at 30 June","Aggregate sentence length","Between 1 and under 2 years","","","Proportion","","","Derived from ABS Prisoners in Australia","%","16.2","12.4","14.9","15.2","10.7","12.1","17.0","6.9","","14.4"
"SE10d.2","2020","Aggregate sentence length","18+ years old","All people","Non-Indigenous people","All areas","Sentenced people in prison custody at 30 June","Aggregate sentence length","Between 2 and under 5 years","","","Proportion","","","Derived from ABS Prisoners in Australia","%","24.0","24.1","33.1","31.0","26.2","28.8","27.4","33.5","","27.3"
"SE10d.2","2020","Aggregate sentence length","18+ years old","All people","Non-Indigenous people","All areas","Sentenced people in prison custody at 30 June","Aggregate sentence length","Between 5 and under 10 years","","","Proportion","","","Derived from ABS Prisoners in Australia","%","24.1","28.2","28.5","23.8","23.3","16.7","19.3","28.2","","25.7"
"SE10d.2","2020","Aggregate sentence length","18+ years old","All people","Non-Indigenous people","All areas","Sentenced people in prison custody at 30 June","Aggregate sentence length","Between 10 and under 15 years","","","Proportion","","","Derived from ABS Prisoners in Australia","%","10.7","9.6","7.7","7.7","11.3","4.6","10.4","6.9","","9.4"
"SE10d.2","2020","Aggregate sentence length","18+ years old","All people","Non-Indigenous people","All areas","Sentenced people in prison custody at 30 June","Aggregate sentence length","Between 15 and under 20 years","","","Proportion","","","Derived from ABS Prisoners in Australia","%","5.2","4.4","1.6","1.5","5.2","2.4","1.9","1.6","","3.6"
"SE10d.2","2020","Aggregate sentence length","18+ years old","All people","Non-Indigenous people","All areas","Sentenced people in prison custody at 30 June","Aggregate sentence length","20 years and over","","","Proportion","","","Derived from ABS Prisoners in Australia","%","7.6","5.6","0.8","0.7","2.4","6.7","5.7","0","","4.2"
"SE10d.2","2020","Aggregate sentence length","18+ years old","All people","Non-Indigenous people","All areas","Sentenced people in prison custody at 30 June","Aggregate sentence length","Life","","","Proportion","","","Derived from ABS Prisoners in Australia","%","1.2","1.4","6.3","7.7","11.4","3.5","4.2","8.5","","4.1"
"SE10d.2","2020","Aggregate sentence length","18+ years old","All people","Non-Indigenous people","All areas","Sentenced people in prison custody at 30 June","Aggregate sentence length","Other","","","Proportion","","","Derived from ABS Prisoners in Australia","%","0.9","0","0.2","0.6","0","0","0","2.1","","0.4"
"SE10d.2","2020","Aggregate sentence length","18+ years old","All people","Aboriginal and Torres Strait Islander people","All areas","Sentenced people in prison custody at 30 June","Aggregate sentence length","Under 3 months","","","Number","","","ABS Prisoners in Australia","no.","52","7","3","29","13","8","0","40","","158"
"SE10d.2","2020","Aggregate sentence length","18+ years old","All people","Aboriginal and Torres Strait Islander people","All areas","Sentenced people in prison custody at 30 June","Aggregate sentence length","Between 3 and under 6 months","","","Number","","","ABS Prisoners in Australia","no.","126","20","27","28","7","10","9","102","","323"
"SE10d.2","2020","Aggregate sentence length","18+ years old","All people","Aboriginal and Torres Strait Islander people","All areas","Sentenced people in prison custody at 30 June","Aggregate sentence length","Between 6 and under 12 months","","","Number","","","ABS Prisoners in Australia","no.","256","47","149","290","23","8","5","180","","962"
"SE10d.2","2020","Aggregate sentence length","18+ years old","All people","Aboriginal and Torres Strait Islander people","All areas","Sentenced people in prison custody at 30 June","Aggregate sentence length","Between 1 and under 2 years","","","Number","","","ABS Prisoners in Australia","no.","542","72","481","387","64","26","18","181","","1772"
"SE10d.2","2020","Aggregate sentence length","18+ years old","All people","Aboriginal and Torres Strait Islander people","All areas","Sentenced people in prison custody at 30 June","Aggregate sentence length","Between 2 and under 5 years","","","Number","","","ABS Prisoners in Australia","no.","578","115","863","760","86","24","19","253","","2696"
"SE10d.2","2020","Aggregate sentence length","18+ years old","All people","Aboriginal and Torres Strait Islander people","All areas","Sentenced people in prison custody at 30 June","Aggregate sentence length","Between 5 and under 10 years","","","Number","","","ABS Prisoners in Australia","no.","371","100","380","221","68","12","10","129","","1293"
"SE10d.2","2020","Aggregate sentence length","18+ years old","All people","Aboriginal and Torres Strait Islander people","All areas","Sentenced people in prison custody at 30 June","Aggregate sentence length","Between 10 and under 15 years","","","Number","","","ABS Prisoners in Australia","no.","98","17","92","37","17","0","3","34","","307"
"SE10d.2","2020","Aggregate sentence length","18+ years old","All people","Aboriginal and Torres Strait Islander people","All areas","Sentenced people in prison custody at 30 June","Aggregate sentence length","Between 15 and under 20 years","","","Number","","","ABS Prisoners in Australia","no.","53","9","21","8","11","0","0","13","","114"
"SE10d.2","2020","Aggregate sentence length","18+ years old","All people","Aboriginal and Torres Strait Islander people","All areas","Sentenced people in prison custody at 30 June","Aggregate sentence length","20 years and over","","","Number","","","ABS Prisoners in Australia","no.","96","15","7","0","5","4","0","0","","126"
"SE10d.2","2020","Aggregate sentence length","18+ years old","All people","Aboriginal and Torres Strait Islander people","All areas","Sentenced people in prison custody at 30 June","Aggregate sentence length","Life","","","Number","","","ABS Prisoners in Australia","no.","8","0","68","54","38","0","0","17","","189"
"SE10d.2","2020","Aggregate sentence length","18+ years old","All people","Aboriginal and Torres Strait Islander people","All areas","Sentenced people in prison custody at 30 June","Aggregate sentence length","Other","","","Number","","","ABS Prisoners in Australia","no.","15","0","0","11","0","0","0","10","","36"
"SE10d.2","2020","Aggregate sentence length","18+ years old","All people","Non-Indigenous people","All areas","Sentenced people in prison custody at 30 June","Aggregate sentence length","Under 3 months","","","Number","","","ABS Prisoners in Australia","no.","66","73","13","23","19","23","9","0","","227"
"SE10d.2","2020","Aggregate sentence length","18+ years old","All people","Non-Indigenous people","All areas","Sentenced people in prison custody at 30 June","Aggregate sentence length","Between 3 and under 6 months","","","Number","","","ABS Prisoners in Australia","no.","171","184","39","48","48","25","11","10","","533"
"SE10d.2","2020","Aggregate sentence length","18+ years old","All people","Non-Indigenous people","All areas","Sentenced people in prison custody at 30 June","Aggregate sentence length","Between 6 and under 12 months","","","Number","","","ABS Prisoners in Australia","no.","408","349","214","294","71","44","9","10","","1394"
"SE10d.2","2020","Aggregate sentence length","18+ years old","All people","Non-Indigenous people","All areas","Sentenced people in prison custody at 30 June","Aggregate sentence length","Between 1 and under 2 years","","","Number","","","ABS Prisoners in Australia","no.","1035","524","594","468","150","45","36","13","","2860"
"SE10d.2","2020","Aggregate sentence length","18+ years old","All people","Non-Indigenous people","All areas","Sentenced people in prison custody at 30 June","Aggregate sentence length","Between 2 and under 5 years","","","Number","","","ABS Prisoners in Australia","no.","1534","1016","1318","953","366","107","58","63","","5416"
"SE10d.2","2020","Aggregate sentence length","18+ years old","All people","Non-Indigenous people","All areas","Sentenced people in prison custody at 30 June","Aggregate sentence length","Between 5 and under 10 years","","","Number","","","ABS Prisoners in Australia","no.","1539","1192","1133","732","325","62","41","53","","5088"
"SE10d.2","2020","Aggregate sentence length","18+ years old","All people","Non-Indigenous people","All areas","Sentenced people in prison custody at 30 June","Aggregate sentence length","Between 10 and under 15 years","","","Number","","","ABS Prisoners in Australia","no.","685","406","307","236","158","17","22","13","","1856"
"SE10d.2","2020","Aggregate sentence length","18+ years old","All people","Non-Indigenous people","All areas","Sentenced people in prison custody at 30 June","Aggregate sentence length","Between 15 and under 20 years","","","Number","","","ABS Prisoners in Australia","no.","334","187","63","45","72","9","4","3","","718"
"SE10d.2","2020","Aggregate sentence length","18+ years old","All people","Non-Indigenous people","All areas","Sentenced people in prison custody at 30 June","Aggregate sentence length","20 years and over","","","Number","","","ABS Prisoners in Australia","no.","484","237","33","22","34","25","12","0","","840"
"SE10d.2","2020","Aggregate sentence length","18+ years old","All people","Non-Indigenous people","All areas","Sentenced people in prison custody at 30 June","Aggregate sentence length","Life","","","Number","","","ABS Prisoners in Australia","no.","77","58","252","237","159","13","9","16","","814"
"SE10d.2","2020","Aggregate sentence length","18+ years old","All people","Non-Indigenous people","All areas","Sentenced people in prison custody at 30 June","Aggregate sentence length","Other","","","Number","","","ABS Prisoners in Australia","no.","58","0","7","19","0","0","0","4","","78"
"SE10d.2","2020","Aggregate sentence length","18+ years old","All people","Aboriginal and Torres Strait Islander people","All areas","People in prison custody at 30 June","Total","","","","Number","","","ABS Prisoners in Australia","no.","3335","722","3038","2666","701","145","116","1371","","12092"
"SE10d.2","2020","Aggregate sentence length","18+ years old","All people","Non-Indigenous people","All areas","People in prison custody at 30 June","Total","","","","Number","","","ABS Prisoners in Australia","no.","9384","6350","5617","4105","2286","526","331","264","","28872"
"SE10d.2","2020","Aggregate sentence length","18+ years old","All people","Indigenous status not stated","All areas","People in prison custody at 30 June","Total","","","","Number","","","ABS Prisoners in Australia","no.","11","80","0","0","0","0","0","0","","92"
"SE10d.2","2019","Aggregate sentence length","18+ years old","All people","Aboriginal and Torres Strait Islander people","All areas","Sentenced people in prison custody at 30 June","Aggregate sentence length","Under 3 months","","","Proportion","","","Derived from ABS Prisoners in Australia","%","2.6","5.5","0.6","1.8","3.7","15.1","0","4.8","","2.4"
"SE10d.2","2019","Aggregate sentence length","18+ years old","All people","Aboriginal and Torres Strait Islander people","All areas","Sentenced people in prison custody at 30 June","Aggregate sentence length","Between 3 and under 6 months","","","Proportion","","","Derived from ABS Prisoners in Australia","%","5.7","8.2","2.2","0.9","4.2","11.6","0","15.1","","5.2"
"SE10d.2","2019","Aggregate sentence length","18+ years old","All people","Aboriginal and Torres Strait Islander people","All areas","Sentenced people in prison custody at 30 June","Aggregate sentence length","Between 6 and under 12 months","","","Proportion","","","Derived from ABS Prisoners in Australia","%","13.3","10.7","9.1","16.4","5.7","8.1","11.1","17.5","","13.2"
"SE10d.2","2019","Aggregate sentence length","18+ years old","All people","Aboriginal and Torres Strait Islander people","All areas","Sentenced people in prison custody at 30 June","Aggregate sentence length","Between 1 and under 2 years","","","Proportion","","","Derived from ABS Prisoners in Australia","%","27.2","21.0","23.4","24.7","17.3","24.4","33.3","18.8","","23.8"
"SE10d.2","2019","Aggregate sentence length","18+ years old","All people","Aboriginal and Torres Strait Islander people","All areas","Sentenced people in prison custody at 30 June","Aggregate sentence length","Between 2 and under 5 years","","","Proportion","","","Derived from ABS Prisoners in Australia","%","23.7","23.7","37.5","39.4","29.5","29.1","37.0","23.5","","30.9"
"SE10d.2","2019","Aggregate sentence length","18+ years old","All people","Aboriginal and Torres Strait Islander people","All areas","Sentenced people in prison custody at 30 June","Aggregate sentence length","Between 5 and under 10 years","","","Proportion","","","Derived from ABS Prisoners in Australia","%","15.9","22.1","17.8","10.8","19.5","10.5","24.1","12.6","","15.1"
"SE10d.2","2019","Aggregate sentence length","18+ years old","All people","Aboriginal and Torres Strait Islander people","All areas","Sentenced people in prison custody at 30 June","Aggregate sentence length","Between 10 and under 15 years","","","Proportion","","","Derived from ABS Prisoners in Australia","%","4.7","3.4","4.9","2.1","5.7","3.5","0","3.8","","4.0"
"SE10d.2","2019","Aggregate sentence length","18+ years old","All people","Aboriginal and Torres Strait Islander people","All areas","Sentenced people in prison custody at 30 June","Aggregate sentence length","Between 15 and under 20 years","","","Proportion","","","Derived from ABS Prisoners in Australia","%","2.1","2.1","0.8","0.4","3.7","0","5.6","0.8","","1.2"
"SE10d.2","2019","Aggregate sentence length","18+ years old","All people","Aboriginal and Torres Strait Islander people","All areas","Sentenced people in prison custody at 30 June","Aggregate sentence length","20 years and over","","","Proportion","","","Derived from ABS Prisoners in Australia","%","4.0","4.1","0.2","0","2.0","8.1","0","0","","1.6"
"SE10d.2","2019","Aggregate sentence length","18+ years old","All people","Aboriginal and Torres Strait Islander people","All areas","Sentenced people in prison custody at 30 June","Aggregate sentence length","Life","","","Proportion","","","Derived from ABS Prisoners in Australia","%","0.3","0.9","3.2","2.9","9.3","0","0","2.4","","2.3"
"SE10d.2","2019","Aggregate sentence length","18+ years old","All people","Aboriginal and Torres Strait Islander people","All areas","Sentenced people in prison custody at 30 June","Aggregate sentence length","Other","","","Proportion","","","Derived from ABS Prisoners in Australia","%","0.6","0","0","0.8","0","0","0","1.1","","0.5"
"SE10d.2","2019","Aggregate sentence length","18+ years old","All people","Non-Indigenous people","All areas","Sentenced people in prison custody at 30 June","Aggregate sentence length","Under 3 months","","","Proportion","","","Derived from ABS Prisoners in Australia","%","1.0","2.5","0.4","0.9","2.1","9.5","1.4","3.0","","1.4"
"SE10d.2","2019","Aggregate sentence length","18+ years old","All people","Non-Indigenous people","All areas","Sentenced people in prison custody at 30 June","Aggregate sentence length","Between 3 and under 6 months","","","Proportion","","","Derived from ABS Prisoners in Australia","%","3.0","5.4","2.2","0.8","3.1","6.5","2.3","4.5","","3.2"
"SE10d.2","2019","Aggregate sentence length","18+ years old","All people","Non-Indigenous people","All areas","Sentenced people in prison custody at 30 June","Aggregate sentence length","Between 6 and under 12 months","","","Proportion","","","Derived from ABS Prisoners in Australia","%","7.7","8.8","7.3","9.3","4.6","11.6","13.6","5.1","","8.0"
"SE10d.2","2019","Aggregate sentence length","18+ years old","All people","Non-Indigenous people","All areas","Sentenced people in prison custody at 30 June","Aggregate sentence length","Between 1 and under 2 years","","","Proportion","","","Derived from ABS Prisoners in Australia","%","17.8","14.8","17.3","15.4","8.6","11.9","12.6","9.1","","15.8"
"SE10d.2","2019","Aggregate sentence length","18+ years old","All people","Non-Indigenous people","All areas","Sentenced people in prison custody at 30 June","Aggregate sentence length","Between 2 and under 5 years","","","Proportion","","","Derived from ABS Prisoners in Australia","%","22.9","24.5","31.6","32.8","27.6","24.9","29.0","31.8","","26.9"
"SE10d.2","2019","Aggregate sentence length","18+ years old","All people","Non-Indigenous people","All areas","Sentenced people in prison custody at 30 June","Aggregate sentence length","Between 5 and under 10 years","","","Proportion","","","Derived from ABS Prisoners in Australia","%","23.3","26.1","25.2","23.4","24.0","19.7","21.5","24.2","","24.3"
"SE10d.2","2019","Aggregate sentence length","18+ years old","All people","Non-Indigenous people","All areas","Sentenced people in prison custody at 30 June","Aggregate sentence length","Between 10 and under 15 years","","","Proportion","","","Derived from ABS Prisoners in Australia","%","10.1","8.2","6.9","7.8","11.9","4.1","9.3","10.6","","8.7"
"SE10d.2","2019","Aggregate sentence length","18+ years old","All people","Non-Indigenous people","All areas","Sentenced people in prison custody at 30 June","Aggregate sentence length","Between 15 and under 20 years","","","Proportion","","","Derived from ABS Prisoners in Australia","%","4.8","3.9","1.5","1.1","4.4","1.1","4.2","2.0","","3.3"
"SE10d.2","2019","Aggregate sentence length","18+ years old","All people","Non-Indigenous people","All areas","Sentenced people in prison custody at 30 June","Aggregate sentence length","20 years and over","","","Proportion","","","Derived from ABS Prisoners in Australia","%","7.1","4.6","0.8","0.5","2.2","7.0","3.7","0","","3.9"
"SE10d.2","2019","Aggregate sentence length","18+ years old","All people","Non-Indigenous people","All areas","Sentenced people in prison custody at 30 June","Aggregate sentence length","Life","","","Proportion","","","Derived from ABS Prisoners in Australia","%","1.2","1.2","6.5","7.5","11.4","3.5","1.4","10.6","","4.0"
"SE10d.2","2019","Aggregate sentence length","18+ years old","All people","Non-Indigenous people","All areas","Sentenced people in prison custody at 30 June","Aggregate sentence length","Other","","","Proportion","","","Derived from ABS Prisoners in Australia","%","1.0","0.1","0.1","0.4","0","0","0","2.5","","0.5"
"SE10d.2","2019","Aggregate sentence length","18+ years old","All people","Aboriginal and Torres Strait Islander people","All areas","Sentenced people in prison custody at 30 June","Aggregate sentence length","Under 3 months","","","Number","","","ABS Prisoners in Australia","no.","60","24","11","33","13","13","0","48","","196"
"SE10d.2","2019","Aggregate sentence length","18+ years old","All people","Aboriginal and Torres Strait Islander people","All areas","Sentenced people in prison custody at 30 June","Aggregate sentence length","Between 3 and under 6 months","","","Number","","","ABS Prisoners in Australia","no.","131","36","43","17","15","10","0","152","","415"
"SE10d.2","2019","Aggregate sentence length","18+ years old","All people","Aboriginal and Torres Strait Islander people","All areas","Sentenced people in prison custody at 30 June","Aggregate sentence length","Between 6 and under 12 months","","","Number","","","ABS Prisoners in Australia","no.","303","47","179","302","20","7","6","177","","1058"
"SE10d.2","2019","Aggregate sentence length","18+ years old","All people","Aboriginal and Torres Strait Islander people","All areas","Sentenced people in prison custody at 30 June","Aggregate sentence length","Between 1 and under 2 years","","","Number","","","ABS Prisoners in Australia","no.","621","92","459","456","61","21","18","190","","1913"
"SE10d.2","2019","Aggregate sentence length","18+ years old","All people","Aboriginal and Torres Strait Islander people","All areas","Sentenced people in prison custody at 30 June","Aggregate sentence length","Between 2 and under 5 years","","","Number","","","ABS Prisoners in Australia","no.","541","104","735","726","104","25","20","237","","2480"
"SE10d.2","2019","Aggregate sentence length","18+ years old","All people","Aboriginal and Torres Strait Islander people","All areas","Sentenced people in prison custody at 30 June","Aggregate sentence length","Between 5 and under 10 years","","","Number","","","ABS Prisoners in Australia","no.","362","97","348","199","69","9","13","127","","1216"
"SE10d.2","2019","Aggregate sentence length","18+ years old","All people","Aboriginal and Torres Strait Islander people","All areas","Sentenced people in prison custody at 30 June","Aggregate sentence length","Between 10 and under 15 years","","","Number","","","ABS Prisoners in Australia","no.","107","15","96","38","20","3","0","38","","318"
"SE10d.2","2019","Aggregate sentence length","18+ years old","All people","Aboriginal and Torres Strait Islander people","All areas","Sentenced people in prison custody at 30 June","Aggregate sentence length","Between 15 and under 20 years","","","Number","","","ABS Prisoners in Australia","no.","48","9","16","8","13","0","3","8","","100"
"SE10d.2","2019","Aggregate sentence length","18+ years old","All people","Aboriginal and Torres Strait Islander people","All areas","Sentenced people in prison custody at 30 June","Aggregate sentence length","20 years and over","","","Number","","","ABS Prisoners in Australia","no.","92","18","3","0","7","7","0","0","","126"
"SE10d.2","2019","Aggregate sentence length","18+ years old","All people","Aboriginal and Torres Strait Islander people","All areas","Sentenced people in prison custody at 30 June","Aggregate sentence length","Life","","","Number","","","ABS Prisoners in Australia","no.","6","4","63","54","33","0","0","24","","185"
"SE10d.2","2019","Aggregate sentence length","18+ years old","All people","Aboriginal and Torres Strait Islander people","All areas","Sentenced people in prison custody at 30 June","Aggregate sentence length","Other","","","Number","","","ABS Prisoners in Australia","no.","14","0","0","14","0","0","0","11","","38"
"SE10d.2","2019","Aggregate sentence length","18+ years old","All people","Non-Indigenous people","All areas","Sentenced people in prison custody at 30 June","Aggregate sentence length","Under 3 months","","","Number","","","ABS Prisoners in Australia","no.","67","115","15","29","29","35","3","6","","296"
"SE10d.2","2019","Aggregate sentence length","18+ years old","All people","Non-Indigenous people","All areas","Sentenced people in prison custody at 30 June","Aggregate sentence length","Between 3 and under 6 months","","","Number","","","ABS Prisoners in Australia","no.","201","251","91","25","44","24","5","9","","655"
"SE10d.2","2019","Aggregate sentence length","18+ years old","All people","Non-Indigenous people","All areas","Sentenced people in prison custody at 30 June","Aggregate sentence length","Between 6 and under 12 months","","","Number","","","ABS Prisoners in Australia","no.","514","413","297","291","65","43","29","10","","1663"
"SE10d.2","2019","Aggregate sentence length","18+ years old","All people","Non-Indigenous people","All areas","Sentenced people in prison custody at 30 June","Aggregate sentence length","Between 1 and under 2 years","","","Number","","","ABS Prisoners in Australia","no.","1181","693","703","481","120","44","27","18","","3260"
"SE10d.2","2019","Aggregate sentence length","18+ years old","All people","Non-Indigenous people","All areas","Sentenced people in prison custody at 30 June","Aggregate sentence length","Between 2 and under 5 years","","","Number","","","ABS Prisoners in Australia","no.","1518","1147","1281","1021","386","92","62","63","","5568"
"SE10d.2","2019","Aggregate sentence length","18+ years old","All people","Non-Indigenous people","All areas","Sentenced people in prison custody at 30 June","Aggregate sentence length","Between 5 and under 10 years","","","Number","","","ABS Prisoners in Australia","no.","1550","1223","1025","730","336","73","46","48","","5023"
"SE10d.2","2019","Aggregate sentence length","18+ years old","All people","Non-Indigenous people","All areas","Sentenced people in prison custody at 30 June","Aggregate sentence length","Between 10 and under 15 years","","","Number","","","ABS Prisoners in Australia","no.","674","385","281","242","167","15","20","21","","1800"
"SE10d.2","2019","Aggregate sentence length","18+ years old","All people","Non-Indigenous people","All areas","Sentenced people in prison custody at 30 June","Aggregate sentence length","Between 15 and under 20 years","","","Number","","","ABS Prisoners in Australia","no.","322","184","59","35","62","4","9","4","","675"
"SE10d.2","2019","Aggregate sentence length","18+ years old","All people","Non-Indigenous people","All areas","Sentenced people in prison custody at 30 June","Aggregate sentence length","20 years and over","","","Number","","","ABS Prisoners in Australia","no.","471","217","34","17","31","26","8","0","","809"
"SE10d.2","2019","Aggregate sentence length","18+ years old","All people","Non-Indigenous people","All areas","Sentenced people in prison custody at 30 June","Aggregate sentence length","Life","","","Number","","","ABS Prisoners in Australia","no.","81","57","262","235","160","13","3","21","","831"
"SE10d.2","2019","Aggregate sentence length","18+ years old","All people","Non-Indigenous people","All areas","Sentenced people in prison custody at 30 June","Aggregate sentence length","Other","","","Number","","","ABS Prisoners in Australia","no.","68","3","3","13","0","0","0","5","","94"
"SE10d.2","2019","Aggregate sentence length","18+ years old","All people","Aboriginal and Torres Strait Islander people","All areas","People in prison custody at 30 June","Total","","","","Number","","","ABS Prisoners in Australia","no.","3434","840","2873","2680","681","140","104","1443","","12195"
"SE10d.2","2019","Aggregate sentence length","18+ years old","All people","Non-Indigenous people","All areas","People in prison custody at 30 June","Total","","","","Number","","","ABS Prisoners in Australia","no.","10011","7248","5903","4255","2178","553","362","294","","30805"
"SE10d.2","2019","Aggregate sentence length","18+ years old","All people","Indigenous status not stated","All areas","People in prison custody at 30 June","Total","","","","Number","","","ABS Prisoners in Australia","no.","11","11","0","0","0","0","7","0","","35"
"SE10d.3","2025","Time on remand","18+ years old","All people","Aboriginal and Torres Strait Islander people","All areas","Unsentenced people in prison custody at 30 June","Time on remand","Under 1 month","","","Proportion","","","Derived from ABS (unpublished) Prisoners in Australia; ABS Prisoners in Australia","%","24.5","21.1","18.4","20.7","29.6","19.4","29.5","19.6","","21.5"
"SE10d.3","2025","Time on remand","18+ years old","All people","Aboriginal and Torres Strait Islander people","All areas","Unsentenced people in prison custody at 30 June","Time on remand","Between 1 and under 3 months","","","Proportion","","","Derived from ABS (unpublished) Prisoners in Australia; ABS Prisoners in Australia","%","28.1","32.4","28.6","26.1","31.0","38.0","43.2","30.4","","29.0"
"SE10d.3","2025","Time on remand","18+ years old","All people","Aboriginal and Torres Strait Islander people","All areas","Unsentenced people in prison custody at 30 June","Time on remand","Between 3 and under 6 months","","","Proportion","","","Derived from ABS (unpublished) Prisoners in Australia; ABS Prisoners in Australia","%","20.1","21.4","19.9","27.2","19.4","25.0","11.4","26.7","","22.7"
"SE10d.3","2025","Time on remand","18+ years old","All people","Aboriginal and Torres Strait Islander people","All areas","Unsentenced people in prison custody at 30 June","Time on remand","Between 6 and under 12 months","","","Proportion","","","Derived from ABS (unpublished) Prisoners in Australia; ABS Prisoners in Australia","%","16.3","15.6","20.3","16.9","10.9","7.4","13.6","18.0","","17.2"
"SE10d.3","2025","Time on remand","18+ years old","All people","Aboriginal and Torres Strait Islander people","All areas","Unsentenced people in prison custody at 30 June","Time on remand","1 year and over","","","Proportion","","","Derived from ABS (unpublished) Prisoners in Australia; ABS Prisoners in Australia","%","10.9","10.3","12.0","8.8","9.5","7.4","22.7","5.0","","9.8"
"SE10d.3","2025","Time on remand","18+ years old","All people","Non-Indigenous people","All areas","Unsentenced people in prison custody at 30 June","Time on remand","Under 1 month","","","Proportion","","","Derived from ABS (unpublished) Prisoners in Australia; ABS Prisoners in Australia","%","18.8","16.7","14.5","19.1","22.6","28.4","20.7","19.1","","17.9"
"SE10d.3","2025","Time on remand","18+ years old","All people","Non-Indigenous people","All areas","Unsentenced people in prison custody at 30 June","Time on remand","Between 1 and under 3 months","","","Proportion","","","Derived from ABS (unpublished) Prisoners in Australia; ABS Prisoners in Australia","%","25.3","29.0","24.6","23.9","26.9","27.5","22.8","21.9","","25.7"
"SE10d.3","2025","Time on remand","18+ years old","All people","Non-Indigenous people","All areas","Unsentenced people in prison custody at 30 June","Time on remand","Between 3 and under 6 months","","","Proportion","","","Derived from ABS (unpublished) Prisoners in Australia; ABS Prisoners in Australia","%","19.0","22.2","20.1","23.1","19.2","20.6","22.8","24.2","","20.6"
"SE10d.3","2025","Time on remand","18+ years old","All people","Non-Indigenous people","All areas","Unsentenced people in prison custody at 30 June","Time on remand","Between 6 and under 12 months","","","Proportion","","","Derived from ABS (unpublished) Prisoners in Australia; ABS Prisoners in Australia","%","18.5","17.0","23.6","18.3","14.8","10.8","18.5","21.3","","19.0"
"SE10d.3","2025","Time on remand","18+ years old","All people","Non-Indigenous people","All areas","Unsentenced people in prison custody at 30 June","Time on remand","1 year and over","","","Proportion","","","Derived from ABS (unpublished) Prisoners in Australia; ABS Prisoners in Australia","%","18.2","15.3","17.1","15.8","17.4","15.2","19.6","13.5","","16.9"
"SE10d.3","2025","Time on remand","18+ years old","All people","Aboriginal and Torres Strait Islander people","All areas","Unsentenced people in prison custody at 30 June","Time on remand","Under 1 month","","","Number","","","ABS (unpublished) Prisoners in Australia","no.","497","92","343","347","150","21","13","236","","1692"
"SE10d.3","2025","Time on remand","18+ years old","All people","Aboriginal and Torres Strait Islander people","All areas","Unsentenced people in prison custody at 30 June","Time on remand","Between 1 and under 3 months","","","Number","","","ABS (unpublished) Prisoners in Australia","no.","570","141","532","438","157","41","19","366","","2278"
"SE10d.3","2025","Time on remand","18+ years old","All people","Aboriginal and Torres Strait Islander people","All areas","Unsentenced people in prison custody at 30 June","Time on remand","Between 3 and under 6 months","","","Number","","","ABS (unpublished) Prisoners in Australia","no.","407","93","371","456","98","27","5","321","","1784"
"SE10d.3","2025","Time on remand","18+ years old","All people","Aboriginal and Torres Strait Islander people","All areas","Unsentenced people in prison custody at 30 June","Time on remand","Between 6 and under 12 months","","","Number","","","ABS (unpublished) Prisoners in Australia","no.","331","68","379","283","55","8","6","216","","1356"
"SE10d.3","2025","Time on remand","18+ years old","All people","Aboriginal and Torres Strait Islander people","All areas","Unsentenced people in prison custody at 30 June","Time on remand","1 year and over","","","Number","","","ABS (unpublished) Prisoners in Australia","no.","222","45","224","148","48","8","10","60","","767"
"SE10d.3","2025","Time on remand","18+ years old","All people","Non-Indigenous people","All areas","Unsentenced people in prison custody at 30 June","Time on remand","Under 1 month","","","Number","","","ABS (unpublished) Prisoners in Australia","no.","692","347","423","315","234","58","19","34","","2117"
"SE10d.3","2025","Time on remand","18+ years old","All people","Non-Indigenous people","All areas","Unsentenced people in prison custody at 30 June","Time on remand","Between 1 and under 3 months","","","Number","","","ABS (unpublished) Prisoners in Australia","no.","933","601","720","394","279","56","21","39","","3039"
"SE10d.3","2025","Time on remand","18+ years old","All people","Non-Indigenous people","All areas","Unsentenced people in prison custody at 30 June","Time on remand","Between 3 and under 6 months","","","Number","","","ABS (unpublished) Prisoners in Australia","no.","702","460","587","381","199","42","21","43","","2439"
"SE10d.3","2025","Time on remand","18+ years old","All people","Non-Indigenous people","All areas","Unsentenced people in prison custody at 30 June","Time on remand","Between 6 and under 12 months","","","Number","","","ABS (unpublished) Prisoners in Australia","no.","681","352","690","301","153","22","17","38","","2246"
"SE10d.3","2025","Time on remand","18+ years old","All people","Non-Indigenous people","All areas","Unsentenced people in prison custody at 30 June","Time on remand","1 year and over","","","Number","","","ABS (unpublished) Prisoners in Australia","no.","671","317","500","261","180","31","18","24","","2006"
"SE10d.3","2025","Time on remand","18+ years old","All people","Aboriginal and Torres Strait Islander people","All areas","People in prison custody at 30 June","Total","","","","Number","","","ABS Prisoners in Australia","no.","4519","915","4486","3767","890","206","135","2505","","17432"
"SE10d.3","2025","Time on remand","18+ years old","All people","Non-Indigenous people","All areas","People in prison custody at 30 June","Total","","","","Number","","","ABS Prisoners in Australia","no.","8607","5476","6791","4709","2525","548","297","338","","29288"
"SE10d.3","2025","Time on remand","18+ years old","All people","Indigenous status not stated","All areas","People in prison custody at 30 June","Total","","","","Number","","","ABS Prisoners in Australia","no.","37","207","0","0","0","36","0","0","","278"
"SE10d.3","2024","Time on remand","18+ years old","All people","Aboriginal and Torres Strait Islander people","All areas","Unsentenced people in prison custody at 30 June","Time on remand","Under 1 month","","","Proportion","","","Derived from ABS (unpublished) Prisoners in Australia; ABS Prisoners in Australia","%","24.0","16.0","18.1","22.1","26.6","30.2","18.6","25.3","","22.3"
"SE10d.3","2024","Time on remand","18+ years old","All people","Aboriginal and Torres Strait Islander people","All areas","Unsentenced people in prison custody at 30 June","Time on remand","Between 1 and under 3 months","","","Proportion","","","Derived from ABS (unpublished) Prisoners in Australia; ABS Prisoners in Australia","%","30.3","26.5","28.3","28.7","28.2","26.7","27.1","27.0","","28.7"
"SE10d.3","2024","Time on remand","18+ years old","All people","Aboriginal and Torres Strait Islander people","All areas","Unsentenced people in prison custody at 30 June","Time on remand","Between 3 and under 6 months","","","Proportion","","","Derived from ABS (unpublished) Prisoners in Australia; ABS Prisoners in Australia","%","18.6","23.1","20.4","24.1","20.7","19.8","28.6","22.9","","21.4"
"SE10d.3","2024","Time on remand","18+ years old","All people","Aboriginal and Torres Strait Islander people","All areas","Unsentenced people in prison custody at 30 June","Time on remand","Between 6 and under 12 months","","","Proportion","","","Derived from ABS (unpublished) Prisoners in Australia; ABS Prisoners in Australia","%","15.6","16.0","20.2","15.6","13.7","14.0","12.9","16.8","","16.7"
"SE10d.3","2024","Time on remand","18+ years old","All people","Aboriginal and Torres Strait Islander people","All areas","Unsentenced people in prison custody at 30 June","Time on remand","1 year and over","","","Proportion","","","Derived from ABS (unpublished) Prisoners in Australia; ABS Prisoners in Australia","%","11.2","14.6","13.4","9.5","10.0","9.3","11.4","7.3","","10.9"
"SE10d.3","2024","Time on remand","18+ years old","All people","Non-Indigenous people","All areas","Unsentenced people in prison custody at 30 June","Time on remand","Under 1 month","","","Proportion","","","Derived from ABS (unpublished) Prisoners in Australia; ABS Prisoners in Australia","%","19.4","18.8","15.9","20.8","22.7","32.2","17.5","11.8","","19.2"
"SE10d.3","2024","Time on remand","18+ years old","All people","Non-Indigenous people","All areas","Unsentenced people in prison custody at 30 June","Time on remand","Between 1 and under 3 months","","","Proportion","","","Derived from ABS (unpublished) Prisoners in Australia; ABS Prisoners in Australia","%","27.8","26.5","25.5","24.8","28.9","32.2","23.8","26.4","","26.8"
"SE10d.3","2024","Time on remand","18+ years old","All people","Non-Indigenous people","All areas","Unsentenced people in prison custody at 30 June","Time on remand","Between 3 and under 6 months","","","Proportion","","","Derived from ABS (unpublished) Prisoners in Australia; ABS Prisoners in Australia","%","18.3","21.1","21.5","20.8","19.2","14.0","22.2","17.3","","19.8"
"SE10d.3","2024","Time on remand","18+ years old","All people","Non-Indigenous people","All areas","Unsentenced people in prison custody at 30 June","Time on remand","Between 6 and under 12 months","","","Proportion","","","Derived from ABS (unpublished) Prisoners in Australia; ABS Prisoners in Australia","%","17.8","16.7","21.0","19.3","13.6","10.7","27.0","27.3","","18.2"
"SE10d.3","2024","Time on remand","18+ years old","All people","Non-Indigenous people","All areas","Unsentenced people in prison custody at 30 June","Time on remand","1 year and over","","","Proportion","","","Derived from ABS (unpublished) Prisoners in Australia; ABS Prisoners in Australia","%","16.7","16.9","16.1","14.7","16.0","11.6","14.3","11.8","","16.1"
"SE10d.3","2024","Time on remand","18+ years old","All people","Aboriginal and Torres Strait Islander people","All areas","Unsentenced people in prison custody at 30 June","Time on remand","Under 1 month","","","Number","","","ABS (unpublished) Prisoners in Australia","no.","463","47","279","364","130","26","13","233","","1555"
"SE10d.3","2024","Time on remand","18+ years old","All people","Aboriginal and Torres Strait Islander people","All areas","Unsentenced people in prison custody at 30 June","Time on remand","Between 1 and under 3 months","","","Number","","","ABS (unpublished) Prisoners in Australia","no.","586","78","436","473","138","23","19","249","","2004"
"SE10d.3","2024","Time on remand","18+ years old","All people","Aboriginal and Torres Strait Islander people","All areas","Unsentenced people in prison custody at 30 June","Time on remand","Between 3 and under 6 months","","","Number","","","ABS (unpublished) Prisoners in Australia","no.","360","68","314","397","101","17","20","211","","1491"
"SE10d.3","2024","Time on remand","18+ years old","All people","Aboriginal and Torres Strait Islander people","All areas","Unsentenced people in prison custody at 30 June","Time on remand","Between 6 and under 12 months","","","Number","","","ABS (unpublished) Prisoners in Australia","no.","302","47","311","257","67","12","9","155","","1164"
"SE10d.3","2024","Time on remand","18+ years old","All people","Aboriginal and Torres Strait Islander people","All areas","Unsentenced people in prison custody at 30 June","Time on remand","1 year and over","","","Number","","","ABS (unpublished) Prisoners in Australia","no.","216","43","206","157","49","8","8","67","","759"
"SE10d.3","2024","Time on remand","18+ years old","All people","Non-Indigenous people","All areas","Unsentenced people in prison custody at 30 June","Time on remand","Under 1 month","","","Number","","","ABS (unpublished) Prisoners in Australia","no.","723","309","408","308","234","78","22","13","","2099"
"SE10d.3","2024","Time on remand","18+ years old","All people","Non-Indigenous people","All areas","Unsentenced people in prison custody at 30 June","Time on remand","Between 1 and under 3 months","","","Number","","","ABS (unpublished) Prisoners in Australia","no.","1040","436","654","368","297","78","30","29","","2929"
"SE10d.3","2024","Time on remand","18+ years old","All people","Non-Indigenous people","All areas","Unsentenced people in prison custody at 30 June","Time on remand","Between 3 and under 6 months","","","Number","","","ABS (unpublished) Prisoners in Australia","no.","683","347","552","309","198","34","28","19","","2162"
"SE10d.3","2024","Time on remand","18+ years old","All people","Non-Indigenous people","All areas","Unsentenced people in prison custody at 30 June","Time on remand","Between 6 and under 12 months","","","Number","","","ABS (unpublished) Prisoners in Australia","no.","666","274","538","286","140","26","34","30","","1987"
"SE10d.3","2024","Time on remand","18+ years old","All people","Non-Indigenous people","All areas","Unsentenced people in prison custody at 30 June","Time on remand","1 year and over","","","Number","","","ABS (unpublished) Prisoners in Australia","no.","622","278","413","218","165","28","18","13","","1763"
"SE10d.3","2024","Time on remand","18+ years old","All people","Aboriginal and Torres Strait Islander people","All areas","People in prison custody at 30 June","Total","","","","Number","","","ABS Prisoners in Australia","no.","4188","729","4243","3507","851","194","134","2023","","15871"
"SE10d.3","2024","Time on remand","18+ years old","All people","Non-Indigenous people","All areas","People in prison custody at 30 June","Total","","","","Number","","","ABS Prisoners in Australia","no.","8706","5015","6637","4303","2494","606","273","261","","28294"
"SE10d.3","2024","Time on remand","18+ years old","All people","Indigenous status not stated","All areas","People in prison custody at 30 June","Total","","","","Number","","","ABS Prisoners in Australia","no.","52","174","0","4","1","1","14","0","","238"
"SE10d.3","2023","Time on remand","18+ years old","All people","Aboriginal and Torres Strait Islander people","All areas","Unsentenced people in prison custody at 30 June","Time on remand","Under 1 month","","","Proportion","","","Derived from ABS (unpublished) Prisoners in Australia; ABS Prisoners in Australia","%","23.1","21.7","20.3","21.0","28.0","29.4","22.4","23.6","","22.3"
"SE10d.3","2023","Time on remand","18+ years old","All people","Aboriginal and Torres Strait Islander people","All areas","Unsentenced people in prison custody at 30 June","Time on remand","Between 1 and under 3 months","","","Proportion","","","Derived from ABS (unpublished) Prisoners in Australia; ABS Prisoners in Australia","%","24.2","27.8","26.8","27.8","26.0","21.2","30.6","31.2","","27.1"
"SE10d.3","2023","Time on remand","18+ years old","All people","Aboriginal and Torres Strait Islander people","All areas","Unsentenced people in prison custody at 30 June","Time on remand","Between 3 and under 6 months","","","Proportion","","","Derived from ABS (unpublished) Prisoners in Australia; ABS Prisoners in Australia","%","20.9","19.8","21.4","24.7","18.4","29.4","24.5","23.3","","22.1"
"SE10d.3","2023","Time on remand","18+ years old","All people","Aboriginal and Torres Strait Islander people","All areas","Unsentenced people in prison custody at 30 June","Time on remand","Between 6 and under 12 months","","","Proportion","","","Derived from ABS (unpublished) Prisoners in Australia; ABS Prisoners in Australia","%","19.0","18.0","20.2","16.8","13.5","12.9","14.3","15.3","","17.7"
"SE10d.3","2023","Time on remand","18+ years old","All people","Aboriginal and Torres Strait Islander people","All areas","Unsentenced people in prison custody at 30 June","Time on remand","1 year and over","","","Proportion","","","Derived from ABS (unpublished) Prisoners in Australia; ABS Prisoners in Australia","%","13.2","13.2","11.1","9.4","13.0","14.1","6.1","6.4","","10.8"
"SE10d.3","2023","Time on remand","18+ years old","All people","Non-Indigenous people","All areas","Unsentenced people in prison custody at 30 June","Time on remand","Under 1 month","","","Proportion","","","Derived from ABS (unpublished) Prisoners in Australia; ABS Prisoners in Australia","%","19.2","22.7","16.2","20.8","23.4","28.6","23.8","17.2","","20.1"
"SE10d.3","2023","Time on remand","18+ years old","All people","Non-Indigenous people","All areas","Unsentenced people in prison custody at 30 June","Time on remand","Between 1 and under 3 months","","","Proportion","","","Derived from ABS (unpublished) Prisoners in Australia; ABS Prisoners in Australia","%","22.0","25.0","22.9","21.0","24.7","27.2","27.9","27.3","","23.0"
"SE10d.3","2023","Time on remand","18+ years old","All people","Non-Indigenous people","All areas","Unsentenced people in prison custody at 30 June","Time on remand","Between 3 and under 6 months","","","Proportion","","","Derived from ABS (unpublished) Prisoners in Australia; ABS Prisoners in Australia","%","19.6","17.7","23.0","22.7","16.2","18.0","17.2","25.3","","20.1"
"SE10d.3","2023","Time on remand","18+ years old","All people","Non-Indigenous people","All areas","Unsentenced people in prison custody at 30 June","Time on remand","Between 6 and under 12 months","","","Proportion","","","Derived from ABS (unpublished) Prisoners in Australia; ABS Prisoners in Australia","%","20.9","15.6","22.1","18.4","15.1","14.1","19.7","11.1","","19.2"
"SE10d.3","2023","Time on remand","18+ years old","All people","Non-Indigenous people","All areas","Unsentenced people in prison custody at 30 June","Time on remand","1 year and over","","","Proportion","","","Derived from ABS (unpublished) Prisoners in Australia; ABS Prisoners in Australia","%","18.5","18.6","15.6","16.6","20.6","12.1","6.6","23.2","","17.6"
"SE10d.3","2023","Time on remand","18+ years old","All people","Aboriginal and Torres Strait Islander people","All areas","Unsentenced people in prison custody at 30 June","Time on remand","Under 1 month","","","Number","","","ABS (unpublished) Prisoners in Australia","no.","316","82","281","259","114","25","11","180","","1261"
"SE10d.3","2023","Time on remand","18+ years old","All people","Aboriginal and Torres Strait Islander people","All areas","Unsentenced people in prison custody at 30 June","Time on remand","Between 1 and under 3 months","","","Number","","","ABS (unpublished) Prisoners in Australia","no.","332","105","371","343","106","18","15","238","","1536"
"SE10d.3","2023","Time on remand","18+ years old","All people","Aboriginal and Torres Strait Islander people","All areas","Unsentenced people in prison custody at 30 June","Time on remand","Between 3 and under 6 months","","","Number","","","ABS (unpublished) Prisoners in Australia","no.","286","75","296","305","75","25","12","178","","1251"
"SE10d.3","2023","Time on remand","18+ years old","All people","Aboriginal and Torres Strait Islander people","All areas","Unsentenced people in prison custody at 30 June","Time on remand","Between 6 and under 12 months","","","Number","","","ABS (unpublished) Prisoners in Australia","no.","260","68","280","207","55","11","7","117","","1000"
"SE10d.3","2023","Time on remand","18+ years old","All people","Aboriginal and Torres Strait Islander people","All areas","Unsentenced people in prison custody at 30 June","Time on remand","1 year and over","","","Number","","","ABS (unpublished) Prisoners in Australia","no.","181","50","154","116","53","12","3","49","","613"
"SE10d.3","2023","Time on remand","18+ years old","All people","Non-Indigenous people","All areas","Unsentenced people in prison custody at 30 June","Time on remand","Under 1 month","","","Number","","","ABS (unpublished) Prisoners in Australia","no.","659","451","374","239","214","59","29","17","","2052"
"SE10d.3","2023","Time on remand","18+ years old","All people","Non-Indigenous people","All areas","Unsentenced people in prison custody at 30 June","Time on remand","Between 1 and under 3 months","","","Number","","","ABS (unpublished) Prisoners in Australia","no.","756","496","527","241","226","56","34","27","","2354"
"SE10d.3","2023","Time on remand","18+ years old","All people","Non-Indigenous people","All areas","Unsentenced people in prison custody at 30 June","Time on remand","Between 3 and under 6 months","","","Number","","","ABS (unpublished) Prisoners in Australia","no.","674","351","530","260","148","37","21","25","","2049"
"SE10d.3","2023","Time on remand","18+ years old","All people","Non-Indigenous people","All areas","Unsentenced people in prison custody at 30 June","Time on remand","Between 6 and under 12 months","","","Number","","","ABS (unpublished) Prisoners in Australia","no.","717","310","509","211","138","29","24","11","","1957"
"SE10d.3","2023","Time on remand","18+ years old","All people","Non-Indigenous people","All areas","Unsentenced people in prison custody at 30 June","Time on remand","1 year and over","","","Number","","","ABS (unpublished) Prisoners in Australia","no.","634","369","359","190","189","25","8","23","","1800"
"SE10d.3","2023","Time on remand","18+ years old","All people","Aboriginal and Torres Strait Islander people","All areas","People in prison custody at 30 June","Total","","","","Number","","","ABS Prisoners in Australia","no.","3510","812","3801","2867","726","169","102","1860","","13852"
"SE10d.3","2023","Time on remand","18+ years old","All people","Non-Indigenous people","All areas","People in prison custody at 30 June","Total","","","","Number","","","ABS Prisoners in Australia","no.","8788","5520","6424","3844","2272","580","268","241","","27942"
"SE10d.3","2023","Time on remand","18+ years old","All people","Indigenous status not stated","All areas","People in prison custody at 30 June","Total","","","","Number","","","ABS Prisoners in Australia","no.","19","109","0","0","0","0","5","0","","133"
"SE10d.3","2022","Time on remand","18+ years old","All people","Aboriginal and Torres Strait Islander people","All areas","Unsentenced people in prison custody at 30 June","Time on remand","Under 1 month","","","Proportion","","","Derived from ABS (unpublished) Prisoners in Australia; ABS Prisoners in Australia","%","21.0","24.0","19.8","24.4","24.1","20.3","38.5","23.2","","22.1"
"SE10d.3","2022","Time on remand","18+ years old","All people","Aboriginal and Torres Strait Islander people","All areas","Unsentenced people in prison custody at 30 June","Time on remand","Between 1 and under 3 months","","","Proportion","","","Derived from ABS (unpublished) Prisoners in Australia; ABS Prisoners in Australia","%","26.5","24.3","26.6","22.9","29.3","37.3","41.0","32.0","","26.7"
"SE10d.3","2022","Time on remand","18+ years old","All people","Aboriginal and Torres Strait Islander people","All areas","Unsentenced people in prison custody at 30 June","Time on remand","Between 3 and under 6 months","","","Proportion","","","Derived from ABS (unpublished) Prisoners in Australia; ABS Prisoners in Australia","%","20.3","21.1","23.8","21.6","22.7","16.9","0","22.3","","21.5"
"SE10d.3","2022","Time on remand","18+ years old","All people","Aboriginal and Torres Strait Islander people","All areas","Unsentenced people in prison custody at 30 June","Time on remand","Between 6 and under 12 months","","","Proportion","","","Derived from ABS (unpublished) Prisoners in Australia; ABS Prisoners in Australia","%","19.3","14.1","20.3","20.4","12.5","20.3","7.7","16.1","","18.4"
"SE10d.3","2022","Time on remand","18+ years old","All people","Aboriginal and Torres Strait Islander people","All areas","Unsentenced people in prison custody at 30 June","Time on remand","1 year and over","","","Proportion","","","Derived from ABS (unpublished) Prisoners in Australia; ABS Prisoners in Australia","%","13.0","17.0","9.9","11.4","13.2","8.5","10.3","6.1","","11.4"
"SE10d.3","2022","Time on remand","18+ years old","All people","Non-Indigenous people","All areas","Unsentenced people in prison custody at 30 June","Time on remand","Under 1 month","","","Proportion","","","Derived from ABS (unpublished) Prisoners in Australia; ABS Prisoners in Australia","%","19.3","22.3","19.9","20.8","21.3","31.8","27.6","18.6","","20.7"
"SE10d.3","2022","Time on remand","18+ years old","All people","Non-Indigenous people","All areas","Unsentenced people in prison custody at 30 June","Time on remand","Between 1 and under 3 months","","","Proportion","","","Derived from ABS (unpublished) Prisoners in Australia; ABS Prisoners in Australia","%","22.1","26.5","21.2","21.6","23.6","31.8","31.9","8.2","","23.3"
"SE10d.3","2022","Time on remand","18+ years old","All people","Non-Indigenous people","All areas","Unsentenced people in prison custody at 30 June","Time on remand","Between 3 and under 6 months","","","Proportion","","","Derived from ABS (unpublished) Prisoners in Australia; ABS Prisoners in Australia","%","18.4","19.6","20.7","20.4","14.3","13.9","23.3","27.8","","19.0"
"SE10d.3","2022","Time on remand","18+ years old","All people","Non-Indigenous people","All areas","Unsentenced people in prison custody at 30 June","Time on remand","Between 6 and under 12 months","","","Proportion","","","Derived from ABS (unpublished) Prisoners in Australia; ABS Prisoners in Australia","%","20.7","14.8","20.7","20.9","17.3","10.6","16.4","33.0","","18.7"
"SE10d.3","2022","Time on remand","18+ years old","All people","Non-Indigenous people","All areas","Unsentenced people in prison custody at 30 June","Time on remand","1 year and over","","","Proportion","","","Derived from ABS (unpublished) Prisoners in Australia; ABS Prisoners in Australia","%","19.3","16.9","17.9","17.6","22.7","7.3","2.6","13.4","","18.2"
"SE10d.3","2022","Time on remand","18+ years old","All people","Aboriginal and Torres Strait Islander people","All areas","Unsentenced people in prison custody at 30 June","Time on remand","Under 1 month","","","Number","","","ABS (unpublished) Prisoners in Australia","no.","308","82","232","218","106","12","15","137","","1106"
"SE10d.3","2022","Time on remand","18+ years old","All people","Aboriginal and Torres Strait Islander people","All areas","Unsentenced people in prison custody at 30 June","Time on remand","Between 1 and under 3 months","","","Number","","","ABS (unpublished) Prisoners in Australia","no.","390","83","311","205","129","22","16","189","","1336"
"SE10d.3","2022","Time on remand","18+ years old","All people","Aboriginal and Torres Strait Islander people","All areas","Unsentenced people in prison custody at 30 June","Time on remand","Between 3 and under 6 months","","","Number","","","ABS (unpublished) Prisoners in Australia","no.","299","72","278","193","100","10","0","132","","1074"
"SE10d.3","2022","Time on remand","18+ years old","All people","Aboriginal and Torres Strait Islander people","All areas","Unsentenced people in prison custody at 30 June","Time on remand","Between 6 and under 12 months","","","Number","","","ABS (unpublished) Prisoners in Australia","no.","283","48","238","183","55","12","3","95","","921"
"SE10d.3","2022","Time on remand","18+ years old","All people","Aboriginal and Torres Strait Islander people","All areas","Unsentenced people in prison custody at 30 June","Time on remand","1 year and over","","","Number","","","ABS (unpublished) Prisoners in Australia","no.","191","58","116","102","58","5","4","36","","571"
"SE10d.3","2022","Time on remand","18+ years old","All people","Non-Indigenous people","All areas","Unsentenced people in prison custody at 30 June","Time on remand","Under 1 month","","","Number","","","ABS (unpublished) Prisoners in Australia","no.","611","518","393","205","189","48","32","18","","2012"
"SE10d.3","2022","Time on remand","18+ years old","All people","Non-Indigenous people","All areas","Unsentenced people in prison custody at 30 June","Time on remand","Between 1 and under 3 months","","","Number","","","ABS (unpublished) Prisoners in Australia","no.","702","615","419","213","210","48","37","8","","2260"
"SE10d.3","2022","Time on remand","18+ years old","All people","Non-Indigenous people","All areas","Unsentenced people in prison custody at 30 June","Time on remand","Between 3 and under 6 months","","","Number","","","ABS (unpublished) Prisoners in Australia","no.","584","455","409","201","127","21","27","27","","1847"
"SE10d.3","2022","Time on remand","18+ years old","All people","Non-Indigenous people","All areas","Unsentenced people in prison custody at 30 June","Time on remand","Between 6 and under 12 months","","","Number","","","ABS (unpublished) Prisoners in Australia","no.","658","344","409","206","154","16","19","32","","1821"
"SE10d.3","2022","Time on remand","18+ years old","All people","Non-Indigenous people","All areas","Unsentenced people in prison custody at 30 June","Time on remand","1 year and over","","","Number","","","ABS (unpublished) Prisoners in Australia","no.","613","393","354","173","202","11","3","13","","1766"
"SE10d.3","2022","Time on remand","18+ years old","All people","Aboriginal and Torres Strait Islander people","All areas","People in prison custody at 30 June","Total","","","","Number","","","ABS Prisoners in Australia","no.","3606","695","3410","2521","743","143","96","1683","","12902"
"SE10d.3","2022","Time on remand","18+ years old","All people","Non-Indigenous people","All areas","People in prison custody at 30 June","Total","","","","Number","","","ABS Prisoners in Australia","no.","8754","5703","5962","3755","2251","489","280","247","","27446"
"SE10d.3","2022","Time on remand","18+ years old","All people","Indigenous status not stated","All areas","People in prison custody at 30 June","Total","","","","Number","","","ABS Prisoners in Australia","no.","13","166","0","0","61","0","3","0","","244"
"SE10d.3","2021","Time on remand","18+ years old","All people","Aboriginal and Torres Strait Islander people","All areas","Unsentenced people in prison custody at 30 June","Time on remand","Under 1 month","","","Proportion","","","Derived from ABS (unpublished) Prisoners in Australia; ABS Prisoners in Australia","%","22.8","24.4","20.9","20.1","27.4","26.2","35.1","25.8","","22.8"
"SE10d.3","2021","Time on remand","18+ years old","All people","Aboriginal and Torres Strait Islander people","All areas","Unsentenced people in prison custody at 30 June","Time on remand","Between 1 and under 3 months","","","Proportion","","","Derived from ABS (unpublished) Prisoners in Australia; ABS Prisoners in Australia","%","23.8","24.4","27.7","25.4","28.8","27.9","27.0","31.6","","26.4"
"SE10d.3","2021","Time on remand","18+ years old","All people","Aboriginal and Torres Strait Islander people","All areas","Unsentenced people in prison custody at 30 June","Time on remand","Between 3 and under 6 months","","","Proportion","","","Derived from ABS (unpublished) Prisoners in Australia; ABS Prisoners in Australia","%","22.7","23.9","21.0","23.0","20.7","19.7","29.7","23.0","","22.2"
"SE10d.3","2021","Time on remand","18+ years old","All people","Aboriginal and Torres Strait Islander people","All areas","Unsentenced people in prison custody at 30 June","Time on remand","Between 6 and under 12 months","","","Proportion","","","Derived from ABS (unpublished) Prisoners in Australia; ABS Prisoners in Australia","%","18.4","15.2","18.0","18.7","12.9","13.1","10.8","15.3","","17.2"
"SE10d.3","2021","Time on remand","18+ years old","All people","Aboriginal and Torres Strait Islander people","All areas","Unsentenced people in prison custody at 30 June","Time on remand","1 year and over","","","Proportion","","","Derived from ABS (unpublished) Prisoners in Australia; ABS Prisoners in Australia","%","12.8","12.6","12.3","12.4","11.2","11.5","0","4.9","","11.4"
"SE10d.3","2021","Time on remand","18+ years old","All people","Non-Indigenous people","All areas","Unsentenced people in prison custody at 30 June","Time on remand","Under 1 month","","","Proportion","","","Derived from ABS (unpublished) Prisoners in Australia; ABS Prisoners in Australia","%","21.8","21.6","16.1","20.5","24.7","30.6","32.2","17.4","","21.0"
"SE10d.3","2021","Time on remand","18+ years old","All people","Non-Indigenous people","All areas","Unsentenced people in prison custody at 30 June","Time on remand","Between 1 and under 3 months","","","Proportion","","","Derived from ABS (unpublished) Prisoners in Australia; ABS Prisoners in Australia","%","21.1","28.4","22.6","22.5","25.5","32.8","25.6","25.7","","24.1"
"SE10d.3","2021","Time on remand","18+ years old","All people","Non-Indigenous people","All areas","Unsentenced people in prison custody at 30 June","Time on remand","Between 3 and under 6 months","","","Proportion","","","Derived from ABS (unpublished) Prisoners in Australia; ABS Prisoners in Australia","%","19.4","20.8","21.9","22.8","19.0","16.4","21.1","24.8","","20.6"
"SE10d.3","2021","Time on remand","18+ years old","All people","Non-Indigenous people","All areas","Unsentenced people in prison custody at 30 June","Time on remand","Between 6 and under 12 months","","","Proportion","","","Derived from ABS (unpublished) Prisoners in Australia; ABS Prisoners in Australia","%","21.4","14.6","23.0","19.1","16.3","14.9","15.6","25.7","","19.1"
"SE10d.3","2021","Time on remand","18+ years old","All people","Non-Indigenous people","All areas","Unsentenced people in prison custody at 30 June","Time on remand","1 year and over","","","Proportion","","","Derived from ABS (unpublished) Prisoners in Australia; ABS Prisoners in Australia","%","16.1","14.3","16.7","14.9","14.2","10.4","4.4","6.4","","15.2"
"SE10d.3","2021","Time on remand","18+ years old","All people","Aboriginal and Torres Strait Islander people","All areas","Unsentenced people in prison custody at 30 June","Time on remand","Under 1 month","","","Number","","","ABS (unpublished) Prisoners in Australia","no.","297","95","225","182","115","16","13","137","","1077"
"SE10d.3","2021","Time on remand","18+ years old","All people","Aboriginal and Torres Strait Islander people","All areas","Unsentenced people in prison custody at 30 June","Time on remand","Between 1 and under 3 months","","","Number","","","ABS (unpublished) Prisoners in Australia","no.","310","95","298","230","121","17","10","168","","1249"
"SE10d.3","2021","Time on remand","18+ years old","All people","Aboriginal and Torres Strait Islander people","All areas","Unsentenced people in prison custody at 30 June","Time on remand","Between 3 and under 6 months","","","Number","","","ABS (unpublished) Prisoners in Australia","no.","295","93","226","208","87","12","11","122","","1048"
"SE10d.3","2021","Time on remand","18+ years old","All people","Aboriginal and Torres Strait Islander people","All areas","Unsentenced people in prison custody at 30 June","Time on remand","Between 6 and under 12 months","","","Number","","","ABS (unpublished) Prisoners in Australia","no.","240","59","194","169","54","8","4","81","","812"
"SE10d.3","2021","Time on remand","18+ years old","All people","Aboriginal and Torres Strait Islander people","All areas","Unsentenced people in prison custody at 30 June","Time on remand","1 year and over","","","Number","","","ABS (unpublished) Prisoners in Australia","no.","166","49","133","112","47","7","0","26","","537"
"SE10d.3","2021","Time on remand","18+ years old","All people","Non-Indigenous people","All areas","Unsentenced people in prison custody at 30 June","Time on remand","Under 1 month","","","Number","","","ABS (unpublished) Prisoners in Australia","no.","712","583","314","235","237","41","29","19","","2175"
"SE10d.3","2021","Time on remand","18+ years old","All people","Non-Indigenous people","All areas","Unsentenced people in prison custody at 30 June","Time on remand","Between 1 and under 3 months","","","Number","","","ABS (unpublished) Prisoners in Australia","no.","690","767","443","258","245","44","23","28","","2499"
"SE10d.3","2021","Time on remand","18+ years old","All people","Non-Indigenous people","All areas","Unsentenced people in prison custody at 30 June","Time on remand","Between 3 and under 6 months","","","Number","","","ABS (unpublished) Prisoners in Australia","no.","635","562","429","262","182","22","19","27","","2131"
"SE10d.3","2021","Time on remand","18+ years old","All people","Non-Indigenous people","All areas","Unsentenced people in prison custody at 30 June","Time on remand","Between 6 and under 12 months","","","Number","","","ABS (unpublished) Prisoners in Australia","no.","701","393","449","220","156","20","14","28","","1976"
"SE10d.3","2021","Time on remand","18+ years old","All people","Non-Indigenous people","All areas","Unsentenced people in prison custody at 30 June","Time on remand","1 year and over","","","Number","","","ABS (unpublished) Prisoners in Australia","no.","527","385","326","171","136","14","4","7","","1572"
"SE10d.3","2021","Time on remand","18+ years old","All people","Aboriginal and Torres Strait Islander people","All areas","People in prison custody at 30 June","Total","","","","Number","","","ABS Prisoners in Australia","no.","3597","768","3479","2664","744","152","98","1540","","13039"
"SE10d.3","2021","Time on remand","18+ years old","All people","Non-Indigenous people","All areas","People in prison custody at 30 June","Total","","","","Number","","","ABS Prisoners in Australia","no.","9515","6318","6480","4051","2364","491","273","259","","29760"
"SE10d.3","2021","Time on remand","18+ years old","All people","Indigenous status not stated","All areas","People in prison custody at 30 June","Total","","","","Number","","","ABS Prisoners in Australia","no.","14","160","0","0","0","0","0","0","","166"
"SE10d.3","2020","Time on remand","18+ years old","All people","Aboriginal and Torres Strait Islander people","All areas","Unsentenced people in prison custody at 30 June","Time on remand","Under 1 month","","","Proportion","","","Derived from ABS (unpublished) Prisoners in Australia; ABS Prisoners in Australia","%","24.2","24.8","16.9","16.2","26.2","23.9","15.6","33.8","","21.9"
"SE10d.3","2020","Time on remand","18+ years old","All people","Aboriginal and Torres Strait Islander people","All areas","Unsentenced people in prison custody at 30 June","Time on remand","Between 1 and under 3 months","","","Proportion","","","Derived from ABS (unpublished) Prisoners in Australia; ABS Prisoners in Australia","%","27.3","25.1","27.2","25.8","29.4","43.5","44.4","31.8","","27.8"
"SE10d.3","2020","Time on remand","18+ years old","All people","Aboriginal and Torres Strait Islander people","All areas","Unsentenced people in prison custody at 30 June","Time on remand","Between 3 and under 6 months","","","Proportion","","","Derived from ABS (unpublished) Prisoners in Australia; ABS Prisoners in Australia","%","18.2","18.6","25.5","23.6","21.4","21.7","11.1","23.8","","21.9"
"SE10d.3","2020","Time on remand","18+ years old","All people","Aboriginal and Torres Strait Islander people","All areas","Unsentenced people in prison custody at 30 June","Time on remand","Between 6 and under 12 months","","","Proportion","","","Derived from ABS (unpublished) Prisoners in Australia; ABS Prisoners in Australia","%","18.7","17.4","20.1","21.3","12.3","17.4","15.6","7.5","","17.8"
"SE10d.3","2020","Time on remand","18+ years old","All people","Aboriginal and Torres Strait Islander people","All areas","Unsentenced people in prison custody at 30 June","Time on remand","1 year and over","","","Proportion","","","Derived from ABS (unpublished) Prisoners in Australia; ABS Prisoners in Australia","%","11.4","13.2","10.3","12.3","10.2","6.5","6.7","2.8","","10.5"
"SE10d.3","2020","Time on remand","18+ years old","All people","Non-Indigenous people","All areas","Unsentenced people in prison custody at 30 June","Time on remand","Under 1 month","","","Proportion","","","Derived from ABS (unpublished) Prisoners in Australia; ABS Prisoners in Australia","%","22.7","24.5","15.8","15.6","26.8","32.7","19.7","17.1","","21.6"
"SE10d.3","2020","Time on remand","18+ years old","All people","Non-Indigenous people","All areas","Unsentenced people in prison custody at 30 June","Time on remand","Between 1 and under 3 months","","","Proportion","","","Derived from ABS (unpublished) Prisoners in Australia; ABS Prisoners in Australia","%","22.4","25.6","22.3","25.0","27.6","30.1","37.7","20.7","","24.3"
"SE10d.3","2020","Time on remand","18+ years old","All people","Non-Indigenous people","All areas","Unsentenced people in prison custody at 30 June","Time on remand","Between 3 and under 6 months","","","Proportion","","","Derived from ABS (unpublished) Prisoners in Australia; ABS Prisoners in Australia","%","17.3","16.5","22.0","21.1","20.3","12.4","26.2","26.8","","19.0"
"SE10d.3","2020","Time on remand","18+ years old","All people","Non-Indigenous people","All areas","Unsentenced people in prison custody at 30 June","Time on remand","Between 6 and under 12 months","","","Proportion","","","Derived from ABS (unpublished) Prisoners in Australia; ABS Prisoners in Australia","%","20.9","18.0","23.4","21.2","15.8","13.1","11.5","22.0","","19.9"
"SE10d.3","2020","Time on remand","18+ years old","All people","Non-Indigenous people","All areas","Unsentenced people in prison custody at 30 June","Time on remand","1 year and over","","","Proportion","","","Derived from ABS (unpublished) Prisoners in Australia; ABS Prisoners in Australia","%","16.8","15.5","16.3","16.5","10.6","6.5","4.9","8.5","","15.4"
"SE10d.3","2020","Time on remand","18+ years old","All people","Aboriginal and Torres Strait Islander people","All areas","Unsentenced people in prison custody at 30 June","Time on remand","Under 1 month","","","Number","","","ABS (unpublished) Prisoners in Australia","no.","277","77","156","133","98","11","7","135","","894"
"SE10d.3","2020","Time on remand","18+ years old","All people","Aboriginal and Torres Strait Islander people","All areas","Unsentenced people in prison custody at 30 June","Time on remand","Between 1 and under 3 months","","","Number","","","ABS (unpublished) Prisoners in Australia","no.","312","78","251","212","110","20","20","127","","1133"
"SE10d.3","2020","Time on remand","18+ years old","All people","Aboriginal and Torres Strait Islander people","All areas","Unsentenced people in prison custody at 30 June","Time on remand","Between 3 and under 6 months","","","Number","","","ABS (unpublished) Prisoners in Australia","no.","208","58","236","194","80","10","5","95","","891"
"SE10d.3","2020","Time on remand","18+ years old","All people","Aboriginal and Torres Strait Islander people","All areas","Unsentenced people in prison custody at 30 June","Time on remand","Between 6 and under 12 months","","","Number","","","ABS (unpublished) Prisoners in Australia","no.","214","54","186","175","46","8","7","30","","726"
"SE10d.3","2020","Time on remand","18+ years old","All people","Aboriginal and Torres Strait Islander people","All areas","Unsentenced people in prison custody at 30 June","Time on remand","1 year and over","","","Number","","","ABS (unpublished) Prisoners in Australia","no.","130","41","95","101","38","3","3","11","","429"
"SE10d.3","2020","Time on remand","18+ years old","All people","Non-Indigenous people","All areas","Unsentenced people in prison custody at 30 June","Time on remand","Under 1 month","","","Number","","","ABS (unpublished) Prisoners in Australia","no.","679","522","255","160","233","50","24","14","","1938"
"SE10d.3","2020","Time on remand","18+ years old","All people","Non-Indigenous people","All areas","Unsentenced people in prison custody at 30 June","Time on remand","Between 1 and under 3 months","","","Number","","","ABS (unpublished) Prisoners in Australia","no.","671","544","360","257","240","46","46","17","","2179"
"SE10d.3","2020","Time on remand","18+ years old","All people","Non-Indigenous people","All areas","Unsentenced people in prison custody at 30 June","Time on remand","Between 3 and under 6 months","","","Number","","","ABS (unpublished) Prisoners in Australia","no.","519","351","355","216","177","19","32","22","","1703"
"SE10d.3","2020","Time on remand","18+ years old","All people","Non-Indigenous people","All areas","Unsentenced people in prison custody at 30 June","Time on remand","Between 6 and under 12 months","","","Number","","","ABS (unpublished) Prisoners in Australia","no.","625","384","377","217","138","20","14","18","","1784"
"SE10d.3","2020","Time on remand","18+ years old","All people","Non-Indigenous people","All areas","Unsentenced people in prison custody at 30 June","Time on remand","1 year and over","","","Number","","","ABS (unpublished) Prisoners in Australia","no.","503","329","263","169","92","10","6","7","","1378"
"SE10d.3","2020","Time on remand","18+ years old","All people","Aboriginal and Torres Strait Islander people","All areas","People in prison custody at 30 June","Total","","","","Number","","","ABS Prisoners in Australia","no.","3335","722","3038","2666","701","145","116","1371","","12092"
"SE10d.3","2020","Time on remand","18+ years old","All people","Non-Indigenous people","All areas","People in prison custody at 30 June","Total","","","","Number","","","ABS Prisoners in Australia","no.","9384","6350","5617","4105","2286","526","331","264","","28872"
"SE10d.3","2020","Time on remand","18+ years old","All people","Indigenous status not stated","All areas","People in prison custody at 30 June","Total","","","","Number","","","ABS Prisoners in Australia","no.","11","80","0","0","0","0","0","0","","92"
"SE10d.3","2019","Time on remand","18+ years old","All people","Aboriginal and Torres Strait Islander people","All areas","Unsentenced people in prison custody at 30 June","Time on remand","Under 1 month","","","Proportion","","","Derived from ABS (unpublished) Prisoners in Australia; ABS Prisoners in Australia","%","26.3","28.0","21.2","19.3","30.5","38.5","18.6","31.9","","24.8"
"SE10d.3","2019","Time on remand","18+ years old","All people","Aboriginal and Torres Strait Islander people","All areas","Unsentenced people in prison custody at 30 June","Time on remand","Between 1 and under 3 months","","","Proportion","","","Derived from ABS (unpublished) Prisoners in Australia; ABS Prisoners in Australia","%","26.9","35.0","27.3","26.5","32.9","32.7","37.2","33.3","","28.8"
"SE10d.3","2019","Time on remand","18+ years old","All people","Aboriginal and Torres Strait Islander people","All areas","Unsentenced people in prison custody at 30 June","Time on remand","Between 3 and under 6 months","","","Proportion","","","Derived from ABS (unpublished) Prisoners in Australia; ABS Prisoners in Australia","%","20.8","21.5","21.3","23.2","22.2","9.6","27.9","22.6","","21.5"
"SE10d.3","2019","Time on remand","18+ years old","All people","Aboriginal and Torres Strait Islander people","All areas","Unsentenced people in prison custody at 30 June","Time on remand","Between 6 and under 12 months","","","Proportion","","","Derived from ABS (unpublished) Prisoners in Australia; ABS Prisoners in Australia","%","16.3","12.5","19.9","22.4","9.2","7.7","20.9","10.0","","16.6"
"SE10d.3","2019","Time on remand","18+ years old","All people","Aboriginal and Torres Strait Islander people","All areas","Unsentenced people in prison custody at 30 June","Time on remand","1 year and over","","","Proportion","","","Derived from ABS (unpublished) Prisoners in Australia; ABS Prisoners in Australia","%","9.5","6.8","10.4","9.2","4.0","0","0","2.6","","8.2"
"SE10d.3","2019","Time on remand","18+ years old","All people","Non-Indigenous people","All areas","Unsentenced people in prison custody at 30 June","Time on remand","Under 1 month","","","Proportion","","","Derived from ABS (unpublished) Prisoners in Australia; ABS Prisoners in Australia","%","20.0","22.9","16.6","21.4","26.4","36.3","21.1","18.9","","21.0"
"SE10d.3","2019","Time on remand","18+ years old","All people","Non-Indigenous people","All areas","Unsentenced people in prison custody at 30 June","Time on remand","Between 1 and under 3 months","","","Proportion","","","Derived from ABS (unpublished) Prisoners in Australia; ABS Prisoners in Australia","%","22.6","30.1","24.2","24.3","30.7","27.9","36.6","27.4","","25.9"
"SE10d.3","2019","Time on remand","18+ years old","All people","Non-Indigenous people","All areas","Unsentenced people in prison custody at 30 June","Time on remand","Between 3 and under 6 months","","","Proportion","","","Derived from ABS (unpublished) Prisoners in Australia; ABS Prisoners in Australia","%","18.7","20.0","21.6","21.5","18.9","18.4","17.6","17.9","","19.8"
"SE10d.3","2019","Time on remand","18+ years old","All people","Non-Indigenous people","All areas","Unsentenced people in prison custody at 30 June","Time on remand","Between 6 and under 12 months","","","Proportion","","","Derived from ABS (unpublished) Prisoners in Australia; ABS Prisoners in Australia","%","19.7","15.9","21.2","21.9","14.1","10.6","16.9","21.1","","18.6"
"SE10d.3","2019","Time on remand","18+ years old","All people","Non-Indigenous people","All areas","Unsentenced people in prison custody at 30 June","Time on remand","1 year and over","","","Proportion","","","Derived from ABS (unpublished) Prisoners in Australia; ABS Prisoners in Australia","%","19.2","11.3","16.5","11.7","9.7","7.3","3.5","12.6","","14.6"
"SE10d.3","2019","Time on remand","18+ years old","All people","Aboriginal and Torres Strait Islander people","All areas","Unsentenced people in prison custody at 30 June","Time on remand","Under 1 month","","","Number","","","ABS (unpublished) Prisoners in Australia","no.","303","112","190","159","99","20","8","137","","1024"
"SE10d.3","2019","Time on remand","18+ years old","All people","Aboriginal and Torres Strait Islander people","All areas","Unsentenced people in prison custody at 30 June","Time on remand","Between 1 and under 3 months","","","Number","","","ABS (unpublished) Prisoners in Australia","no.","310","140","245","218","107","17","16","143","","1189"
"SE10d.3","2019","Time on remand","18+ years old","All people","Aboriginal and Torres Strait Islander people","All areas","Unsentenced people in prison custody at 30 June","Time on remand","Between 3 and under 6 months","","","Number","","","ABS (unpublished) Prisoners in Australia","no.","240","86","191","191","72","5","12","97","","888"
"SE10d.3","2019","Time on remand","18+ years old","All people","Aboriginal and Torres Strait Islander people","All areas","Unsentenced people in prison custody at 30 June","Time on remand","Between 6 and under 12 months","","","Number","","","ABS (unpublished) Prisoners in Australia","no.","188","50","179","184","30","4","9","43","","685"
"SE10d.3","2019","Time on remand","18+ years old","All people","Aboriginal and Torres Strait Islander people","All areas","Unsentenced people in prison custody at 30 June","Time on remand","1 year and over","","","Number","","","ABS (unpublished) Prisoners in Australia","no.","110","27","93","76","13","0","0","11","","338"
"SE10d.3","2019","Time on remand","18+ years old","All people","Non-Indigenous people","All areas","Unsentenced people in prison custody at 30 June","Time on remand","Under 1 month","","","Number","","","ABS (unpublished) Prisoners in Australia","no.","674","588","301","241","202","65","30","18","","2114"
"SE10d.3","2019","Time on remand","18+ years old","All people","Non-Indigenous people","All areas","Unsentenced people in prison custody at 30 June","Time on remand","Between 1 and under 3 months","","","Number","","","ABS (unpublished) Prisoners in Australia","no.","762","772","439","274","235","50","52","26","","2605"
"SE10d.3","2019","Time on remand","18+ years old","All people","Non-Indigenous people","All areas","Unsentenced people in prison custody at 30 June","Time on remand","Between 3 and under 6 months","","","Number","","","ABS (unpublished) Prisoners in Australia","no.","631","514","392","242","145","33","25","17","","1997"
"SE10d.3","2019","Time on remand","18+ years old","All people","Non-Indigenous people","All areas","Unsentenced people in prison custody at 30 June","Time on remand","Between 6 and under 12 months","","","Number","","","ABS (unpublished) Prisoners in Australia","no.","663","407","385","247","108","19","24","20","","1877"
"SE10d.3","2019","Time on remand","18+ years old","All people","Non-Indigenous people","All areas","Unsentenced people in prison custody at 30 June","Time on remand","1 year and over","","","Number","","","ABS (unpublished) Prisoners in Australia","no.","647","290","299","132","74","13","5","12","","1472"
"SE10d.3","2019","Time on remand","18+ years old","All people","Aboriginal and Torres Strait Islander people","All areas","People in prison custody at 30 June","Total","","","","Number","","","ABS Prisoners in Australia","no.","3434","840","2873","2680","681","140","104","1443","","12195"
"SE10d.3","2019","Time on remand","18+ years old","All people","Non-Indigenous people","All areas","People in prison custody at 30 June","Total","","","","Number","","","ABS Prisoners in Australia","no.","10011","7248","5903","4255","2178","553","362","294","","30805"
"SE10d.3","2019","Time on remand","18+ years old","All people","Indigenous status not stated","All areas","People in prison custody at 30 June","Total","","","","Number","","","ABS Prisoners in Australia","no.","11","11","0","0","0","0","7","0","","35"
"SE10g.1","2022","People entering prison who have a mental health condition","18+ years old","All people","Aboriginal and Torres Strait Islander people","All areas","Prison entrants who have been told by a health professional that they had a mental health or behavioural disorder (including alcohol and other drug use disorders)","","","","","Proportion of prison entrants","","","AIHW The Health of People in Australia's Prisons","%","np","np","np","np","np","np","np","np","","42.6"
"SE10g.1","2022","People entering prison who have a mental health condition","18+ years old","All people","Non-Indigenous people","All areas","Prison entrants who have been told by a health professional that they had a mental health or behavioural disorder (including alcohol and other drug use disorders)","","","","","Proportion of prison entrants","","","AIHW The Health of People in Australia's Prisons","%","np","np","np","np","np","np","np","np","","59.8"
"SE10g.1","2022","People entering prison who have a mental health condition","18+ years old","All people","All people","All areas","Prison entrants who have been told by a health professional that they had a mental health or behavioural disorder (including alcohol and other drug use disorders)","","","","","Proportion of prison entrants","","","AIHW The Health of People in Australia's Prisons","%","70.6","na","50.0","33.3","33.3","83.3","70.0","14.5","","51.2"
"SE10g.1","2022","People entering prison who have a mental health condition","18+ years old","All people","Aboriginal and Torres Strait Islander people","All areas","Prison entrants who have been told by a health professional that they had a mental health or behavioural disorder (including alcohol and other drug use disorders)","","","","","Number","","","AIHW The Health of People in Australia's Prisons","no.","np","np","np","np","np","np","np","np","","78"
"SE10g.1","2022","People entering prison who have a mental health condition","18+ years old","All people","Non-Indigenous people","All areas","Prison entrants who have been told by a health professional that they had a mental health or behavioural disorder (including alcohol and other drug use disorders)","","","","","Number","","","AIHW The Health of People in Australia's Prisons","no.","np","np","np","np","np","np","np","np","","110"
"SE10g.1","2022","People entering prison who have a mental health condition","18+ years old","All people","All people","All areas","Prison entrants who have been told by a health professional that they had a mental health or behavioural disorder (including alcohol and other drug use disorders)","","","","","Number","","","AIHW The Health of People in Australia's Prisons","no.","113","na","35","10","11","5","7","9","","190"
"SE10g.1","2022","People entering prison who have a mental health condition","18+ years old","All people","Aboriginal and Torres Strait Islander people","All areas","People entering prison who participated in the data collection","","","","","Number","","","AIHW The Health of People in Australia's Prisons","no.","62","na","21","22","16","3","3","56","","183"
"SE10g.1","2022","People entering prison who have a mental health condition","18+ years old","All people","Non-Indigenous people","All areas","People entering prison who participated in the data collection","","","","","Number","","","AIHW The Health of People in Australia's Prisons","no.","97","na","48","8","16","2","7","6","","184"
"SE10g.1","2022","People entering prison who have a mental health condition","18+ years old","All people","Indigenous status not stated","All areas","People entering prison who participated in the data collection","","","","","Number","","","AIHW The Health of People in Australia's Prisons","no.","1","na","1","0","1","1","0","0","","4"
"SE10g.1","2022","People entering prison who have a mental health condition","18+ years old","All people","All people","All areas","People entering prison who participated in the data collection","","","","","Number","","","AIHW The Health of People in Australia's Prisons","no.","160","na","70","30","33","6","10","62","","371"
"SE10g.1","2018","People entering prison who have a mental health condition","18+ years old","All people","Aboriginal and Torres Strait Islander people","All areas","Prison entrants who have been told by a health professional that they had a mental health or behavioural disorder (including alcohol and other drug use disorders)","","","","","Proportion of prison entrants","","","AIHW The health of Australia's prisoners","%","np","np","np","np","np","np","np","np","","32.8"
"SE10g.1","2018","People entering prison who have a mental health condition","18+ years old","All people","Non-Indigenous people","All areas","Prison entrants who have been told by a health professional that they had a mental health or behavioural disorder (including alcohol and other drug use disorders)","","","","","Proportion of prison entrants","","","AIHW The health of Australia's prisoners","%","np","np","np","np","np","np","np","np","","43.9"
"SE10g.1","2018","People entering prison who have a mental health condition","18+ years old","All people","All people","All areas","Prison entrants who have been told by a health professional that they had a mental health or behavioural disorder (including alcohol and other drug use disorders)","","","","","Proportion of prison entrants","","","AIHW The health of Australia's prisoners","%","na","60.7","38.8","25.2","47.4","66.7","57.1","12.0","","39.7"
"SE10g.1","2018","People entering prison who have a mental health condition","18+ years old","All people","Aboriginal and Torres Strait Islander people","All areas","Prison entrants who have been told by a health professional that they had a mental health or behavioural disorder (including alcohol and other drug use disorders)","","","","","Number","","","AIHW The health of Australia's prisoners","no.","np","np","np","np","np","np","np","np","","101"
"SE10g.1","2018","People entering prison who have a mental health condition","18+ years old","All people","Non-Indigenous people","All areas","Prison entrants who have been told by a health professional that they had a mental health or behavioural disorder (including alcohol and other drug use disorders)","","","","","Number","","","AIHW The health of Australia's prisoners","no.","np","np","np","np","np","np","np","np","","211"
"SE10g.1","2018","People entering prison who have a mental health condition","18+ years old","All people","All people","All areas","Prison entrants who have been told by a health professional that they had a mental health or behavioural disorder (including alcohol and other drug use disorders)","","","","","Number","","","AIHW The health of Australia's prisoners","no.","na","54","93","53","65","28","20","6","","319"
"SE10g.1","2018","People entering prison who have a mental health condition","18+ years old","All people","Aboriginal and Torres Strait Islander people","All areas","People entering prison who participated in the data collection","","","","","Number","","","AIHW The health of Australia's prisoners","no.","na","6","102","88","47","7","9","49","","308"
"SE10g.1","2018","People entering prison who have a mental health condition","18+ years old","All people","Non-Indigenous people","All areas","People entering prison who participated in the data collection","","","","","Number","","","AIHW The health of Australia's prisoners","no.","na","80","135","121","86","33","25","1","","481"
"SE10g.1","2018","People entering prison who have a mental health condition","18+ years old","All people","Indigenous status not stated","All areas","People entering prison who participated in the data collection","","","","","Number","","","AIHW The health of Australia's prisoners","no.","na","3","3","1","4","2","1","0","","14"
"SE10g.1","2018","People entering prison who have a mental health condition","18+ years old","All people","All people","All areas","People entering prison who participated in the data collection","","","","","Number","","","AIHW The health of Australia's prisoners","no.","na","89","240","210","137","42","35","50","","803"
"SE10g.2","2022","People entering prison who have used illicit substances","18+ years old","All people","Aboriginal and Torres Strait Islander people","All areas","Prison entrants who had used an illicit drug in the previous 12 months","","","","","Proportion of prison entrants","","","AIHW The Health of People in Australia's Prisons","%","np","np","np","np","np","np","np","np","","71.0"
"SE10g.2","2022","People entering prison who have used illicit substances","18+ years old","All people","Non-Indigenous people","All areas","Prison entrants who had used an illicit drug in the previous 12 months","","","","","Proportion of prison entrants","","","AIHW The Health of People in Australia's Prisons","%","np","np","np","np","np","np","np","np","","75.0"
"SE10g.2","2022","People entering prison who have used illicit substances","18+ years old","All people","All people","All areas","Prison entrants who had used an illicit drug in the previous 12 months","","","","","Proportion of prison entrants","","","AIHW The Health of People in Australia's Prisons","%","74.4","na","75.7","76.7","78.8","100.0","90.0","56.5","","73.0"
"SE10g.2","2022","People entering prison who have used illicit substances","18+ years old","All people","Aboriginal and Torres Strait Islander people","All areas","Prison entrants who had used an illicit drug in the previous 12 months","","","","","Number","","","AIHW The Health of People in Australia's Prisons","no.","np","np","np","np","np","np","np","np","","130"
"SE10g.2","2022","People entering prison who have used illicit substances","18+ years old","All people","Non-Indigenous people","All areas","Prison entrants who had used an illicit drug in the previous 12 months","","","","","Number","","","AIHW The Health of People in Australia's Prisons","no.","np","np","np","np","np","np","np","np","","138"
"SE10g.2","2022","People entering prison who have used illicit substances","18+ years old","All people","All people","All areas","Prison entrants who had used an illicit drug in the previous 12 months","","","","","Number","","","AIHW The Health of People in Australia's Prisons","no.","119","na","53","23","26","6","9","35","","271"
"SE10g.2","2022","People entering prison who have used illicit substances","18+ years old","All people","Aboriginal and Torres Strait Islander people","All areas","People entering prison who participated in the data collection","","","","","Number","","","AIHW The Health of People in Australia's Prisons","no.","62","na","21","22","16","3","3","56","","183"
"SE10g.2","2022","People entering prison who have used illicit substances","18+ years old","All people","Non-Indigenous people","All areas","People entering prison who participated in the data collection","","","","","Number","","","AIHW The Health of People in Australia's Prisons","no.","97","na","48","8","16","2","7","6","","184"
"SE10g.2","2022","People entering prison who have used illicit substances","18+ years old","All people","Indigenous status not stated","All areas","People entering prison who participated in the data collection","","","","","Number","","","AIHW The Health of People in Australia's Prisons","no.","1","na","1","0","1","1","0","0","","4"
"SE10g.2","2022","People entering prison who have used illicit substances","18+ years old","All people","All people","All areas","People entering prison who participated in the data collection","","","","","Number","","","AIHW The Health of People in Australia's Prisons","no.","160","na","70","30","33","6","10","62","","371"
"SE10g.2","2018","People entering prison who have used illicit substances","18+ years old","All people","Aboriginal and Torres Strait Islander people","All areas","Prison entrants who had used an illicit drug in the previous 12 months","","","","","Proportion of prison entrants","","","AIHW The health of Australia's prisoners","%","np","np","np","np","np","np","np","np","","63.3"
"SE10g.2","2018","People entering prison who have used illicit substances","18+ years old","All people","Non-Indigenous people","All areas","Prison entrants who had used an illicit drug in the previous 12 months","","","","","Proportion of prison entrants","","","AIHW The health of Australia's prisoners","%","np","np","np","np","np","np","np","np","","65.9"
"SE10g.2","2018","People entering prison who have used illicit substances","18+ years old","All people","All people","All areas","Prison entrants who had used an illicit drug in the previous 12 months","","","","","Proportion of prison entrants","","","AIHW The health of Australia's prisoners","%","na","83.1","61.7","63.8","58.4","85.7","88.6","40.0","","65.1"
"SE10g.2","2018","People entering prison who have used illicit substances","18+ years old","All people","Aboriginal and Torres Strait Islander people","All areas","Prison entrants who had used an illicit drug in the previous 12 months","","","","","Number","","","AIHW The health of Australia's prisoners","no.","np","np","np","np","np","np","np","np","","195"
"SE10g.2","2018","People entering prison who have used illicit substances","18+ years old","All people","Non-Indigenous people","All areas","Prison entrants who had used an illicit drug in the previous 12 months","","","","","Number","","","AIHW The health of Australia's prisoners","no.","np","np","np","np","np","np","np","np","","317"
"SE10g.2","2018","People entering prison who have used illicit substances","18+ years old","All people","All people","All areas","Prison entrants who had used an illicit drug in the previous 12 months","","","","","Number","","","AIHW The health of Australia's prisoners","no.","na","74","148","134","80","36","31","20","","523"
"SE10g.2","2018","People entering prison who have used illicit substances","18+ years old","All people","Aboriginal and Torres Strait Islander people","All areas","People entering prison who participated in the data collection","","","","","Number","","","AIHW The health of Australia's prisoners","no.","na","6","102","88","47","7","9","49","","308"
"SE10g.2","2018","People entering prison who have used illicit substances","18+ years old","All people","Non-Indigenous people","All areas","People entering prison who participated in the data collection","","","","","Number","","","AIHW The health of Australia's prisoners","no.","na","80","135","121","86","33","25","1","","481"
"SE10g.2","2018","People entering prison who have used illicit substances","18+ years old","All people","Indigenous status not stated","All areas","People entering prison who participated in the data collection","","","","","Number","","","AIHW The health of Australia's prisoners","no.","na","3","3","1","4","2","1","0","","14"
"SE10g.2","2018","People entering prison who have used illicit substances","18+ years old","All people","All people","All areas","People entering prison who participated in the data collection","","","","","Number","","","AIHW The health of Australia's prisoners","no.","na","89","240","210","137","42","35","50","","803"
"SE10g.3","2022","People entering prison with a family history of incarceration","18+ years old","All people","Aboriginal and Torres Strait Islander people","All areas","Prison entrants who had at least one parent/carer in prison during their childhood","","","","","Proportion of prison entrants","","","AIHW The Health of People in Australia's Prisons","%","np","np","np","np","np","np","np","np","","27.9"
"SE10g.3","2022","People entering prison with a family history of incarceration","18+ years old","All people","Non-Indigenous people","All areas","Prison entrants who had at least one parent/carer in prison during their childhood","","","","","Proportion of prison entrants","","","AIHW The Health of People in Australia's Prisons","%","np","np","np","np","np","np","np","np","","12.5"
"SE10g.3","2022","People entering prison with a family history of incarceration","18+ years old","All people","All people","All areas","Prison entrants who had at least one parent/carer in prison during their childhood","","","","","Proportion of prison entrants","","","AIHW The Health of People in Australia's Prisons","%","18.8","na","21.4","43.3","27.3","33.3","10.0","38.7","","25.3"
"SE10g.3","2022","People entering prison with a family history of incarceration","18+ years old","All people","Aboriginal and Torres Strait Islander people","All areas","Prison entrants who had at least one parent/carer in prison during their childhood","","","","","Number","","","AIHW The Health of People in Australia's Prisons","no.","np","np","np","np","np","np","np","np","","51"
"SE10g.3","2022","People entering prison with a family history of incarceration","18+ years old","All people","Non-Indigenous people","All areas","Prison entrants who had at least one parent/carer in prison during their childhood","","","","","Number","","","AIHW The Health of People in Australia's Prisons","no.","np","np","np","np","np","np","np","np","","23"
"SE10g.3","2022","People entering prison with a family history of incarceration","18+ years old","All people","All people","All areas","Prison entrants who had at least one parent/carer in prison during their childhood","","","","","Number","","","AIHW The Health of People in Australia's Prisons","no.","30","na","15","13","9","2","1","24","","94"
"SE10g.3","2022","People entering prison with a family history of incarceration","18+ years old","All people","Aboriginal and Torres Strait Islander people","All areas","People entering prison who participated in the data collection","","","","","Number","","","AIHW The Health of People in Australia's Prisons","no.","62","na","21","22","16","3","3","56","","183"
"SE10g.3","2022","People entering prison with a family history of incarceration","18+ years old","All people","Non-Indigenous people","All areas","People entering prison who participated in the data collection","","","","","Number","","","AIHW The Health of People in Australia's Prisons","no.","97","na","48","8","16","2","7","6","","184"
"SE10g.3","2022","People entering prison with a family history of incarceration","18+ years old","All people","Indigenous status not stated","All areas","People entering prison who participated in the data collection","","","","","Number","","","AIHW The Health of People in Australia's Prisons","no.","1","na","1","0","1","1","0","0","","4"
"SE10g.3","2022","People entering prison with a family history of incarceration","18+ years old","All people","All people","All areas","People entering prison who participated in the data collection","","","","","Number","","","AIHW The Health of People in Australia's Prisons","no.","160","na","70","30","33","6","10","62","","371"
"SE10g.3","2018","People entering prison with a family history of incarceration","18+ years old","All people","Aboriginal and Torres Strait Islander people","All areas","Prison entrants who had at least one parent/carer in prison during their childhood","","","","","Proportion of prison entrants","","","AIHW The health of Australia's prisoners","%","np","np","np","np","np","np","np","np","","31.5"
"SE10g.3","2018","People entering prison with a family history of incarceration","18+ years old","All people","Non-Indigenous people","All areas","Prison entrants who had at least one parent/carer in prison during their childhood","","","","","Proportion of prison entrants","","","AIHW The health of Australia's prisoners","%","np","np","np","np","np","np","np","np","","10.6"
"SE10g.3","2018","People entering prison with a family history of incarceration","18+ years old","All people","All people","All areas","Prison entrants who had at least one parent/carer in prison during their childhood","","","","","Proportion of prison entrants","","","AIHW The health of Australia's prisoners","%","na","10.1","20.0","23.8","13.1","9.5","17.1","26.0","","18.4"
"SE10g.3","2018","People entering prison with a family history of incarceration","18+ years old","All people","Aboriginal and Torres Strait Islander people","All areas","Prison entrants who had at least one parent/carer in prison during their childhood","","","","","Number","","","AIHW The health of Australia's prisoners","no.","np","np","np","np","np","np","np","np","","97"
"SE10g.3","2018","People entering prison with a family history of incarceration","18+ years old","All people","Non-Indigenous people","All areas","Prison entrants who had at least one parent/carer in prison during their childhood","","","","","Number","","","AIHW The health of Australia's prisoners","no.","np","np","np","np","np","np","np","np","","51"
"SE10g.3","2018","People entering prison with a family history of incarceration","18+ years old","All people","All people","All areas","Prison entrants who had at least one parent/carer in prison during their childhood","","","","","Number","","","AIHW The health of Australia's prisoners","no.","na","9","48","50","18","4","6","13","","148"
"SE10g.3","2018","People entering prison with a family history of incarceration","18+ years old","All people","Aboriginal and Torres Strait Islander people","All areas","People entering prison who participated in the data collection","","","","","Number","","","AIHW The health of Australia's prisoners","no.","na","6","102","88","47","7","9","49","","308"
"SE10g.3","2018","People entering prison with a family history of incarceration","18+ years old","All people","Non-Indigenous people","All areas","People entering prison who participated in the data collection","","","","","Number","","","AIHW The health of Australia's prisoners","no.","na","80","135","121","86","33","25","1","","481"
"SE10g.3","2018","People entering prison with a family history of incarceration","18+ years old","All people","Indigenous status not stated","All areas","People entering prison who participated in the data collection","","","","","Number","","","AIHW The health of Australia's prisoners","no.","na","3","3","1","4","2","1","0","","14"
"SE10g.3","2018","People entering prison with a family history of incarceration","18+ years old","All people","All people","All areas","People entering prison who participated in the data collection","","","","","Number","","","AIHW The health of Australia's prisoners","no.","na","89","240","210","137","42","35","50","","803"
"SE10g.4","2022","People with paid employment within two weeks of release from prison","18+ years old","All people","Aboriginal and Torres Strait Islander people","All areas","Prison dischargees who had paid employment organised to start within 2 weeks of release","","","","","Proportion of prison dischargees","","","AIHW The Health of People in Australia's Prisons","%","np","np","np","np","np","np","np","np","","38.5"
"SE10g.4","2022","People with paid employment within two weeks of release from prison","18+ years old","All people","Non-Indigenous people","All areas","Prison dischargees who had paid employment organised to start within 2 weeks of release","","","","","Proportion of prison dischargees","","","AIHW The Health of People in Australia's Prisons","%","np","np","np","np","np","np","np","np","","37.3"
"SE10g.4","2022","People with paid employment within two weeks of release from prison","18+ years old","All people","All people","All areas","Prison dischargees who had paid employment organised to start within 2 weeks of release","","","","","Proportion of prison dischargees","","","AIHW The Health of People in Australia's Prisons","%","35.8","na","47.5","46.0","26.0","40.0","25.0","45.6","","37.8"
"SE10g.4","2022","People with paid employment within two weeks of release from prison","18+ years old","All people","Aboriginal and Torres Strait Islander people","All areas","Prison dischargees who had paid employment organised to start within 2 weeks of release","","","","","Number","","","AIHW The Health of People in Australia's Prisons","no.","np","np","np","np","np","np","np","np","","77"
"SE10g.4","2022","People with paid employment within two weeks of release from prison","18+ years old","All people","Non-Indigenous people","All areas","Prison dischargees who had paid employment organised to start within 2 weeks of release","","","","","Number","","","AIHW The Health of People in Australia's Prisons","no.","np","np","np","np","np","np","np","np","","86"
"SE10g.4","2022","People with paid employment within two weeks of release from prison","18+ years old","All people","All people","All areas","Prison dischargees who had paid employment organised to start within 2 weeks of release","","","","","Number","","","AIHW The Health of People in Australia's Prisons","no.","81","na","9","23","13","4","2","31","","163"
"SE10g.4","2022","People with paid employment within two weeks of release from prison","18+ years old","All people","Aboriginal and Torres Strait Islander people","All areas","People discharged from prison who participated in the data collection","","","","","Number","","","AIHW The Health of People in Australia's Prisons","no.","81","na","7","33","17","2","0","60","","200"
"SE10g.4","2022","People with paid employment within two weeks of release from prison","18+ years old","All people","Non-Indigenous people","All areas","People discharged from prison who participated in the data collection","","","","","Number","","","AIHW The Health of People in Australia's Prisons","no.","145","na","12","17","33","8","8","8","","231"
"SE10g.4","2022","People with paid employment within two weeks of release from prison","18+ years old","All people","Indigenous status not stated","All areas","People discharged from prison who participated in the data collection","","","","","Number","","","AIHW The Health of People in Australia's Prisons","no.","0","na","0","0","0","0","0","0","","0"
"SE10g.4","2022","People with paid employment within two weeks of release from prison","18+ years old","All people","All people","All areas","People discharged from prison who participated in the data collection","","","","","Number","","","AIHW The Health of People in Australia's Prisons","no.","226","na","19","50","50","10","8","68","","431"
"SE10g.4","2018","People with paid employment within two weeks of release from prison","18+ years old","All people","Aboriginal and Torres Strait Islander people","All areas","Prison dischargees who had paid employment organised to start within 2 weeks of release","","","","","Proportion of prison dischargees","","","AIHW The health of Australia's prisoners","%","np","np","np","np","np","np","np","np","","16.5"
"SE10g.4","2018","People with paid employment within two weeks of release from prison","18+ years old","All people","Non-Indigenous people","All areas","Prison dischargees who had paid employment organised to start within 2 weeks of release","","","","","Proportion of prison dischargees","","","AIHW The health of Australia's prisoners","%","np","np","np","np","np","np","np","np","","27.0"
"SE10g.4","2018","People with paid employment within two weeks of release from prison","18+ years old","All people","All people","All areas","Prison dischargees who had paid employment organised to start within 2 weeks of release","","","","","Proportion of prison dischargees","","","AIHW The health of Australia's prisoners","%","na","30.1","16.5","19.2","21.9","12.5","26.7","26.9","","22.4"
"SE10g.4","2018","People with paid employment within two weeks of release from prison","18+ years old","All people","Aboriginal and Torres Strait Islander people","All areas","Prison dischargees who had paid employment organised to start within 2 weeks of release","","","","","Number","","","AIHW The health of Australia's prisoners","no.","np","np","np","np","np","np","np","np","","21"
"SE10g.4","2018","People with paid employment within two weeks of release from prison","18+ years old","All people","Non-Indigenous people","All areas","Prison dischargees who had paid employment organised to start within 2 weeks of release","","","","","Number","","","AIHW The health of Australia's prisoners","no.","np","np","np","np","np","np","np","np","","54"
"SE10g.4","2018","People with paid employment within two weeks of release from prison","18+ years old","All people","All people","All areas","Prison dischargees who had paid employment organised to start within 2 weeks of release","","","","","Number","","","AIHW The health of Australia's prisoners","no.","na","25","13","10","14","2","4","7","","75"
"SE10g.4","2018","People with paid employment within two weeks of release from prison","18+ years old","All people","Aboriginal and Torres Strait Islander people","All areas","People discharged from prison who participated in the data collection","","","","","Number","","","AIHW The health of Australia's prisoners","no.","na","8","36","29","19","5","4","26","","127"
"SE10g.4","2018","People with paid employment within two weeks of release from prison","18+ years old","All people","Non-Indigenous people","All areas","People discharged from prison who participated in the data collection","","","","","Number","","","AIHW The health of Australia's prisoners","no.","na","75","43","23","41","9","9","0","","200"
"SE10g.4","2018","People with paid employment within two weeks of release from prison","18+ years old","All people","Indigenous status not stated","All areas","People discharged from prison who participated in the data collection","","","","","Number","","","AIHW The health of Australia's prisoners","no.","na","0","0","0","4","2","2","0","","8"
"SE10g.4","2018","People with paid employment within two weeks of release from prison","18+ years old","All people","All people","All areas","People discharged from prison who participated in the data collection","","","","","Number","","","AIHW The health of Australia's prisoners","no.","na","83","79","52","64","16","15","26","","335"
"SE10g.5","2022","People discharged from prison who were physically assaulted or attacked by another prisoner in prison","18+ years old","All people","Aboriginal and Torres Strait Islander people","All areas","Prison dischargees physically assaulted or attacked by another prisoner in prison","","","","","Proportion of prison dischargees","","","AIHW The Health of People in Australia's Prisons","%","np","np","np","np","np","np","np","np","","8.5"
"SE10g.5","2022","People discharged from prison who were physically assaulted or attacked by another prisoner in prison","18+ years old","All people","Non-Indigenous people","All areas","Prison dischargees physically assaulted or attacked by another prisoner in prison","","","","","Proportion of prison dischargees","","","AIHW The Health of People in Australia's Prisons","%","np","np","np","np","np","np","np","np","","17.3"
"SE10g.5","2022","People discharged from prison who were physically assaulted or attacked by another prisoner in prison","18+ years old","All people","All people","All areas","Prison dischargees physically assaulted or attacked by another prisoner in prison","","","","","Proportion of prison dischargees","","","AIHW The Health of People in Australia's Prisons","%","17.3","na","15.8","14.0","10.0","0","12.5","2.9","","13.2"
"SE10g.5","2022","People discharged from prison who were physically assaulted or attacked by another prisoner in prison","18+ years old","All people","Aboriginal and Torres Strait Islander people","All areas","Prison dischargees physically assaulted or attacked by another prisoner in prison","","","","","Number","","","AIHW The Health of People in Australia's Prisons","no.","np","np","np","np","np","np","np","np","","17"
"SE10g.5","2022","People discharged from prison who were physically assaulted or attacked by another prisoner in prison","18+ years old","All people","Non-Indigenous people","All areas","Prison dischargees physically assaulted or attacked by another prisoner in prison","","","","","Number","","","AIHW The Health of People in Australia's Prisons","no.","np","np","np","np","np","np","np","np","","40"
"SE10g.5","2022","People discharged from prison who were physically assaulted or attacked by another prisoner in prison","18+ years old","All people","All people","All areas","Prison dischargees physically assaulted or attacked by another prisoner in prison","","","","","Number","","","AIHW The Health of People in Australia's Prisons","no.","39","na","3","7","5","0","1","2","","57"
"SE10g.5","2022","People discharged from prison who were physically assaulted or attacked by another prisoner in prison","18+ years old","All people","Aboriginal and Torres Strait Islander people","All areas","People discharged from prison who participated in the data collection","","","","","Number","","","AIHW The Health of People in Australia's Prisons","no.","81","na","7","33","17","2","0","60","","200"
"SE10g.5","2022","People discharged from prison who were physically assaulted or attacked by another prisoner in prison","18+ years old","All people","Non-Indigenous people","All areas","People discharged from prison who participated in the data collection","","","","","Number","","","AIHW The Health of People in Australia's Prisons","no.","145","na","12","17","33","8","8","8","","231"
"SE10g.5","2022","People discharged from prison who were physically assaulted or attacked by another prisoner in prison","18+ years old","All people","Indigenous status not stated","All areas","People discharged from prison who participated in the data collection","","","","","Number","","","AIHW The Health of People in Australia's Prisons","no.","0","na","0","0","0","0","0","0","","0"
"SE10g.5","2022","People discharged from prison who were physically assaulted or attacked by another prisoner in prison","18+ years old","All people","All people","All areas","People discharged from prison who participated in the data collection","","","","","Number","","","AIHW The Health of People in Australia's Prisons","no.","226","na","19","50","50","10","8","68","","431"
"SE10g.5","2018","People discharged from prison who were physically assaulted or attacked by another prisoner in prison","18+ years old","All people","Aboriginal and Torres Strait Islander people","All areas","Prison dischargees physically assaulted or attacked by another prisoner in prison","","","","","Proportion of prison dischargees","","","AIHW The health of Australia's prisoners","%","np","np","np","np","np","np","np","np","","8.7"
"SE10g.5","2018","People discharged from prison who were physically assaulted or attacked by another prisoner in prison","18+ years old","All people","Non-Indigenous people","All areas","Prison dischargees physically assaulted or attacked by another prisoner in prison","","","","","Proportion of prison dischargees","","","AIHW The health of Australia's prisoners","%","np","np","np","np","np","np","np","np","","12.5"
"SE10g.5","2018","People discharged from prison who were physically assaulted or attacked by another prisoner in prison","18+ years old","All people","All people","All areas","Prison dischargees physically assaulted or attacked by another prisoner in prison","","","","","Proportion of prison dischargees","","","AIHW The health of Australia's prisoners","%","na","3.6","12.7","13.5","10.9","6.3","46.7","3.8","","10.7"
"SE10g.5","2018","People discharged from prison who were physically assaulted or attacked by another prisoner in prison","18+ years old","All people","Aboriginal and Torres Strait Islander people","All areas","Prison dischargees physically assaulted or attacked by another prisoner in prison","","","","","Number","","","AIHW The health of Australia's prisoners","no.","np","np","np","np","np","np","np","np","","11"
"SE10g.5","2018","People discharged from prison who were physically assaulted or attacked by another prisoner in prison","18+ years old","All people","Non-Indigenous people","All areas","Prison dischargees physically assaulted or attacked by another prisoner in prison","","","","","Number","","","AIHW The health of Australia's prisoners","no.","np","np","np","np","np","np","np","np","","25"
"SE10g.5","2018","People discharged from prison who were physically assaulted or attacked by another prisoner in prison","18+ years old","All people","All people","All areas","Prison dischargees physically assaulted or attacked by another prisoner in prison","","","","","Number","","","AIHW The health of Australia's prisoners","no.","na","3","10","7","7","1","7","1","","36"
"SE10g.5","2018","People discharged from prison who were physically assaulted or attacked by another prisoner in prison","18+ years old","All people","Aboriginal and Torres Strait Islander people","All areas","People discharged from prison who participated in the data collection","","","","","Number","","","AIHW The health of Australia's prisoners","no.","na","8","36","29","19","5","4","26","","127"
"SE10g.5","2018","People discharged from prison who were physically assaulted or attacked by another prisoner in prison","18+ years old","All people","Non-Indigenous people","All areas","People discharged from prison who participated in the data collection","","","","","Number","","","AIHW The health of Australia's prisoners","no.","na","75","43","23","41","9","9","0","","200"
"SE10g.5","2018","People discharged from prison who were physically assaulted or attacked by another prisoner in prison","18+ years old","All people","Indigenous status not stated","All areas","People discharged from prison who participated in the data collection","","","","","Number","","","AIHW The health of Australia's prisoners","no.","na","0","0","0","4","2","2","0","","8"
"SE10g.5","2018","People discharged from prison who were physically assaulted or attacked by another prisoner in prison","18+ years old","All people","All people","All areas","People discharged from prison who participated in the data collection","","","","","Number","","","AIHW The health of Australia's prisoners","no.","na","83","79","52","64","16","15","26","","335"
"SE10j.1","2025","Time on remand","18+ years old","All people","Aboriginal and Torres Strait Islander people","All areas","Time on remand","Median","","","","Number (months)","","","ABS (unpublished) Prisoners in Australia","no.","2.8","2.9","3.4","3.3","2.1","2.4","2.5","3.0","","3.0"
"SE10j.1","2025","Time on remand","18+ years old","All people","Aboriginal and Torres Strait Islander people","All areas","Time on remand","90th percentile","","","","Number (months)","","","ABS (unpublished) Prisoners in Australia","no.","12.4","11.8","13.3","10.8","11.6","7.5","15.1","8.9","","11.7"
"SE10j.1","2025","Time on remand","18+ years old","All people","Non-Indigenous people","All areas","Time on remand","Median","","","","Number (months)","","","ABS (unpublished) Prisoners in Australia","no.","3.8","3.4","4.4","3.7","3.2","2.7","4.0","3.7","","3.8"
"SE10j.1","2025","Time on remand","18+ years old","All people","Non-Indigenous people","All areas","Time on remand","90th percentile","","","","Number (months)","","","ABS (unpublished) Prisoners in Australia","no.","16.7","15.1","16.7","15.3","16.8","16.5","18.8","14.9","","16.2"
"SE10j.1","2024","Time on remand","18+ years old","All people","Aboriginal and Torres Strait Islander people","All areas","Time on remand","Median","","","","Number (months)","","","ABS (unpublished) Prisoners in Australia","no.","2.5","3.7","3.5","3.0","2.7","2.1","3.3","2.8","","2.9"
"SE10j.1","2024","Time on remand","18+ years old","All people","Aboriginal and Torres Strait Islander people","All areas","Time on remand","90th percentile","","","","Number (months)","","","ABS (unpublished) Prisoners in Australia","no.","13.0","15.1","13.6","11.6","11.8","15.4","12.1","10.1","","12.6"
"SE10j.1","2024","Time on remand","18+ years old","All people","Non-Indigenous people","All areas","Time on remand","Median","","","","Number (months)","","","ABS (unpublished) Prisoners in Australia","no.","3.3","3.6","4.0","3.6","2.9","2.2","4.2","4.0","","3.5"
"SE10j.1","2024","Time on remand","18+ years old","All people","Non-Indigenous people","All areas","Time on remand","90th percentile","","","","Number (months)","","","ABS (unpublished) Prisoners in Australia","no.","16.4","17.6","16.2","14.7","17.5","13.2","13.3","14.4","","16.2"
"SE10j.1","2023","Time on remand","18+ years old","All people","Aboriginal and Torres Strait Islander people","All areas","Time on remand","Median","","","","Number (months)","","","ABS (unpublished) Prisoners in Australia","no.","3.3","3.0","3.3","3.1","2.6","3.1","2.1","2.6","","3.1"
"SE10j.1","2023","Time on remand","18+ years old","All people","Aboriginal and Torres Strait Islander people","All areas","Time on remand","90th percentile","","","","Number (months)","","","ABS (unpublished) Prisoners in Australia","no.","14.0","13.6","12.3","11.4","15.9","13.7","8.4","9.1","","12.3"
"SE10j.1","2023","Time on remand","18+ years old","All people","Non-Indigenous people","All areas","Time on remand","Median","","","","Number (months)","","","ABS (unpublished) Prisoners in Australia","no.","4.0","3.3","4.1","4.0","3.3","2.4","2.8","3.4","","3.8"
"SE10j.1","2023","Time on remand","18+ years old","All people","Non-Indigenous people","All areas","Time on remand","90th percentile","","","","Number (months)","","","ABS (unpublished) Prisoners in Australia","no.","16.3","17.5","15.5","15.9","21.3","13.7","11.6","17.3","","16.5"
"SE10j.1","2022","Time on remand","18+ years old","All people","Aboriginal and Torres Strait Islander people","All areas","Time on remand","Median","","","","Number (months)","","","ABS (unpublished) Prisoners in Australia","no.","3.3","3.1","3.3","3.3","2.7","2.7","1.9","2.7","","3.1"
"SE10j.1","2022","Time on remand","18+ years old","All people","Aboriginal and Torres Strait Islander people","All areas","Time on remand","90th percentile","","","","Number (months)","","","ABS (unpublished) Prisoners in Australia","no.","14.0","15.6","11.9","13.0","13.1","11.4","12.9","9.8","","12.8"
"SE10j.1","2022","Time on remand","18+ years old","All people","Non-Indigenous people","All areas","Time on remand","Median","","","","Number (months)","","","ABS (unpublished) Prisoners in Australia","no.","4.0","3.1","3.9","4.1","3.6","2.0","2.4","4.1","","3.7"
"SE10j.1","2022","Time on remand","18+ years old","All people","Non-Indigenous people","All areas","Time on remand","90th percentile","","","","Number (months)","","","ABS (unpublished) Prisoners in Australia","no.","16.6","16.5","17.0","16.6","18.7","11.7","7.2","12.1","","16.8"
"SE10j.1","2021","Time on remand","18+ years old","All people","Aboriginal and Torres Strait Islander people","All areas","Time on remand","Median","","","","Number (months)","","","ABS (unpublished) Prisoners in Australia","no.","3.3","3.3","3.1","3.5","2.6","2.3","2.9","2.4","","3.1"
"SE10j.1","2021","Time on remand","18+ years old","All people","Aboriginal and Torres Strait Islander people","All areas","Time on remand","90th percentile","","","","Number (months)","","","ABS (unpublished) Prisoners in Australia","no.","13.1","16.0","14.0","13.1","12.9","15.1","8.3","8.7","","12.8"
"SE10j.1","2021","Time on remand","18+ years old","All people","Non-Indigenous people","All areas","Time on remand","Median","","","","Number (months)","","","ABS (unpublished) Prisoners in Australia","no.","3.9","2.9","4.4","3.8","3.0","1.9","1.7","3.3","","3.5"
"SE10j.1","2021","Time on remand","18+ years old","All people","Non-Indigenous people","All areas","Time on remand","90th percentile","","","","Number (months)","","","ABS (unpublished) Prisoners in Australia","no.","15.0","16.1","16.1","15.7","15.0","13.3","10.5","11.4","","15.4"
"SE10j.1","2020","Time on remand","18+ years old","All people","Aboriginal and Torres Strait Islander people","All areas","Time on remand","Median","","","","Number (months)","","","ABS (unpublished) Prisoners in Australia","no.","2.9","3.0","3.6","4.1","2.5","2.3","2.3","2.0","","3.0"
"SE10j.1","2020","Time on remand","18+ years old","All people","Aboriginal and Torres Strait Islander people","All areas","Time on remand","90th percentile","","","","Number (months)","","","ABS (unpublished) Prisoners in Australia","no.","13.0","13.6","12.4","13.1","12.1","8.4","10.7","6.4","","12.3"
"SE10j.1","2020","Time on remand","18+ years old","All people","Non-Indigenous people","All areas","Time on remand","Median","","","","Number (months)","","","ABS (unpublished) Prisoners in Australia","no.","3.8","3.0","4.4","4.2","2.6","1.8","2.7","3.9","","3.6"
"SE10j.1","2020","Time on remand","18+ years old","All people","Non-Indigenous people","All areas","Time on remand","90th percentile","","","","Number (months)","","","ABS (unpublished) Prisoners in Australia","no.","15.9","15.2","16.2","15.7","12.1","10.5","8.0","11.2","","15.3"
"SE10j.1","2019","Time on remand","18+ years old","All people","Aboriginal and Torres Strait Islander people","All areas","Time on remand","Median","","","","Number (months)","","","ABS (unpublished) Prisoners in Australia","no.","2.7","2.2","3.3","3.4","2.0","2.1","3.3","1.8","","2.7"
"SE10j.1","2019","Time on remand","18+ years old","All people","Aboriginal and Torres Strait Islander people","All areas","Time on remand","90th percentile","","","","Number (months)","","","ABS (unpublished) Prisoners in Australia","no.","11.5","9.2","12.3","11.7","7.9","7.6","7.8","6.5","","10.9"
"SE10j.1","2019","Time on remand","18+ years old","All people","Non-Indigenous people","All areas","Time on remand","Median","","","","Number (months)","","","ABS (unpublished) Prisoners in Australia","no.","4.0","2.8","4.1","3.5","2.4","1.7","2.4","3.9","","3.4"
"SE10j.1","2019","Time on remand","18+ years old","All people","Non-Indigenous people","All areas","Time on remand","90th percentile","","","","Number (months)","","","ABS (unpublished) Prisoners in Australia","no.","18.1","12.8","15.6","13.0","11.9","9.3","8.9","12.2","","15.3"
"SE10j.1","2018","Time on remand","18+ years old","All people","Aboriginal and Torres Strait Islander people","All areas","Time on remand","Median","","","","Number (months)","","","ABS (unpublished) Prisoners in Australia","no.","3.2","1.9","2.8","3.0","2.5","1.3","3.6","2.0","","2.7"
"SE10j.1","2018","Time on remand","18+ years old","All people","Aboriginal and Torres Strait Islander people","All areas","Time on remand","90th percentile","","","","Number (months)","","","ABS (unpublished) Prisoners in Australia","no.","15.1","8.6","10.2","11.1","11.8","12.7","8.6","6.8","","11.4"
"SE10j.1","2018","Time on remand","18+ years old","All people","Non-Indigenous people","All areas","Time on remand","Median","","","","Number (months)","","","ABS (unpublished) Prisoners in Australia","no.","4.0","2.6","3.8","3.8","2.5","1.5","2.5","3.0","","3.4"
"SE10j.1","2018","Time on remand","18+ years old","All people","Non-Indigenous people","All areas","Time on remand","90th percentile","","","","Number (months)","","","ABS (unpublished) Prisoners in Australia","no.","18.1","12.7","16.6","14.4","12.2","12.4","8.0","9.4","","15.4"
